Enrollment_ID,Student_ID,Program_ID,Enrollment_Date,Enrollment_Status,Payment_Status,Amount_Paid
ENR0000001,STU000003,PRG004,2025-04-07,Completed,Fully Paid,27999
ENR0000002,STU000004,PRG011,2024-09-16,Completed,Fully Paid,3999
ENR0000003,STU000010,PRG011,2025-07-22,Completed,Fully Paid,3999
ENR0000004,STU000015,PRG006,2025-05-27,Completed,Fully Paid,12999
ENR0000005,STU000017,PRG004,2024-10-27,Dropped,Pending,0
ENR0000006,STU000020,PRG010,2024-09-28,In Progress,Fully Paid,5999
ENR0000007,STU000022,PRG008,2025-09-17,Completed,Fully Paid,9999
ENR0000008,STU000030,PRG009,2025-09-14,Completed,Fully Paid,4999
ENR0000009,STU000031,PRG010,2025-12-07,Completed,Fully Paid,5999
ENR0000010,STU000033,PRG006,2024-07-21,Completed,Fully Paid,12999
ENR0000011,STU000036,PRG001,2025-11-15,Completed,Partially Paid,16010
ENR0000012,STU000040,PRG007,2025-06-15,Completed,Pending,0
ENR0000013,STU000041,PRG010,2025-03-19,Completed,Fully Paid,5999
ENR0000014,STU000043,PRG003,2024-08-12,Completed,Fully Paid,32999
ENR0000015,STU000047,PRG003,2024-07-30,Completed,Partially Paid,12766
ENR0000016,STU000053,PRG012,2025-06-02,Completed,Fully Paid,21999
ENR0000017,STU000055,PRG003,2024-05-12,Completed,Fully Paid,32999
ENR0000018,STU000064,PRG001,2024-06-08,Completed,Fully Paid,24999
ENR0000019,STU000066,PRG006,2024-11-05,Completed,Fully Paid,12999
ENR0000020,STU000074,PRG007,2024-10-28,Completed,Partially Paid,5856
ENR0000021,STU000076,PRG009,2024-03-15,Completed,Fully Paid,4999
ENR0000022,STU000080,PRG001,2025-06-04,Completed,Fully Paid,24999
ENR0000023,STU000083,PRG005,2025-04-13,Completed,Partially Paid,9309
ENR0000024,STU000085,PRG010,2024-02-13,Completed,Fully Paid,5999
ENR0000025,STU000089,PRG001,2025-04-07,Completed,Fully Paid,24999
ENR0000026,STU000090,PRG007,2024-07-26,Completed,Fully Paid,17999
ENR0000027,STU000093,PRG002,2024-02-28,Completed,Fully Paid,19999
ENR0000028,STU000094,PRG001,2025-04-08,Completed,Fully Paid,24999
ENR0000029,STU000095,PRG009,2025-05-27,Completed,Fully Paid,4999
ENR0000030,STU000097,PRG008,2024-03-11,Completed,Fully Paid,9999
ENR0000031,STU000102,PRG009,2025-12-31,In Progress,Fully Paid,4999
ENR0000032,STU000104,PRG003,2025-05-11,Dropped,Fully Paid,32999
ENR0000033,STU000109,PRG003,2025-07-12,Completed,Fully Paid,32999
ENR0000034,STU000111,PRG003,2024-10-23,Completed,Fully Paid,32999
ENR0000035,STU000112,PRG010,2024-07-24,Dropped,Fully Paid,5999
ENR0000036,STU000117,PRG009,2025-09-09,Dropped,Refunded,0
ENR0000037,STU000121,PRG002,2025-06-19,Completed,Fully Paid,19999
ENR0000038,STU000127,PRG012,2024-10-18,Completed,Fully Paid,21999
ENR0000039,STU000135,PRG003,2024-02-18,Dropped,Fully Paid,32999
ENR0000040,STU000140,PRG011,2024-10-13,Completed,Fully Paid,3999
ENR0000041,STU000143,PRG008,2024-10-27,In Progress,Fully Paid,9999
ENR0000042,STU000145,PRG001,2024-08-15,Completed,Partially Paid,12437
ENR0000043,STU000152,PRG010,2025-12-31,Completed,Fully Paid,5999
ENR0000044,STU000154,PRG001,2024-09-19,In Progress,Fully Paid,24999
ENR0000045,STU000155,PRG006,2025-06-20,Completed,Fully Paid,12999
ENR0000046,STU000156,PRG007,2025-06-18,Completed,Fully Paid,17999
ENR0000047,STU000157,PRG009,2024-03-09,Completed,Partially Paid,2000
ENR0000048,STU000162,PRG003,2024-02-05,Dropped,Fully Paid,32999
ENR0000049,STU000163,PRG008,2025-08-25,Completed,Fully Paid,9999
ENR0000050,STU000172,PRG007,2025-04-28,Completed,Partially Paid,12033
ENR0000051,STU000173,PRG009,2025-02-08,Completed,Fully Paid,4999
ENR0000052,STU000176,PRG005,2024-11-18,Dropped,Fully Paid,14999
ENR0000053,STU000177,PRG002,2025-10-29,Completed,Fully Paid,19999
ENR0000054,STU000178,PRG010,2024-12-19,Completed,Pending,0
ENR0000055,STU000181,PRG004,2025-07-29,Completed,Partially Paid,14176
ENR0000056,STU000190,PRG002,2025-07-03,Completed,Partially Paid,12938
ENR0000057,STU000193,PRG003,2025-03-23,Completed,Refunded,0
ENR0000058,STU000198,PRG011,2025-12-31,Completed,Fully Paid,3999
ENR0000059,STU000201,PRG002,2025-07-02,Completed,Fully Paid,19999
ENR0000060,STU000204,PRG010,2024-09-16,Completed,Fully Paid,5999
ENR0000061,STU000209,PRG010,2025-04-15,Completed,Fully Paid,5999
ENR0000062,STU000212,PRG009,2024-09-18,Dropped,Refunded,0
ENR0000063,STU000213,PRG001,2025-09-14,Completed,Fully Paid,24999
ENR0000064,STU000218,PRG005,2024-10-12,Completed,Fully Paid,14999
ENR0000065,STU000225,PRG002,2025-06-22,Completed,Fully Paid,19999
ENR0000066,STU000227,PRG009,2024-08-19,Completed,Fully Paid,4999
ENR0000067,STU000229,PRG003,2025-10-30,Completed,Fully Paid,32999
ENR0000068,STU000236,PRG001,2025-12-06,Completed,Partially Paid,9581
ENR0000069,STU000244,PRG009,2025-02-17,Completed,Fully Paid,4999
ENR0000070,STU000246,PRG010,2025-09-07,Completed,Pending,0
ENR0000071,STU000249,PRG005,2024-09-22,Completed,Fully Paid,14999
ENR0000072,STU000250,PRG008,2025-04-06,Completed,Fully Paid,9999
ENR0000073,STU000257,PRG005,2024-12-03,Dropped,Pending,0
ENR0000074,STU000258,PRG010,2024-09-04,Completed,Fully Paid,5999
ENR0000075,STU000259,PRG001,2025-09-12,Completed,Partially Paid,16365
ENR0000076,STU000260,PRG011,2024-12-06,Completed,Fully Paid,3999
ENR0000077,STU000261,PRG002,2025-05-10,Completed,Fully Paid,19999
ENR0000078,STU000265,PRG009,2024-11-22,In Progress,Fully Paid,4999
ENR0000079,STU000268,PRG003,2024-08-22,Completed,Fully Paid,32999
ENR0000080,STU000269,PRG002,2025-09-11,Completed,Fully Paid,19999
ENR0000081,STU000272,PRG003,2025-06-18,Completed,Fully Paid,32999
ENR0000082,STU000273,PRG010,2025-06-13,Dropped,Fully Paid,5999
ENR0000083,STU000274,PRG012,2025-08-03,Completed,Fully Paid,21999
ENR0000084,STU000275,PRG009,2024-11-22,Completed,Fully Paid,4999
ENR0000085,STU000276,PRG002,2025-01-20,Dropped,Fully Paid,19999
ENR0000086,STU000277,PRG011,2024-09-22,Completed,Fully Paid,3999
ENR0000087,STU000278,PRG009,2024-04-12,Completed,Partially Paid,2376
ENR0000088,STU000282,PRG010,2025-07-07,Completed,Fully Paid,5999
ENR0000089,STU000284,PRG010,2024-10-10,Completed,Fully Paid,5999
ENR0000090,STU000285,PRG007,2025-09-17,Completed,Partially Paid,6449
ENR0000091,STU000291,PRG002,2024-10-16,Completed,Fully Paid,19999
ENR0000092,STU000292,PRG009,2025-07-21,Completed,Fully Paid,4999
ENR0000093,STU000296,PRG005,2025-11-20,Completed,Fully Paid,14999
ENR0000094,STU000297,PRG009,2025-06-05,Completed,Fully Paid,4999
ENR0000095,STU000299,PRG009,2024-08-05,Completed,Partially Paid,2404
ENR0000096,STU000300,PRG005,2024-10-03,Completed,Fully Paid,14999
ENR0000097,STU000312,PRG004,2025-01-19,Completed,Partially Paid,14345
ENR0000098,STU000316,PRG009,2024-11-02,Completed,Partially Paid,2483
ENR0000099,STU000325,PRG010,2025-09-08,Completed,Pending,0
ENR0000100,STU000326,PRG006,2025-06-29,Completed,Fully Paid,12999
ENR0000101,STU000328,PRG005,2024-03-17,Completed,Fully Paid,14999
ENR0000102,STU000330,PRG010,2024-06-12,Completed,Partially Paid,3881
ENR0000103,STU000331,PRG009,2025-03-03,Completed,Fully Paid,4999
ENR0000104,STU000345,PRG004,2024-02-07,Completed,Fully Paid,27999
ENR0000105,STU000355,PRG006,2024-08-04,Completed,Fully Paid,12999
ENR0000106,STU000361,PRG001,2024-05-11,Completed,Partially Paid,7872
ENR0000107,STU000362,PRG005,2025-10-29,Completed,Fully Paid,14999
ENR0000108,STU000363,PRG009,2024-02-13,Dropped,Partially Paid,2057
ENR0000109,STU000364,PRG004,2024-11-03,Completed,Fully Paid,27999
ENR0000110,STU000366,PRG011,2025-02-15,Completed,Fully Paid,3999
ENR0000111,STU000375,PRG005,2025-09-30,Completed,Partially Paid,7636
ENR0000112,STU000376,PRG001,2025-06-07,Completed,Fully Paid,24999
ENR0000113,STU000379,PRG001,2024-04-09,Completed,Fully Paid,24999
ENR0000114,STU000380,PRG007,2025-04-05,Completed,Fully Paid,17999
ENR0000115,STU000381,PRG001,2024-08-12,Completed,Fully Paid,24999
ENR0000116,STU000384,PRG010,2025-10-01,Completed,Fully Paid,5999
ENR0000117,STU000385,PRG001,2024-07-26,Completed,Fully Paid,24999
ENR0000118,STU000386,PRG007,2025-02-07,In Progress,Partially Paid,11033
ENR0000119,STU000388,PRG001,2024-10-16,Completed,Fully Paid,24999
ENR0000120,STU000398,PRG010,2024-10-16,In Progress,Fully Paid,5999
ENR0000121,STU000401,PRG010,2024-05-25,Completed,Fully Paid,5999
ENR0000122,STU000403,PRG001,2025-12-20,Completed,Fully Paid,24999
ENR0000123,STU000405,PRG009,2025-07-14,Completed,Pending,0
ENR0000124,STU000409,PRG002,2024-12-30,Completed,Partially Paid,12768
ENR0000125,STU000410,PRG002,2025-06-19,Completed,Fully Paid,19999
ENR0000126,STU000429,PRG005,2025-09-20,Completed,Partially Paid,8840
ENR0000127,STU000438,PRG002,2025-10-04,In Progress,Partially Paid,8620
ENR0000128,STU000440,PRG010,2025-02-07,Dropped,Fully Paid,5999
ENR0000129,STU000442,PRG011,2025-08-28,Completed,Pending,0
ENR0000130,STU000443,PRG009,2024-08-22,Completed,Pending,0
ENR0000131,STU000453,PRG002,2025-02-14,Completed,Fully Paid,19999
ENR0000132,STU000454,PRG008,2025-12-05,Completed,Fully Paid,9999
ENR0000133,STU000461,PRG005,2024-12-25,Completed,Fully Paid,14999
ENR0000134,STU000462,PRG010,2025-10-31,Completed,Partially Paid,3218
ENR0000135,STU000467,PRG005,2024-10-13,Completed,Fully Paid,14999
ENR0000136,STU000475,PRG009,2025-11-14,Completed,Fully Paid,4999
ENR0000137,STU000477,PRG008,2025-08-18,Completed,Fully Paid,9999
ENR0000138,STU000487,PRG009,2024-10-14,Completed,Fully Paid,4999
ENR0000139,STU000489,PRG005,2025-02-22,Dropped,Partially Paid,9837
ENR0000140,STU000491,PRG007,2025-04-28,Completed,Partially Paid,9160
ENR0000141,STU000492,PRG010,2024-07-04,Completed,Fully Paid,5999
ENR0000142,STU000494,PRG001,2025-11-12,Completed,Fully Paid,24999
ENR0000143,STU000495,PRG003,2025-08-07,Completed,Refunded,0
ENR0000144,STU000499,PRG002,2024-09-05,Completed,Fully Paid,19999
ENR0000145,STU000501,PRG010,2025-04-15,Completed,Fully Paid,5999
ENR0000146,STU000505,PRG011,2025-02-22,Completed,Fully Paid,3999
ENR0000147,STU000506,PRG001,2024-06-02,Completed,Fully Paid,24999
ENR0000148,STU000510,PRG003,2024-08-13,Completed,Partially Paid,11215
ENR0000149,STU000511,PRG009,2025-04-03,In Progress,Fully Paid,4999
ENR0000150,STU000523,PRG008,2025-01-29,Completed,Partially Paid,4853
ENR0000151,STU000524,PRG002,2025-07-09,Dropped,Fully Paid,19999
ENR0000152,STU000525,PRG009,2024-03-04,In Progress,Fully Paid,4999
ENR0000153,STU000530,PRG010,2024-12-04,Completed,Partially Paid,2457
ENR0000154,STU000533,PRG011,2024-08-31,Completed,Fully Paid,3999
ENR0000155,STU000537,PRG002,2025-11-12,Completed,Pending,0
ENR0000156,STU000538,PRG011,2025-08-30,Completed,Fully Paid,3999
ENR0000157,STU000540,PRG006,2024-10-19,Dropped,Fully Paid,12999
ENR0000158,STU000544,PRG006,2025-09-03,Completed,Fully Paid,12999
ENR0000159,STU000557,PRG005,2025-04-23,Completed,Fully Paid,14999
ENR0000160,STU000569,PRG004,2025-03-13,Completed,Partially Paid,17683
ENR0000161,STU000575,PRG010,2024-08-23,In Progress,Fully Paid,5999
ENR0000162,STU000581,PRG003,2025-09-29,Completed,Fully Paid,32999
ENR0000163,STU000583,PRG011,2025-01-25,Completed,Pending,0
ENR0000164,STU000585,PRG010,2025-12-06,Completed,Fully Paid,5999
ENR0000165,STU000593,PRG001,2024-10-02,Dropped,Fully Paid,24999
ENR0000166,STU000596,PRG011,2024-10-10,Completed,Fully Paid,3999
ENR0000167,STU000597,PRG009,2024-02-10,Completed,Fully Paid,4999
ENR0000168,STU000603,PRG011,2025-10-29,Completed,Fully Paid,3999
ENR0000169,STU000604,PRG004,2025-09-01,Completed,Fully Paid,27999
ENR0000170,STU000605,PRG010,2024-12-25,In Progress,Fully Paid,5999
ENR0000171,STU000608,PRG002,2025-03-30,Completed,Pending,0
ENR0000172,STU000609,PRG012,2025-10-17,Completed,Fully Paid,21999
ENR0000173,STU000611,PRG005,2025-10-23,Completed,Fully Paid,14999
ENR0000174,STU000612,PRG011,2024-09-25,Completed,Fully Paid,3999
ENR0000175,STU000615,PRG005,2025-02-24,Completed,Fully Paid,14999
ENR0000176,STU000616,PRG009,2025-08-11,Completed,Fully Paid,4999
ENR0000177,STU000618,PRG011,2024-10-14,Completed,Refunded,0
ENR0000178,STU000621,PRG009,2024-12-22,Completed,Fully Paid,4999
ENR0000179,STU000624,PRG002,2024-02-01,Dropped,Fully Paid,19999
ENR0000180,STU000630,PRG012,2025-05-12,Completed,Fully Paid,21999
ENR0000181,STU000635,PRG011,2025-12-31,Completed,Fully Paid,3999
ENR0000182,STU000637,PRG010,2024-08-17,Completed,Fully Paid,5999
ENR0000183,STU000638,PRG004,2025-10-12,Completed,Fully Paid,27999
ENR0000184,STU000641,PRG003,2024-08-07,Completed,Pending,0
ENR0000185,STU000645,PRG007,2025-09-18,Dropped,Fully Paid,17999
ENR0000186,STU000648,PRG004,2025-04-11,Completed,Refunded,0
ENR0000187,STU000651,PRG002,2025-07-22,Completed,Pending,0
ENR0000188,STU000656,PRG002,2025-02-03,Completed,Fully Paid,19999
ENR0000189,STU000657,PRG009,2024-02-22,Completed,Fully Paid,4999
ENR0000190,STU000661,PRG002,2025-10-15,Completed,Fully Paid,19999
ENR0000191,STU000664,PRG005,2025-01-06,Completed,Fully Paid,14999
ENR0000192,STU000665,PRG010,2025-01-30,Dropped,Fully Paid,5999
ENR0000193,STU000669,PRG009,2024-02-15,Completed,Fully Paid,4999
ENR0000194,STU000670,PRG005,2024-12-10,Completed,Fully Paid,14999
ENR0000195,STU000672,PRG006,2025-12-05,Completed,Pending,0
ENR0000196,STU000674,PRG006,2025-07-20,Completed,Pending,0
ENR0000197,STU000675,PRG009,2024-12-10,Completed,Partially Paid,2101
ENR0000198,STU000678,PRG007,2025-02-14,Completed,Fully Paid,17999
ENR0000199,STU000685,PRG001,2024-10-01,Completed,Fully Paid,24999
ENR0000200,STU000687,PRG011,2024-11-09,Completed,Fully Paid,3999
ENR0000201,STU000690,PRG005,2025-11-21,Completed,Fully Paid,14999
ENR0000202,STU000693,PRG009,2025-11-11,Completed,Fully Paid,4999
ENR0000203,STU000698,PRG001,2025-06-17,Completed,Refunded,0
ENR0000204,STU000701,PRG008,2025-07-06,Completed,Fully Paid,9999
ENR0000205,STU000718,PRG003,2025-06-12,Completed,Fully Paid,32999
ENR0000206,STU000720,PRG001,2025-11-18,Completed,Fully Paid,24999
ENR0000207,STU000727,PRG001,2025-06-26,Completed,Fully Paid,24999
ENR0000208,STU000728,PRG001,2024-04-07,Completed,Fully Paid,24999
ENR0000209,STU000729,PRG009,2025-06-16,Completed,Fully Paid,4999
ENR0000210,STU000734,PRG009,2025-06-22,Completed,Fully Paid,4999
ENR0000211,STU000738,PRG012,2025-11-26,Completed,Fully Paid,21999
ENR0000212,STU000739,PRG001,2025-05-28,Completed,Fully Paid,24999
ENR0000213,STU000743,PRG002,2025-03-07,Completed,Fully Paid,19999
ENR0000214,STU000750,PRG002,2024-02-16,Completed,Fully Paid,19999
ENR0000215,STU000753,PRG004,2025-07-13,Dropped,Fully Paid,27999
ENR0000216,STU000754,PRG002,2024-05-08,Completed,Fully Paid,19999
ENR0000217,STU000758,PRG001,2024-08-07,In Progress,Fully Paid,24999
ENR0000218,STU000762,PRG001,2025-05-18,Completed,Fully Paid,24999
ENR0000219,STU000763,PRG011,2024-04-05,Completed,Fully Paid,3999
ENR0000220,STU000764,PRG002,2024-09-30,Completed,Fully Paid,19999
ENR0000221,STU000772,PRG009,2024-08-08,Completed,Fully Paid,4999
ENR0000222,STU000773,PRG001,2025-12-23,In Progress,Fully Paid,24999
ENR0000223,STU000775,PRG001,2025-08-26,Completed,Fully Paid,24999
ENR0000224,STU000776,PRG009,2024-11-29,Completed,Refunded,0
ENR0000225,STU000790,PRG006,2025-07-24,Completed,Fully Paid,12999
ENR0000226,STU000802,PRG010,2025-10-14,Completed,Pending,0
ENR0000227,STU000803,PRG010,2024-04-06,Completed,Fully Paid,5999
ENR0000228,STU000805,PRG008,2025-10-15,Completed,Fully Paid,9999
ENR0000229,STU000808,PRG001,2025-06-14,Completed,Fully Paid,24999
ENR0000230,STU000810,PRG010,2024-03-22,Completed,Fully Paid,5999
ENR0000231,STU000814,PRG011,2024-06-15,Completed,Fully Paid,3999
ENR0000232,STU000815,PRG008,2024-07-04,Completed,Fully Paid,9999
ENR0000233,STU000816,PRG001,2025-01-17,Completed,Fully Paid,24999
ENR0000234,STU000832,PRG002,2025-04-06,Completed,Fully Paid,19999
ENR0000235,STU000836,PRG003,2025-07-29,Completed,Fully Paid,32999
ENR0000236,STU000840,PRG003,2024-08-30,Completed,Fully Paid,32999
ENR0000237,STU000844,PRG009,2024-06-16,Completed,Fully Paid,4999
ENR0000238,STU000846,PRG007,2025-05-30,Completed,Fully Paid,17999
ENR0000239,STU000849,PRG011,2025-08-10,Completed,Fully Paid,3999
ENR0000240,STU000851,PRG009,2025-07-09,Completed,Fully Paid,4999
ENR0000241,STU000857,PRG009,2025-08-21,Completed,Refunded,0
ENR0000242,STU000869,PRG006,2025-07-07,Completed,Fully Paid,12999
ENR0000243,STU000871,PRG010,2025-06-20,Completed,Fully Paid,5999
ENR0000244,STU000872,PRG001,2024-08-06,Completed,Fully Paid,24999
ENR0000245,STU000876,PRG005,2024-08-19,In Progress,Fully Paid,14999
ENR0000246,STU000880,PRG001,2024-06-01,Dropped,Partially Paid,14796
ENR0000247,STU000881,PRG005,2024-09-29,Dropped,Pending,0
ENR0000248,STU000892,PRG009,2024-02-23,Completed,Fully Paid,4999
ENR0000249,STU000895,PRG005,2025-06-15,Dropped,Fully Paid,14999
ENR0000250,STU000902,PRG010,2025-10-09,Dropped,Fully Paid,5999
ENR0000251,STU000903,PRG011,2025-11-03,Dropped,Fully Paid,3999
ENR0000252,STU000904,PRG003,2025-08-07,Completed,Refunded,0
ENR0000253,STU000907,PRG010,2025-01-20,Dropped,Fully Paid,5999
ENR0000254,STU000910,PRG001,2025-09-30,Completed,Fully Paid,24999
ENR0000255,STU000914,PRG011,2025-06-19,Completed,Fully Paid,3999
ENR0000256,STU000923,PRG007,2025-01-05,Completed,Fully Paid,17999
ENR0000257,STU000926,PRG001,2024-06-28,Completed,Pending,0
ENR0000258,STU000928,PRG005,2025-08-27,Completed,Partially Paid,4946
ENR0000259,STU000930,PRG007,2024-12-30,Completed,Fully Paid,17999
ENR0000260,STU000934,PRG002,2025-06-06,Completed,Partially Paid,11929
ENR0000261,STU000935,PRG011,2025-11-09,Completed,Fully Paid,3999
ENR0000262,STU000941,PRG012,2025-11-01,Completed,Partially Paid,13428
ENR0000263,STU000942,PRG012,2024-12-12,Dropped,Fully Paid,21999
ENR0000264,STU000944,PRG001,2024-12-12,In Progress,Fully Paid,24999
ENR0000265,STU000947,PRG007,2025-10-14,Completed,Fully Paid,17999
ENR0000266,STU000951,PRG005,2025-05-19,Completed,Fully Paid,14999
ENR0000267,STU000954,PRG003,2024-02-26,Completed,Fully Paid,32999
ENR0000268,STU000960,PRG009,2024-12-19,Completed,Fully Paid,4999
ENR0000269,STU000961,PRG004,2025-09-12,Completed,Partially Paid,16943
ENR0000270,STU000962,PRG010,2024-08-30,Completed,Fully Paid,5999
ENR0000271,STU000967,PRG009,2025-07-30,Completed,Partially Paid,2130
ENR0000272,STU000968,PRG006,2024-06-09,Completed,Fully Paid,12999
ENR0000273,STU000971,PRG005,2025-09-04,Completed,Partially Paid,8931
ENR0000274,STU000974,PRG009,2025-04-27,In Progress,Fully Paid,4999
ENR0000275,STU000980,PRG002,2024-05-18,Completed,Fully Paid,19999
ENR0000276,STU000987,PRG007,2024-02-04,Completed,Fully Paid,17999
ENR0000277,STU000989,PRG010,2024-04-30,Completed,Fully Paid,5999
ENR0000278,STU000994,PRG009,2024-05-19,Completed,Fully Paid,4999
ENR0000279,STU000999,PRG009,2025-02-22,Dropped,Pending,0
ENR0000280,STU001000,PRG004,2025-06-27,Dropped,Fully Paid,27999
ENR0000281,STU001003,PRG010,2025-12-31,Completed,Partially Paid,3155
ENR0000282,STU001005,PRG010,2025-08-26,Completed,Fully Paid,5999
ENR0000283,STU001006,PRG009,2025-12-31,Completed,Pending,0
ENR0000284,STU001011,PRG010,2025-09-30,Completed,Fully Paid,5999
ENR0000285,STU001013,PRG002,2024-03-15,Completed,Fully Paid,19999
ENR0000286,STU001015,PRG011,2024-07-18,Completed,Partially Paid,1484
ENR0000287,STU001016,PRG011,2024-03-22,Completed,Refunded,0
ENR0000288,STU001017,PRG004,2024-03-14,Completed,Fully Paid,27999
ENR0000289,STU001019,PRG001,2024-08-05,Dropped,Fully Paid,24999
ENR0000290,STU001020,PRG009,2025-07-01,Dropped,Fully Paid,4999
ENR0000291,STU001021,PRG005,2025-12-27,Completed,Partially Paid,10141
ENR0000292,STU001024,PRG008,2024-02-18,Completed,Fully Paid,9999
ENR0000293,STU001028,PRG004,2024-02-23,Completed,Fully Paid,27999
ENR0000294,STU001031,PRG006,2025-08-31,Dropped,Fully Paid,12999
ENR0000295,STU001036,PRG001,2024-03-23,In Progress,Fully Paid,24999
ENR0000296,STU001040,PRG002,2025-11-23,Completed,Fully Paid,19999
ENR0000297,STU001045,PRG005,2024-01-25,Completed,Fully Paid,14999
ENR0000298,STU001059,PRG011,2024-09-23,Completed,Fully Paid,3999
ENR0000299,STU001060,PRG005,2024-10-12,Dropped,Fully Paid,14999
ENR0000300,STU001061,PRG010,2024-08-16,Completed,Refunded,0
ENR0000301,STU001063,PRG009,2025-07-25,Completed,Fully Paid,4999
ENR0000302,STU001070,PRG002,2024-03-30,Completed,Fully Paid,19999
ENR0000303,STU001073,PRG008,2025-06-08,Completed,Fully Paid,9999
ENR0000304,STU001074,PRG002,2024-10-03,Completed,Fully Paid,19999
ENR0000305,STU001081,PRG009,2025-09-02,Completed,Fully Paid,4999
ENR0000306,STU001086,PRG003,2025-01-29,Completed,Pending,0
ENR0000307,STU001087,PRG004,2025-03-31,Completed,Pending,0
ENR0000308,STU001088,PRG009,2025-11-09,Completed,Fully Paid,4999
ENR0000309,STU001090,PRG006,2025-04-12,Completed,Fully Paid,12999
ENR0000310,STU001093,PRG011,2024-02-19,Completed,Fully Paid,3999
ENR0000311,STU001094,PRG005,2025-12-31,Completed,Fully Paid,14999
ENR0000312,STU001095,PRG011,2024-03-23,Completed,Fully Paid,3999
ENR0000313,STU001098,PRG012,2025-11-03,Completed,Fully Paid,21999
ENR0000314,STU001102,PRG001,2025-05-29,Completed,Fully Paid,24999
ENR0000315,STU001112,PRG009,2025-04-25,Completed,Partially Paid,2089
ENR0000316,STU001117,PRG010,2024-06-17,Dropped,Fully Paid,5999
ENR0000317,STU001118,PRG002,2025-11-07,Dropped,Fully Paid,19999
ENR0000318,STU001119,PRG010,2024-10-12,Completed,Fully Paid,5999
ENR0000319,STU001120,PRG009,2025-01-30,Completed,Fully Paid,4999
ENR0000320,STU001124,PRG010,2025-10-07,In Progress,Partially Paid,2332
ENR0000321,STU001125,PRG004,2024-09-08,Dropped,Fully Paid,27999
ENR0000322,STU001126,PRG003,2025-02-24,Completed,Fully Paid,32999
ENR0000323,STU001129,PRG008,2025-11-08,Completed,Fully Paid,9999
ENR0000324,STU001140,PRG006,2024-03-20,Completed,Partially Paid,4627
ENR0000325,STU001141,PRG010,2025-05-15,Completed,Fully Paid,5999
ENR0000326,STU001152,PRG008,2024-02-14,Completed,Fully Paid,9999
ENR0000327,STU001156,PRG011,2025-07-26,Completed,Fully Paid,3999
ENR0000328,STU001167,PRG001,2024-08-20,Completed,Fully Paid,24999
ENR0000329,STU001175,PRG004,2025-09-09,Dropped,Pending,0
ENR0000330,STU001177,PRG010,2024-03-22,Dropped,Partially Paid,2516
ENR0000331,STU001191,PRG009,2025-04-04,Completed,Fully Paid,4999
ENR0000332,STU001195,PRG005,2025-12-31,Completed,Fully Paid,14999
ENR0000333,STU001201,PRG012,2024-02-13,Completed,Fully Paid,21999
ENR0000334,STU001204,PRG008,2024-08-27,Completed,Fully Paid,9999
ENR0000335,STU001211,PRG010,2025-02-12,In Progress,Fully Paid,5999
ENR0000336,STU001222,PRG010,2025-08-04,Completed,Fully Paid,5999
ENR0000337,STU001228,PRG011,2025-10-04,Completed,Fully Paid,3999
ENR0000338,STU001229,PRG005,2025-02-06,Completed,Fully Paid,14999
ENR0000339,STU001233,PRG005,2025-02-24,Completed,Fully Paid,14999
ENR0000340,STU001246,PRG006,2025-07-24,Completed,Fully Paid,12999
ENR0000341,STU001247,PRG012,2024-08-06,Dropped,Partially Paid,13743
ENR0000342,STU001249,PRG009,2025-03-28,Completed,Partially Paid,1985
ENR0000343,STU001254,PRG002,2025-08-23,Dropped,Pending,0
ENR0000344,STU001259,PRG010,2025-09-13,Completed,Fully Paid,5999
ENR0000345,STU001261,PRG005,2025-05-29,Completed,Fully Paid,14999
ENR0000346,STU001264,PRG011,2025-08-18,Completed,Refunded,0
ENR0000347,STU001272,PRG005,2024-09-12,Dropped,Partially Paid,6833
ENR0000348,STU001273,PRG009,2024-08-05,Completed,Fully Paid,4999
ENR0000349,STU001275,PRG002,2024-09-05,Completed,Fully Paid,19999
ENR0000350,STU001281,PRG005,2025-08-17,Completed,Partially Paid,8801
ENR0000351,STU001285,PRG011,2024-12-25,Completed,Fully Paid,3999
ENR0000352,STU001294,PRG010,2025-07-17,In Progress,Fully Paid,5999
ENR0000353,STU001296,PRG005,2025-07-05,Completed,Fully Paid,14999
ENR0000354,STU001299,PRG001,2025-05-09,Completed,Fully Paid,24999
ENR0000355,STU001306,PRG001,2024-04-03,Completed,Fully Paid,24999
ENR0000356,STU001309,PRG012,2025-05-22,Completed,Partially Paid,13218
ENR0000357,STU001311,PRG010,2025-03-01,Completed,Fully Paid,5999
ENR0000358,STU001312,PRG004,2024-02-23,Completed,Partially Paid,9925
ENR0000359,STU001318,PRG006,2024-04-12,Completed,Fully Paid,12999
ENR0000360,STU001322,PRG011,2025-01-27,Completed,Fully Paid,3999
ENR0000361,STU001323,PRG008,2025-01-26,Dropped,Fully Paid,9999
ENR0000362,STU001326,PRG005,2025-06-06,Completed,Fully Paid,14999
ENR0000363,STU001331,PRG005,2025-08-07,Completed,Partially Paid,8106
ENR0000364,STU001336,PRG005,2024-06-29,Dropped,Refunded,0
ENR0000365,STU001338,PRG010,2024-09-12,Completed,Fully Paid,5999
ENR0000366,STU001339,PRG002,2025-12-15,Completed,Partially Paid,10613
ENR0000367,STU001347,PRG012,2025-05-07,Dropped,Fully Paid,21999
ENR0000368,STU001348,PRG010,2025-02-11,Completed,Pending,0
ENR0000369,STU001351,PRG001,2024-06-02,Dropped,Fully Paid,24999
ENR0000370,STU001352,PRG009,2025-12-31,In Progress,Fully Paid,4999
ENR0000371,STU001353,PRG010,2024-04-15,Completed,Fully Paid,5999
ENR0000372,STU001354,PRG010,2024-07-13,Completed,Fully Paid,5999
ENR0000373,STU001358,PRG002,2024-01-29,Completed,Fully Paid,19999
ENR0000374,STU001360,PRG005,2025-01-06,Completed,Fully Paid,14999
ENR0000375,STU001371,PRG008,2024-09-26,Completed,Fully Paid,9999
ENR0000376,STU001373,PRG007,2025-10-08,Completed,Partially Paid,8528
ENR0000377,STU001382,PRG002,2025-12-29,Completed,Partially Paid,12423
ENR0000378,STU001384,PRG009,2025-02-18,Completed,Fully Paid,4999
ENR0000379,STU001386,PRG003,2024-02-12,Dropped,Fully Paid,32999
ENR0000380,STU001395,PRG005,2024-05-12,Completed,Fully Paid,14999
ENR0000381,STU001397,PRG005,2025-04-15,Completed,Fully Paid,14999
ENR0000382,STU001401,PRG009,2025-08-13,Completed,Fully Paid,4999
ENR0000383,STU001405,PRG002,2024-03-18,Completed,Fully Paid,19999
ENR0000384,STU001412,PRG010,2024-02-26,In Progress,Pending,0
ENR0000385,STU001415,PRG001,2024-06-26,Completed,Fully Paid,24999
ENR0000386,STU001420,PRG009,2024-05-21,Completed,Fully Paid,4999
ENR0000387,STU001422,PRG007,2025-12-27,In Progress,Partially Paid,6294
ENR0000388,STU001432,PRG009,2025-09-27,Completed,Partially Paid,2059
ENR0000389,STU001433,PRG007,2025-01-13,Completed,Fully Paid,17999
ENR0000390,STU001437,PRG009,2024-07-20,Completed,Fully Paid,4999
ENR0000391,STU001441,PRG004,2025-07-14,Completed,Fully Paid,27999
ENR0000392,STU001446,PRG009,2025-10-30,Dropped,Partially Paid,2126
ENR0000393,STU001447,PRG004,2025-07-10,Completed,Fully Paid,27999
ENR0000394,STU001450,PRG010,2024-11-07,Completed,Fully Paid,5999
ENR0000395,STU001451,PRG002,2025-03-01,Completed,Fully Paid,19999
ENR0000396,STU001454,PRG009,2025-12-14,Completed,Fully Paid,4999
ENR0000397,STU001457,PRG001,2025-05-15,Dropped,Fully Paid,24999
ENR0000398,STU001458,PRG008,2024-10-16,Completed,Fully Paid,9999
ENR0000399,STU001461,PRG008,2025-11-15,Completed,Fully Paid,9999
ENR0000400,STU001470,PRG010,2025-03-25,Completed,Partially Paid,3346
ENR0000401,STU001472,PRG012,2025-11-18,Dropped,Fully Paid,21999
ENR0000402,STU001474,PRG009,2025-09-24,Completed,Partially Paid,2748
ENR0000403,STU001480,PRG002,2025-05-18,Completed,Fully Paid,19999
ENR0000404,STU001481,PRG008,2025-03-22,Completed,Fully Paid,9999
ENR0000405,STU001482,PRG010,2025-07-01,Completed,Fully Paid,5999
ENR0000406,STU001483,PRG005,2025-12-19,Completed,Fully Paid,14999
ENR0000407,STU001484,PRG009,2024-07-01,Completed,Fully Paid,4999
ENR0000408,STU001488,PRG007,2024-06-29,Completed,Partially Paid,6814
ENR0000409,STU001494,PRG004,2025-01-01,Completed,Pending,0
ENR0000410,STU001501,PRG001,2024-07-22,Completed,Fully Paid,24999
ENR0000411,STU001505,PRG008,2025-11-21,Completed,Fully Paid,9999
ENR0000412,STU001506,PRG003,2025-12-31,Completed,Fully Paid,32999
ENR0000413,STU001507,PRG010,2024-02-17,Dropped,Fully Paid,5999
ENR0000414,STU001508,PRG010,2025-11-22,Completed,Fully Paid,5999
ENR0000415,STU001512,PRG004,2025-12-19,Completed,Partially Paid,15810
ENR0000416,STU001513,PRG009,2024-08-10,Completed,Partially Paid,1772
ENR0000417,STU001525,PRG010,2024-03-30,Completed,Fully Paid,5999
ENR0000418,STU001529,PRG005,2024-12-31,In Progress,Fully Paid,14999
ENR0000419,STU001535,PRG001,2024-04-28,Completed,Fully Paid,24999
ENR0000420,STU001539,PRG004,2024-05-27,Dropped,Fully Paid,27999
ENR0000421,STU001540,PRG008,2024-06-12,Completed,Fully Paid,9999
ENR0000422,STU001542,PRG011,2025-08-20,Completed,Fully Paid,3999
ENR0000423,STU001544,PRG006,2025-03-21,Completed,Fully Paid,12999
ENR0000424,STU001546,PRG001,2025-05-17,Completed,Fully Paid,24999
ENR0000425,STU001551,PRG010,2024-02-06,Dropped,Fully Paid,5999
ENR0000426,STU001557,PRG005,2024-07-31,Completed,Fully Paid,14999
ENR0000427,STU001563,PRG011,2024-02-19,Completed,Fully Paid,3999
ENR0000428,STU001565,PRG011,2024-07-16,Completed,Partially Paid,1236
ENR0000429,STU001566,PRG011,2025-07-04,In Progress,Pending,0
ENR0000430,STU001570,PRG005,2024-05-03,Completed,Fully Paid,14999
ENR0000431,STU001575,PRG012,2024-07-26,Completed,Fully Paid,21999
ENR0000432,STU001576,PRG006,2025-07-28,Completed,Pending,0
ENR0000433,STU001577,PRG010,2025-08-20,Dropped,Fully Paid,5999
ENR0000434,STU001578,PRG001,2024-10-29,Completed,Partially Paid,10555
ENR0000435,STU001583,PRG005,2025-01-07,In Progress,Fully Paid,14999
ENR0000436,STU001585,PRG007,2024-09-06,Completed,Fully Paid,17999
ENR0000437,STU001588,PRG002,2025-12-25,Completed,Fully Paid,19999
ENR0000438,STU001593,PRG002,2024-10-17,Completed,Fully Paid,19999
ENR0000439,STU001596,PRG004,2024-05-09,Completed,Pending,0
ENR0000440,STU001598,PRG001,2024-08-05,Dropped,Partially Paid,15545
ENR0000441,STU001603,PRG009,2024-01-22,Completed,Pending,0
ENR0000442,STU001604,PRG002,2024-03-26,Completed,Partially Paid,13996
ENR0000443,STU001609,PRG010,2025-07-24,Completed,Fully Paid,5999
ENR0000444,STU001610,PRG007,2025-08-19,Completed,Fully Paid,17999
ENR0000445,STU001615,PRG009,2025-12-17,Completed,Fully Paid,4999
ENR0000446,STU001619,PRG003,2024-10-28,Completed,Fully Paid,32999
ENR0000447,STU001628,PRG009,2025-10-27,Completed,Partially Paid,2542
ENR0000448,STU001629,PRG008,2024-08-03,Completed,Fully Paid,9999
ENR0000449,STU001638,PRG001,2025-10-01,Completed,Fully Paid,24999
ENR0000450,STU001639,PRG009,2025-08-18,Completed,Fully Paid,4999
ENR0000451,STU001642,PRG004,2025-02-17,Completed,Fully Paid,27999
ENR0000452,STU001645,PRG010,2024-05-28,Dropped,Fully Paid,5999
ENR0000453,STU001646,PRG012,2025-03-24,Completed,Fully Paid,21999
ENR0000454,STU001649,PRG002,2024-07-17,Completed,Fully Paid,19999
ENR0000455,STU001659,PRG001,2024-09-11,Completed,Fully Paid,24999
ENR0000456,STU001674,PRG005,2024-07-13,Completed,Fully Paid,14999
ENR0000457,STU001675,PRG009,2024-04-02,Completed,Fully Paid,4999
ENR0000458,STU001684,PRG005,2025-09-23,Completed,Fully Paid,14999
ENR0000459,STU001687,PRG010,2025-10-16,Completed,Fully Paid,5999
ENR0000460,STU001688,PRG005,2025-06-24,Completed,Pending,0
ENR0000461,STU001690,PRG001,2025-10-03,Completed,Fully Paid,24999
ENR0000462,STU001693,PRG005,2025-11-30,Completed,Fully Paid,14999
ENR0000463,STU001694,PRG005,2024-10-22,Completed,Fully Paid,14999
ENR0000464,STU001695,PRG002,2024-03-17,Completed,Fully Paid,19999
ENR0000465,STU001697,PRG011,2025-08-16,Completed,Fully Paid,3999
ENR0000466,STU001698,PRG002,2024-06-18,Completed,Fully Paid,19999
ENR0000467,STU001701,PRG010,2024-02-18,Completed,Fully Paid,5999
ENR0000468,STU001707,PRG006,2025-05-22,Completed,Partially Paid,4321
ENR0000469,STU001710,PRG008,2025-10-02,Completed,Fully Paid,9999
ENR0000470,STU001711,PRG001,2025-12-06,Completed,Fully Paid,24999
ENR0000471,STU001715,PRG009,2025-10-25,In Progress,Pending,0
ENR0000472,STU001719,PRG009,2024-12-24,Dropped,Fully Paid,4999
ENR0000473,STU001720,PRG010,2025-01-03,Completed,Fully Paid,5999
ENR0000474,STU001722,PRG002,2025-09-07,Completed,Fully Paid,19999
ENR0000475,STU001727,PRG010,2025-05-17,Completed,Pending,0
ENR0000476,STU001729,PRG005,2025-07-23,Completed,Fully Paid,14999
ENR0000477,STU001731,PRG011,2025-02-22,Completed,Fully Paid,3999
ENR0000478,STU001733,PRG009,2024-06-10,Completed,Fully Paid,4999
ENR0000479,STU001734,PRG002,2024-09-09,Completed,Fully Paid,19999
ENR0000480,STU001735,PRG008,2024-09-15,Completed,Fully Paid,9999
ENR0000481,STU001736,PRG011,2024-03-25,Completed,Refunded,0
ENR0000482,STU001737,PRG004,2025-01-22,Completed,Partially Paid,17722
ENR0000483,STU001744,PRG004,2025-04-23,Completed,Fully Paid,27999
ENR0000484,STU001745,PRG003,2025-06-19,Completed,Partially Paid,17362
ENR0000485,STU001753,PRG001,2024-11-25,Completed,Fully Paid,24999
ENR0000486,STU001754,PRG001,2025-08-18,Completed,Fully Paid,24999
ENR0000487,STU001759,PRG011,2025-11-07,Completed,Fully Paid,3999
ENR0000488,STU001762,PRG012,2025-10-08,Dropped,Pending,0
ENR0000489,STU001764,PRG010,2024-03-21,Completed,Pending,0
ENR0000490,STU001769,PRG009,2025-07-18,Completed,Partially Paid,2717
ENR0000491,STU001773,PRG001,2025-02-08,Completed,Fully Paid,24999
ENR0000492,STU001776,PRG005,2024-12-31,Completed,Fully Paid,14999
ENR0000493,STU001777,PRG009,2024-02-17,Completed,Fully Paid,4999
ENR0000494,STU001779,PRG010,2025-01-22,Completed,Fully Paid,5999
ENR0000495,STU001782,PRG005,2025-07-17,Completed,Partially Paid,7302
ENR0000496,STU001784,PRG008,2025-05-04,Completed,Pending,0
ENR0000497,STU001787,PRG001,2025-08-14,Completed,Fully Paid,24999
ENR0000498,STU001801,PRG005,2024-07-27,Completed,Partially Paid,5807
ENR0000499,STU001802,PRG001,2024-08-15,Completed,Fully Paid,24999
ENR0000500,STU001804,PRG005,2025-07-29,Completed,Fully Paid,14999
ENR0000501,STU001807,PRG003,2024-06-24,Completed,Fully Paid,32999
ENR0000502,STU001817,PRG007,2024-04-30,Dropped,Fully Paid,17999
ENR0000503,STU001818,PRG010,2024-03-15,Dropped,Partially Paid,3887
ENR0000504,STU001819,PRG009,2025-07-15,Completed,Fully Paid,4999
ENR0000505,STU001823,PRG011,2025-12-31,Completed,Partially Paid,2506
ENR0000506,STU001825,PRG010,2025-02-05,Completed,Fully Paid,5999
ENR0000507,STU001830,PRG008,2025-06-14,Dropped,Partially Paid,5694
ENR0000508,STU001839,PRG001,2024-09-03,Completed,Fully Paid,24999
ENR0000509,STU001841,PRG009,2025-06-01,Completed,Pending,0
ENR0000510,STU001852,PRG012,2025-04-16,Completed,Fully Paid,21999
ENR0000511,STU001861,PRG010,2025-03-27,Completed,Fully Paid,5999
ENR0000512,STU001866,PRG001,2024-10-17,Completed,Partially Paid,8915
ENR0000513,STU001867,PRG001,2025-09-11,In Progress,Fully Paid,24999
ENR0000514,STU001868,PRG009,2024-07-07,Completed,Fully Paid,4999
ENR0000515,STU001873,PRG006,2025-06-08,Completed,Fully Paid,12999
ENR0000516,STU001875,PRG002,2025-11-17,Completed,Fully Paid,19999
ENR0000517,STU001876,PRG004,2024-02-24,Completed,Fully Paid,27999
ENR0000518,STU001881,PRG010,2025-05-18,Completed,Fully Paid,5999
ENR0000519,STU001888,PRG003,2025-03-23,Completed,Partially Paid,21793
ENR0000520,STU001907,PRG011,2024-08-16,Completed,Fully Paid,3999
ENR0000521,STU001908,PRG009,2025-12-26,Completed,Pending,0
ENR0000522,STU001911,PRG010,2025-09-25,Completed,Fully Paid,5999
ENR0000523,STU001918,PRG008,2025-07-18,Completed,Refunded,0
ENR0000524,STU001920,PRG002,2024-09-01,Dropped,Fully Paid,19999
ENR0000525,STU001927,PRG001,2025-10-14,Dropped,Partially Paid,10483
ENR0000526,STU001928,PRG009,2025-09-13,Completed,Fully Paid,4999
ENR0000527,STU001930,PRG001,2024-07-08,Completed,Fully Paid,24999
ENR0000528,STU001931,PRG001,2025-05-18,In Progress,Pending,0
ENR0000529,STU001941,PRG010,2024-06-15,Completed,Fully Paid,5999
ENR0000530,STU001947,PRG001,2024-09-26,Completed,Fully Paid,24999
ENR0000531,STU001948,PRG004,2025-05-04,Completed,Fully Paid,27999
ENR0000532,STU001954,PRG008,2025-05-09,Completed,Partially Paid,5404
ENR0000533,STU001957,PRG009,2025-09-14,Completed,Fully Paid,4999
ENR0000534,STU001959,PRG011,2024-12-29,Completed,Fully Paid,3999
ENR0000535,STU001961,PRG010,2025-01-29,Completed,Refunded,0
ENR0000536,STU001966,PRG003,2024-06-28,Completed,Partially Paid,17547
ENR0000537,STU001968,PRG006,2025-09-17,Completed,Partially Paid,7821
ENR0000538,STU001970,PRG009,2025-07-08,Completed,Fully Paid,4999
ENR0000539,STU001977,PRG007,2025-07-19,Completed,Fully Paid,17999
ENR0000540,STU001981,PRG002,2025-06-02,Completed,Fully Paid,19999
ENR0000541,STU001986,PRG010,2025-10-19,Completed,Fully Paid,5999
ENR0000542,STU001990,PRG001,2025-04-12,Completed,Fully Paid,24999
ENR0000543,STU001991,PRG010,2024-08-29,Completed,Refunded,0
ENR0000544,STU001996,PRG003,2024-12-21,Completed,Fully Paid,32999
ENR0000545,STU002012,PRG010,2024-12-22,In Progress,Fully Paid,5999
ENR0000546,STU002017,PRG003,2025-05-12,In Progress,Fully Paid,32999
ENR0000547,STU002019,PRG008,2025-06-20,Completed,Fully Paid,9999
ENR0000548,STU002020,PRG009,2025-07-20,Completed,Fully Paid,4999
ENR0000549,STU002022,PRG006,2025-03-02,Completed,Fully Paid,12999
ENR0000550,STU002023,PRG001,2025-12-24,Completed,Fully Paid,24999
ENR0000551,STU002024,PRG009,2024-06-20,Completed,Pending,0
ENR0000552,STU002027,PRG009,2024-09-07,Completed,Partially Paid,2247
ENR0000553,STU002042,PRG004,2025-09-12,Completed,Fully Paid,27999
ENR0000554,STU002047,PRG012,2024-03-10,Completed,Fully Paid,21999
ENR0000555,STU002051,PRG009,2024-06-16,Completed,Fully Paid,4999
ENR0000556,STU002056,PRG007,2025-06-17,In Progress,Fully Paid,17999
ENR0000557,STU002058,PRG009,2024-02-03,Completed,Fully Paid,4999
ENR0000558,STU002061,PRG005,2025-12-31,In Progress,Fully Paid,14999
ENR0000559,STU002062,PRG005,2024-07-18,Completed,Fully Paid,14999
ENR0000560,STU002068,PRG001,2025-08-06,Completed,Fully Paid,24999
ENR0000561,STU002069,PRG008,2024-09-07,Completed,Fully Paid,9999
ENR0000562,STU002072,PRG007,2025-11-18,Dropped,Fully Paid,17999
ENR0000563,STU002073,PRG002,2024-06-22,Completed,Fully Paid,19999
ENR0000564,STU002084,PRG010,2025-12-07,In Progress,Partially Paid,3204
ENR0000565,STU002089,PRG010,2025-05-07,Completed,Fully Paid,5999
ENR0000566,STU002102,PRG006,2025-07-29,Completed,Pending,0
ENR0000567,STU002105,PRG002,2024-10-28,Completed,Fully Paid,19999
ENR0000568,STU002115,PRG001,2025-08-06,Completed,Fully Paid,24999
ENR0000569,STU002125,PRG011,2025-04-24,Completed,Fully Paid,3999
ENR0000570,STU002131,PRG001,2024-08-08,Completed,Fully Paid,24999
ENR0000571,STU002134,PRG009,2024-03-04,Completed,Fully Paid,4999
ENR0000572,STU002140,PRG003,2024-04-14,In Progress,Pending,0
ENR0000573,STU002141,PRG012,2025-12-18,Completed,Fully Paid,21999
ENR0000574,STU002150,PRG009,2025-01-07,Dropped,Refunded,0
ENR0000575,STU002152,PRG009,2025-08-21,Completed,Fully Paid,4999
ENR0000576,STU002154,PRG011,2024-03-01,Completed,Fully Paid,3999
ENR0000577,STU002158,PRG010,2024-09-25,Completed,Fully Paid,5999
ENR0000578,STU002160,PRG001,2024-12-06,Dropped,Refunded,0
ENR0000579,STU002161,PRG002,2025-12-19,In Progress,Partially Paid,7619
ENR0000580,STU002163,PRG002,2024-06-04,Completed,Fully Paid,19999
ENR0000581,STU002165,PRG003,2024-07-03,Completed,Fully Paid,32999
ENR0000582,STU002166,PRG002,2025-05-17,Completed,Pending,0
ENR0000583,STU002169,PRG002,2024-06-04,Completed,Fully Paid,19999
ENR0000584,STU002170,PRG010,2024-07-20,Completed,Fully Paid,5999
ENR0000585,STU002171,PRG004,2024-08-10,Completed,Fully Paid,27999
ENR0000586,STU002175,PRG007,2025-02-08,Completed,Fully Paid,17999
ENR0000587,STU002177,PRG009,2025-12-31,Completed,Pending,0
ENR0000588,STU002181,PRG003,2024-07-08,In Progress,Pending,0
ENR0000589,STU002185,PRG001,2025-08-09,Completed,Pending,0
ENR0000590,STU002201,PRG005,2025-07-09,Completed,Partially Paid,7591
ENR0000591,STU002204,PRG010,2024-03-08,Completed,Pending,0
ENR0000592,STU002207,PRG010,2025-04-21,Dropped,Fully Paid,5999
ENR0000593,STU002212,PRG003,2024-03-17,Completed,Partially Paid,12952
ENR0000594,STU002221,PRG001,2024-12-13,Completed,Pending,0
ENR0000595,STU002224,PRG007,2025-06-07,Completed,Fully Paid,17999
ENR0000596,STU002227,PRG001,2025-02-03,Completed,Fully Paid,24999
ENR0000597,STU002231,PRG002,2024-10-31,Completed,Fully Paid,19999
ENR0000598,STU002232,PRG007,2024-04-23,Dropped,Refunded,0
ENR0000599,STU002236,PRG008,2024-07-07,Completed,Fully Paid,9999
ENR0000600,STU002237,PRG009,2024-05-19,Completed,Fully Paid,4999
ENR0000601,STU002240,PRG008,2024-01-25,Completed,Fully Paid,9999
ENR0000602,STU002247,PRG001,2025-01-18,Completed,Fully Paid,24999
ENR0000603,STU002249,PRG012,2024-07-01,Completed,Fully Paid,21999
ENR0000604,STU002250,PRG008,2024-08-29,Completed,Fully Paid,9999
ENR0000605,STU002257,PRG004,2024-12-21,Completed,Partially Paid,16199
ENR0000606,STU002258,PRG001,2024-05-05,Dropped,Fully Paid,24999
ENR0000607,STU002267,PRG010,2025-08-17,Completed,Fully Paid,5999
ENR0000608,STU002268,PRG006,2025-12-31,Completed,Fully Paid,12999
ENR0000609,STU002269,PRG010,2025-09-19,In Progress,Fully Paid,5999
ENR0000610,STU002270,PRG009,2025-05-04,Completed,Partially Paid,2595
ENR0000611,STU002276,PRG009,2025-09-27,Completed,Fully Paid,4999
ENR0000612,STU002282,PRG002,2025-01-26,Dropped,Refunded,0
ENR0000613,STU002283,PRG005,2024-05-01,Completed,Fully Paid,14999
ENR0000614,STU002285,PRG010,2025-10-27,In Progress,Partially Paid,3901
ENR0000615,STU002294,PRG010,2025-12-06,Completed,Fully Paid,5999
ENR0000616,STU002297,PRG001,2025-11-30,Completed,Fully Paid,24999
ENR0000617,STU002298,PRG010,2024-05-28,Completed,Partially Paid,1807
ENR0000618,STU002300,PRG010,2025-08-06,Completed,Fully Paid,5999
ENR0000619,STU002301,PRG005,2025-07-28,Completed,Fully Paid,14999
ENR0000620,STU002302,PRG008,2024-09-09,Completed,Fully Paid,9999
ENR0000621,STU002313,PRG003,2025-03-15,In Progress,Fully Paid,32999
ENR0000622,STU002317,PRG010,2025-05-17,Completed,Pending,0
ENR0000623,STU002318,PRG001,2025-09-21,Dropped,Fully Paid,24999
ENR0000624,STU002321,PRG001,2024-07-28,Completed,Partially Paid,14359
ENR0000625,STU002323,PRG010,2025-09-06,Dropped,Fully Paid,5999
ENR0000626,STU002325,PRG002,2024-04-24,Completed,Partially Paid,13979
ENR0000627,STU002328,PRG003,2025-06-18,Completed,Fully Paid,32999
ENR0000628,STU002330,PRG008,2025-01-27,Completed,Pending,0
ENR0000629,STU002333,PRG005,2025-04-03,Completed,Fully Paid,14999
ENR0000630,STU002340,PRG001,2024-05-28,Completed,Fully Paid,24999
ENR0000631,STU002342,PRG010,2025-12-31,Completed,Fully Paid,5999
ENR0000632,STU002347,PRG012,2025-06-27,Completed,Partially Paid,12113
ENR0000633,STU002353,PRG009,2024-09-22,Completed,Partially Paid,2600
ENR0000634,STU002358,PRG002,2025-12-23,Completed,Fully Paid,19999
ENR0000635,STU002363,PRG005,2025-09-12,Completed,Fully Paid,14999
ENR0000636,STU002368,PRG004,2025-07-10,In Progress,Fully Paid,27999
ENR0000637,STU002372,PRG010,2024-11-05,In Progress,Fully Paid,5999
ENR0000638,STU002375,PRG005,2024-09-22,Completed,Fully Paid,14999
ENR0000639,STU002378,PRG011,2025-04-08,Completed,Fully Paid,3999
ENR0000640,STU002383,PRG002,2024-03-04,Completed,Fully Paid,19999
ENR0000641,STU002385,PRG009,2024-12-19,Completed,Fully Paid,4999
ENR0000642,STU002386,PRG002,2025-03-05,Completed,Fully Paid,19999
ENR0000643,STU002390,PRG011,2024-03-25,Completed,Fully Paid,3999
ENR0000644,STU002391,PRG011,2024-11-12,Completed,Fully Paid,3999
ENR0000645,STU002394,PRG008,2024-08-10,Completed,Partially Paid,4942
ENR0000646,STU002398,PRG002,2025-02-02,Completed,Pending,0
ENR0000647,STU002399,PRG010,2025-09-19,Dropped,Fully Paid,5999
ENR0000648,STU002404,PRG008,2025-09-12,Completed,Fully Paid,9999
ENR0000649,STU002412,PRG003,2024-11-18,Dropped,Fully Paid,32999
ENR0000650,STU002417,PRG002,2025-07-14,Completed,Fully Paid,19999
ENR0000651,STU002423,PRG012,2025-11-14,Completed,Fully Paid,21999
ENR0000652,STU002424,PRG009,2024-09-29,Completed,Pending,0
ENR0000653,STU002425,PRG012,2024-11-23,Dropped,Fully Paid,21999
ENR0000654,STU002430,PRG009,2025-12-31,Completed,Fully Paid,4999
ENR0000655,STU002431,PRG001,2025-08-03,Completed,Fully Paid,24999
ENR0000656,STU002436,PRG008,2025-07-26,Completed,Partially Paid,3915
ENR0000657,STU002440,PRG002,2024-07-14,Completed,Fully Paid,19999
ENR0000658,STU002441,PRG005,2025-06-17,Completed,Fully Paid,14999
ENR0000659,STU002442,PRG001,2025-04-12,Completed,Refunded,0
ENR0000660,STU002446,PRG009,2024-11-09,Completed,Fully Paid,4999
ENR0000661,STU002447,PRG009,2024-02-13,Completed,Fully Paid,4999
ENR0000662,STU002450,PRG001,2025-05-13,Completed,Pending,0
ENR0000663,STU002458,PRG006,2025-10-29,Completed,Fully Paid,12999
ENR0000664,STU002459,PRG002,2025-11-05,Completed,Fully Paid,19999
ENR0000665,STU002461,PRG007,2025-07-05,Dropped,Pending,0
ENR0000666,STU002463,PRG010,2025-08-23,Completed,Fully Paid,5999
ENR0000667,STU002471,PRG001,2024-10-14,Completed,Fully Paid,24999
ENR0000668,STU002472,PRG008,2024-08-05,Completed,Fully Paid,9999
ENR0000669,STU002473,PRG001,2025-06-30,Completed,Fully Paid,24999
ENR0000670,STU002474,PRG008,2025-12-31,Completed,Partially Paid,6540
ENR0000671,STU002477,PRG012,2025-06-24,In Progress,Partially Paid,12297
ENR0000672,STU002483,PRG012,2024-05-15,Completed,Partially Paid,10769
ENR0000673,STU002484,PRG001,2025-07-03,Completed,Pending,0
ENR0000674,STU002492,PRG008,2025-09-26,Completed,Partially Paid,6368
ENR0000675,STU002494,PRG002,2025-02-26,Completed,Fully Paid,19999
ENR0000676,STU002499,PRG002,2025-06-04,Completed,Fully Paid,19999
ENR0000677,STU002502,PRG009,2025-06-26,Completed,Fully Paid,4999
ENR0000678,STU002505,PRG003,2024-04-05,Dropped,Partially Paid,20714
ENR0000679,STU002509,PRG010,2025-05-21,Dropped,Fully Paid,5999
ENR0000680,STU002520,PRG011,2024-05-02,Completed,Pending,0
ENR0000681,STU002521,PRG001,2025-10-17,Completed,Fully Paid,24999
ENR0000682,STU002528,PRG005,2024-06-12,Completed,Fully Paid,14999
ENR0000683,STU002530,PRG011,2024-06-25,Completed,Fully Paid,3999
ENR0000684,STU002537,PRG005,2025-06-10,Completed,Fully Paid,14999
ENR0000685,STU002540,PRG003,2024-03-21,Completed,Pending,0
ENR0000686,STU002543,PRG010,2025-05-17,Dropped,Fully Paid,5999
ENR0000687,STU002545,PRG003,2024-02-17,Completed,Fully Paid,32999
ENR0000688,STU002546,PRG002,2024-06-10,Completed,Fully Paid,19999
ENR0000689,STU002559,PRG009,2025-10-06,Completed,Fully Paid,4999
ENR0000690,STU002562,PRG011,2024-03-01,Completed,Fully Paid,3999
ENR0000691,STU002566,PRG002,2025-07-06,Completed,Fully Paid,19999
ENR0000692,STU002575,PRG009,2025-03-29,Completed,Fully Paid,4999
ENR0000693,STU002577,PRG012,2024-08-19,Completed,Fully Paid,21999
ENR0000694,STU002595,PRG012,2025-03-31,Completed,Partially Paid,12995
ENR0000695,STU002599,PRG011,2025-11-24,Completed,Fully Paid,3999
ENR0000696,STU002601,PRG009,2024-06-21,Completed,Fully Paid,4999
ENR0000697,STU002614,PRG001,2025-10-18,Completed,Partially Paid,14878
ENR0000698,STU002616,PRG007,2024-01-17,Completed,Fully Paid,17999
ENR0000699,STU002618,PRG010,2025-10-08,Completed,Fully Paid,5999
ENR0000700,STU002623,PRG003,2025-07-15,Completed,Fully Paid,32999
ENR0000701,STU002639,PRG002,2025-12-31,Completed,Fully Paid,19999
ENR0000702,STU002640,PRG001,2025-01-02,Completed,Fully Paid,24999
ENR0000703,STU002648,PRG002,2025-01-02,In Progress,Fully Paid,19999
ENR0000704,STU002656,PRG001,2025-04-19,Completed,Partially Paid,9907
ENR0000705,STU002666,PRG011,2025-06-19,Completed,Fully Paid,3999
ENR0000706,STU002668,PRG009,2025-05-17,Completed,Fully Paid,4999
ENR0000707,STU002670,PRG003,2025-01-18,Completed,Fully Paid,32999
ENR0000708,STU002671,PRG010,2024-04-19,Dropped,Fully Paid,5999
ENR0000709,STU002672,PRG002,2025-05-25,Completed,Pending,0
ENR0000710,STU002676,PRG009,2024-09-08,Completed,Fully Paid,4999
ENR0000711,STU002678,PRG010,2024-03-16,Completed,Fully Paid,5999
ENR0000712,STU002679,PRG008,2025-01-17,Completed,Fully Paid,9999
ENR0000713,STU002682,PRG009,2024-08-15,Completed,Fully Paid,4999
ENR0000714,STU002687,PRG010,2024-09-18,Completed,Fully Paid,5999
ENR0000715,STU002689,PRG009,2025-03-31,Completed,Fully Paid,4999
ENR0000716,STU002692,PRG010,2025-09-05,In Progress,Fully Paid,5999
ENR0000717,STU002694,PRG004,2025-08-08,Completed,Pending,0
ENR0000718,STU002695,PRG003,2025-03-06,Completed,Fully Paid,32999
ENR0000719,STU002698,PRG006,2024-08-17,In Progress,Fully Paid,12999
ENR0000720,STU002701,PRG005,2025-10-31,Completed,Fully Paid,14999
ENR0000721,STU002703,PRG003,2025-10-08,Completed,Fully Paid,32999
ENR0000722,STU002712,PRG010,2025-12-24,Completed,Partially Paid,2381
ENR0000723,STU002714,PRG002,2025-05-09,Completed,Fully Paid,19999
ENR0000724,STU002722,PRG004,2024-05-20,In Progress,Partially Paid,15819
ENR0000725,STU002725,PRG007,2024-12-06,Dropped,Pending,0
ENR0000726,STU002728,PRG005,2025-06-04,Completed,Fully Paid,14999
ENR0000727,STU002729,PRG002,2025-09-05,Completed,Fully Paid,19999
ENR0000728,STU002730,PRG010,2024-08-15,Completed,Fully Paid,5999
ENR0000729,STU002733,PRG011,2024-02-20,Completed,Fully Paid,3999
ENR0000730,STU002737,PRG011,2024-12-01,Dropped,Fully Paid,3999
ENR0000731,STU002738,PRG005,2024-01-24,Dropped,Partially Paid,10134
ENR0000732,STU002740,PRG009,2025-12-23,Completed,Fully Paid,4999
ENR0000733,STU002741,PRG003,2024-08-22,Completed,Fully Paid,32999
ENR0000734,STU002746,PRG010,2024-02-08,Completed,Fully Paid,5999
ENR0000735,STU002750,PRG005,2024-11-26,Completed,Pending,0
ENR0000736,STU002751,PRG011,2025-01-12,Completed,Partially Paid,1549
ENR0000737,STU002753,PRG007,2025-08-16,Completed,Fully Paid,17999
ENR0000738,STU002756,PRG009,2025-01-04,Completed,Pending,0
ENR0000739,STU002761,PRG007,2024-06-23,Completed,Fully Paid,17999
ENR0000740,STU002765,PRG005,2025-03-06,Completed,Partially Paid,9025
ENR0000741,STU002768,PRG011,2025-12-23,Dropped,Fully Paid,3999
ENR0000742,STU002770,PRG001,2024-08-08,Dropped,Fully Paid,24999
ENR0000743,STU002772,PRG009,2024-12-25,Completed,Fully Paid,4999
ENR0000744,STU002774,PRG010,2024-06-13,Completed,Fully Paid,5999
ENR0000745,STU002775,PRG002,2025-02-02,Completed,Fully Paid,19999
ENR0000746,STU002780,PRG010,2025-10-20,Completed,Fully Paid,5999
ENR0000747,STU002784,PRG009,2025-08-18,Completed,Fully Paid,4999
ENR0000748,STU002785,PRG003,2024-08-31,Completed,Fully Paid,32999
ENR0000749,STU002788,PRG011,2025-01-14,Completed,Fully Paid,3999
ENR0000750,STU002793,PRG002,2024-08-21,Completed,Fully Paid,19999
ENR0000751,STU002805,PRG003,2025-07-10,Completed,Partially Paid,13572
ENR0000752,STU002806,PRG001,2024-07-15,Completed,Partially Paid,11973
ENR0000753,STU002813,PRG001,2025-09-13,Completed,Fully Paid,24999
ENR0000754,STU002815,PRG007,2024-02-02,Completed,Partially Paid,12098
ENR0000755,STU002823,PRG009,2024-07-07,Completed,Partially Paid,1843
ENR0000756,STU002824,PRG006,2025-04-01,Completed,Fully Paid,12999
ENR0000757,STU002825,PRG009,2025-07-03,Completed,Pending,0
ENR0000758,STU002836,PRG004,2024-06-25,Dropped,Partially Paid,14208
ENR0000759,STU002848,PRG005,2025-12-31,Dropped,Fully Paid,14999
ENR0000760,STU002850,PRG010,2025-02-26,Completed,Partially Paid,3775
ENR0000761,STU002859,PRG001,2024-04-29,Completed,Fully Paid,24999
ENR0000762,STU002863,PRG011,2024-04-22,Completed,Fully Paid,3999
ENR0000763,STU002870,PRG010,2025-05-16,Completed,Partially Paid,3743
ENR0000764,STU002871,PRG002,2024-06-13,Completed,Fully Paid,19999
ENR0000765,STU002872,PRG004,2025-12-31,Dropped,Fully Paid,27999
ENR0000766,STU002873,PRG001,2024-10-04,Completed,Fully Paid,24999
ENR0000767,STU002882,PRG009,2024-10-20,Completed,Partially Paid,3077
ENR0000768,STU002887,PRG001,2025-08-10,Completed,Fully Paid,24999
ENR0000769,STU002888,PRG001,2025-07-15,Completed,Partially Paid,12087
ENR0000770,STU002894,PRG009,2025-12-31,Completed,Pending,0
ENR0000771,STU002895,PRG003,2025-09-03,Dropped,Refunded,0
ENR0000772,STU002897,PRG005,2024-04-17,Completed,Fully Paid,14999
ENR0000773,STU002899,PRG004,2025-11-11,Completed,Fully Paid,27999
ENR0000774,STU002901,PRG007,2024-07-09,Completed,Fully Paid,17999
ENR0000775,STU002903,PRG002,2025-10-13,Completed,Pending,0
ENR0000776,STU002909,PRG005,2025-02-21,Completed,Fully Paid,14999
ENR0000777,STU002910,PRG009,2025-04-28,Completed,Fully Paid,4999
ENR0000778,STU002912,PRG010,2024-07-11,In Progress,Partially Paid,2081
ENR0000779,STU002915,PRG008,2025-09-16,Completed,Partially Paid,4241
ENR0000780,STU002917,PRG011,2024-08-05,Completed,Fully Paid,3999
ENR0000781,STU002922,PRG005,2025-12-11,In Progress,Fully Paid,14999
ENR0000782,STU002923,PRG009,2024-11-13,Completed,Fully Paid,4999
ENR0000783,STU002930,PRG009,2025-11-27,Completed,Pending,0
ENR0000784,STU002933,PRG004,2024-11-09,Completed,Fully Paid,27999
ENR0000785,STU002934,PRG001,2024-01-13,In Progress,Fully Paid,24999
ENR0000786,STU002940,PRG004,2025-03-24,Completed,Fully Paid,27999
ENR0000787,STU002943,PRG009,2025-08-17,Completed,Fully Paid,4999
ENR0000788,STU002945,PRG012,2025-07-22,In Progress,Fully Paid,21999
ENR0000789,STU002950,PRG001,2025-02-05,Completed,Fully Paid,24999
ENR0000790,STU002957,PRG001,2024-04-02,Completed,Refunded,0
ENR0000791,STU002958,PRG008,2024-07-20,Completed,Fully Paid,9999
ENR0000792,STU002964,PRG008,2024-01-30,Completed,Partially Paid,6211
ENR0000793,STU002965,PRG001,2025-12-22,Completed,Fully Paid,24999
ENR0000794,STU002966,PRG010,2024-09-18,Completed,Fully Paid,5999
ENR0000795,STU002969,PRG007,2024-12-22,Completed,Partially Paid,7155
ENR0000796,STU002970,PRG009,2025-08-03,In Progress,Partially Paid,2096
ENR0000797,STU002982,PRG005,2025-05-06,Completed,Fully Paid,14999
ENR0000798,STU002990,PRG005,2025-09-25,Completed,Refunded,0
ENR0000799,STU002996,PRG006,2025-02-11,Completed,Fully Paid,12999
ENR0000800,STU002997,PRG011,2025-02-24,Completed,Refunded,0
ENR0000801,STU002998,PRG009,2024-10-29,Completed,Fully Paid,4999
ENR0000802,STU003002,PRG009,2025-11-19,Completed,Fully Paid,4999
ENR0000803,STU003004,PRG005,2025-07-27,Completed,Fully Paid,14999
ENR0000804,STU003005,PRG004,2025-07-17,Completed,Fully Paid,27999
ENR0000805,STU003007,PRG009,2025-05-26,Completed,Fully Paid,4999
ENR0000806,STU003010,PRG003,2024-01-24,Completed,Partially Paid,20024
ENR0000807,STU003014,PRG007,2024-09-13,Completed,Fully Paid,17999
ENR0000808,STU003016,PRG001,2025-09-25,Completed,Pending,0
ENR0000809,STU003020,PRG011,2025-08-22,Completed,Fully Paid,3999
ENR0000810,STU003027,PRG004,2024-09-06,Completed,Fully Paid,27999
ENR0000811,STU003028,PRG001,2024-05-06,Completed,Fully Paid,24999
ENR0000812,STU003033,PRG001,2025-05-02,Completed,Partially Paid,7955
ENR0000813,STU003042,PRG007,2025-04-26,Completed,Fully Paid,17999
ENR0000814,STU003045,PRG002,2024-10-13,Completed,Partially Paid,7077
ENR0000815,STU003048,PRG011,2025-08-14,Completed,Fully Paid,3999
ENR0000816,STU003050,PRG010,2024-12-23,Completed,Fully Paid,5999
ENR0000817,STU003053,PRG007,2025-11-08,In Progress,Fully Paid,17999
ENR0000818,STU003058,PRG008,2025-07-10,Completed,Pending,0
ENR0000819,STU003059,PRG012,2025-09-06,Completed,Partially Paid,9465
ENR0000820,STU003061,PRG004,2025-09-09,Completed,Fully Paid,27999
ENR0000821,STU003065,PRG012,2025-06-07,Completed,Fully Paid,21999
ENR0000822,STU003076,PRG009,2024-03-11,In Progress,Fully Paid,4999
ENR0000823,STU003080,PRG010,2024-06-12,Completed,Fully Paid,5999
ENR0000824,STU003095,PRG003,2024-12-09,Completed,Fully Paid,32999
ENR0000825,STU003100,PRG006,2024-07-14,Completed,Fully Paid,12999
ENR0000826,STU003103,PRG001,2024-10-05,Completed,Refunded,0
ENR0000827,STU003118,PRG002,2025-12-01,Completed,Refunded,0
ENR0000828,STU003119,PRG003,2024-07-02,Completed,Fully Paid,32999
ENR0000829,STU003121,PRG010,2025-12-08,Completed,Fully Paid,5999
ENR0000830,STU003122,PRG002,2025-03-04,In Progress,Pending,0
ENR0000831,STU003123,PRG009,2024-06-05,Completed,Fully Paid,4999
ENR0000832,STU003124,PRG009,2025-09-14,Completed,Fully Paid,4999
ENR0000833,STU003138,PRG005,2024-08-26,Dropped,Fully Paid,14999
ENR0000834,STU003141,PRG004,2025-09-21,Completed,Fully Paid,27999
ENR0000835,STU003143,PRG005,2025-03-03,Dropped,Partially Paid,6056
ENR0000836,STU003146,PRG005,2024-08-27,Completed,Fully Paid,14999
ENR0000837,STU003148,PRG007,2025-10-11,Completed,Fully Paid,17999
ENR0000838,STU003149,PRG010,2024-08-01,Completed,Fully Paid,5999
ENR0000839,STU003151,PRG007,2024-04-21,Completed,Fully Paid,17999
ENR0000840,STU003153,PRG010,2025-09-09,Completed,Fully Paid,5999
ENR0000841,STU003154,PRG011,2025-07-28,Completed,Fully Paid,3999
ENR0000842,STU003164,PRG007,2024-06-16,In Progress,Fully Paid,17999
ENR0000843,STU003166,PRG001,2025-02-02,Dropped,Fully Paid,24999
ENR0000844,STU003172,PRG001,2024-09-13,Completed,Fully Paid,24999
ENR0000845,STU003174,PRG007,2025-12-31,Completed,Partially Paid,10746
ENR0000846,STU003178,PRG006,2025-11-16,Completed,Fully Paid,12999
ENR0000847,STU003180,PRG001,2025-03-27,Completed,Fully Paid,24999
ENR0000848,STU003181,PRG009,2024-03-29,Completed,Fully Paid,4999
ENR0000849,STU003184,PRG004,2025-06-22,Completed,Fully Paid,27999
ENR0000850,STU003185,PRG010,2024-02-25,In Progress,Partially Paid,4057
ENR0000851,STU003189,PRG010,2025-08-03,Dropped,Fully Paid,5999
ENR0000852,STU003195,PRG001,2024-04-01,Completed,Fully Paid,24999
ENR0000853,STU003205,PRG009,2025-01-05,Completed,Fully Paid,4999
ENR0000854,STU003209,PRG008,2024-11-13,Completed,Fully Paid,9999
ENR0000855,STU003210,PRG011,2024-02-06,Completed,Partially Paid,2590
ENR0000856,STU003212,PRG001,2025-01-24,Completed,Fully Paid,24999
ENR0000857,STU003213,PRG009,2025-12-22,Completed,Refunded,0
ENR0000858,STU003214,PRG010,2024-06-02,Completed,Fully Paid,5999
ENR0000859,STU003221,PRG010,2025-03-05,Completed,Fully Paid,5999
ENR0000860,STU003222,PRG009,2024-11-15,Completed,Fully Paid,4999
ENR0000861,STU003228,PRG005,2024-12-08,Completed,Fully Paid,14999
ENR0000862,STU003232,PRG008,2025-10-07,Dropped,Fully Paid,9999
ENR0000863,STU003233,PRG005,2024-05-10,Completed,Pending,0
ENR0000864,STU003234,PRG001,2025-12-31,Completed,Fully Paid,24999
ENR0000865,STU003235,PRG008,2025-10-10,In Progress,Fully Paid,9999
ENR0000866,STU003236,PRG009,2025-09-10,Completed,Fully Paid,4999
ENR0000867,STU003239,PRG005,2024-07-06,Dropped,Fully Paid,14999
ENR0000868,STU003244,PRG011,2024-12-25,Completed,Fully Paid,3999
ENR0000869,STU003246,PRG005,2025-01-28,Completed,Fully Paid,14999
ENR0000870,STU003249,PRG009,2024-05-03,Completed,Fully Paid,4999
ENR0000871,STU003254,PRG006,2024-04-07,Completed,Fully Paid,12999
ENR0000872,STU003261,PRG009,2025-10-08,Completed,Fully Paid,4999
ENR0000873,STU003265,PRG009,2025-08-02,Completed,Fully Paid,4999
ENR0000874,STU003268,PRG006,2025-03-18,Completed,Fully Paid,12999
ENR0000875,STU003282,PRG004,2024-09-08,In Progress,Partially Paid,12340
ENR0000876,STU003284,PRG001,2024-09-06,Completed,Fully Paid,24999
ENR0000877,STU003287,PRG001,2025-03-21,In Progress,Fully Paid,24999
ENR0000878,STU003291,PRG011,2025-01-27,Completed,Fully Paid,3999
ENR0000879,STU003294,PRG001,2024-09-03,Completed,Partially Paid,13191
ENR0000880,STU003296,PRG010,2025-04-30,Dropped,Fully Paid,5999
ENR0000881,STU003297,PRG008,2024-04-22,Completed,Refunded,0
ENR0000882,STU003306,PRG002,2025-07-02,Completed,Fully Paid,19999
ENR0000883,STU003308,PRG011,2025-07-25,Completed,Fully Paid,3999
ENR0000884,STU003309,PRG008,2024-07-24,Completed,Fully Paid,9999
ENR0000885,STU003311,PRG002,2025-07-22,Completed,Fully Paid,19999
ENR0000886,STU003314,PRG005,2025-05-09,Completed,Partially Paid,7859
ENR0000887,STU003315,PRG009,2025-12-07,In Progress,Partially Paid,1785
ENR0000888,STU003318,PRG011,2024-07-09,Completed,Refunded,0
ENR0000889,STU003321,PRG010,2025-02-27,Completed,Partially Paid,2590
ENR0000890,STU003326,PRG009,2024-03-11,Completed,Fully Paid,4999
ENR0000891,STU003327,PRG001,2025-08-09,Completed,Fully Paid,24999
ENR0000892,STU003331,PRG010,2024-11-29,In Progress,Fully Paid,5999
ENR0000893,STU003332,PRG011,2025-12-18,Completed,Refunded,0
ENR0000894,STU003333,PRG011,2025-11-10,Completed,Fully Paid,3999
ENR0000895,STU003336,PRG011,2025-07-15,Completed,Pending,0
ENR0000896,STU003337,PRG002,2024-09-05,Completed,Fully Paid,19999
ENR0000897,STU003339,PRG005,2025-02-11,Dropped,Fully Paid,14999
ENR0000898,STU003341,PRG009,2025-05-05,Completed,Fully Paid,4999
ENR0000899,STU003342,PRG007,2024-07-16,Completed,Partially Paid,7147
ENR0000900,STU003344,PRG009,2024-09-02,Completed,Pending,0
ENR0000901,STU003348,PRG009,2024-06-28,Completed,Pending,0
ENR0000902,STU003352,PRG007,2025-05-12,Completed,Fully Paid,17999
ENR0000903,STU003360,PRG002,2024-12-08,Completed,Fully Paid,19999
ENR0000904,STU003364,PRG012,2025-02-19,Completed,Pending,0
ENR0000905,STU003365,PRG008,2025-04-25,Completed,Partially Paid,4362
ENR0000906,STU003366,PRG012,2025-04-03,Completed,Fully Paid,21999
ENR0000907,STU003368,PRG006,2024-07-27,Completed,Partially Paid,8288
ENR0000908,STU003369,PRG011,2025-08-16,Completed,Fully Paid,3999
ENR0000909,STU003371,PRG002,2024-02-15,Completed,Fully Paid,19999
ENR0000910,STU003377,PRG012,2025-08-08,Completed,Fully Paid,21999
ENR0000911,STU003378,PRG010,2025-12-31,Completed,Fully Paid,5999
ENR0000912,STU003379,PRG002,2025-09-04,Dropped,Fully Paid,19999
ENR0000913,STU003382,PRG008,2024-03-08,Completed,Fully Paid,9999
ENR0000914,STU003389,PRG003,2024-12-01,Completed,Fully Paid,32999
ENR0000915,STU003392,PRG001,2025-09-23,Completed,Fully Paid,24999
ENR0000916,STU003395,PRG009,2024-12-11,Dropped,Fully Paid,4999
ENR0000917,STU003405,PRG001,2025-09-10,Dropped,Pending,0
ENR0000918,STU003407,PRG010,2025-06-05,Completed,Fully Paid,5999
ENR0000919,STU003408,PRG004,2025-05-20,Completed,Partially Paid,16456
ENR0000920,STU003409,PRG008,2025-06-21,Completed,Fully Paid,9999
ENR0000921,STU003419,PRG004,2025-11-04,Completed,Refunded,0
ENR0000922,STU003423,PRG011,2025-01-24,Completed,Refunded,0
ENR0000923,STU003425,PRG001,2024-07-14,Completed,Partially Paid,7612
ENR0000924,STU003427,PRG012,2024-10-05,Completed,Fully Paid,21999
ENR0000925,STU003429,PRG010,2025-07-14,Completed,Fully Paid,5999
ENR0000926,STU003430,PRG010,2025-11-28,Completed,Fully Paid,5999
ENR0000927,STU003434,PRG006,2024-11-21,Completed,Fully Paid,12999
ENR0000928,STU003435,PRG001,2025-04-14,Completed,Refunded,0
ENR0000929,STU003440,PRG002,2024-09-21,Completed,Fully Paid,19999
ENR0000930,STU003441,PRG009,2024-12-02,Completed,Partially Paid,2500
ENR0000931,STU003451,PRG002,2025-12-31,Completed,Fully Paid,19999
ENR0000932,STU003454,PRG010,2025-11-01,Completed,Fully Paid,5999
ENR0000933,STU003461,PRG001,2025-11-14,Completed,Fully Paid,24999
ENR0000934,STU003464,PRG007,2024-08-11,Dropped,Refunded,0
ENR0000935,STU003465,PRG009,2024-08-17,Completed,Fully Paid,4999
ENR0000936,STU003466,PRG011,2025-11-18,Completed,Partially Paid,1494
ENR0000937,STU003470,PRG001,2025-06-07,Completed,Partially Paid,12601
ENR0000938,STU003482,PRG008,2024-12-24,Dropped,Fully Paid,9999
ENR0000939,STU003484,PRG009,2025-08-05,Completed,Pending,0
ENR0000940,STU003485,PRG011,2024-02-28,Completed,Fully Paid,3999
ENR0000941,STU003487,PRG009,2025-08-21,Dropped,Fully Paid,4999
ENR0000942,STU003488,PRG011,2025-01-01,Completed,Partially Paid,1801
ENR0000943,STU003490,PRG008,2024-04-30,In Progress,Refunded,0
ENR0000944,STU003494,PRG005,2025-01-08,Completed,Fully Paid,14999
ENR0000945,STU003496,PRG002,2025-12-31,Completed,Fully Paid,19999
ENR0000946,STU003506,PRG010,2024-03-28,Completed,Fully Paid,5999
ENR0000947,STU003516,PRG003,2025-03-13,Completed,Fully Paid,32999
ENR0000948,STU003517,PRG002,2024-12-09,Completed,Refunded,0
ENR0000949,STU003518,PRG006,2025-10-12,Dropped,Partially Paid,8234
ENR0000950,STU003522,PRG010,2024-06-17,Completed,Fully Paid,5999
ENR0000951,STU003526,PRG001,2024-10-21,Completed,Fully Paid,24999
ENR0000952,STU003537,PRG007,2024-06-26,Completed,Fully Paid,17999
ENR0000953,STU003538,PRG010,2025-11-24,Completed,Fully Paid,5999
ENR0000954,STU003545,PRG002,2025-09-27,Completed,Fully Paid,19999
ENR0000955,STU003547,PRG011,2025-04-20,Completed,Fully Paid,3999
ENR0000956,STU003548,PRG005,2025-06-26,Completed,Pending,0
ENR0000957,STU003550,PRG003,2024-07-10,Completed,Fully Paid,32999
ENR0000958,STU003551,PRG007,2025-10-19,Completed,Partially Paid,6196
ENR0000959,STU003555,PRG001,2025-11-24,In Progress,Fully Paid,24999
ENR0000960,STU003556,PRG010,2024-05-30,Completed,Fully Paid,5999
ENR0000961,STU003559,PRG010,2024-02-25,Dropped,Fully Paid,5999
ENR0000962,STU003560,PRG001,2024-07-11,Completed,Partially Paid,9289
ENR0000963,STU003566,PRG002,2024-07-12,Completed,Fully Paid,19999
ENR0000964,STU003567,PRG011,2024-01-31,Completed,Fully Paid,3999
ENR0000965,STU003570,PRG001,2024-11-08,Completed,Fully Paid,24999
ENR0000966,STU003572,PRG012,2024-11-13,Completed,Partially Paid,12089
ENR0000967,STU003574,PRG007,2025-08-30,Completed,Fully Paid,17999
ENR0000968,STU003576,PRG011,2025-12-31,Completed,Refunded,0
ENR0000969,STU003584,PRG011,2024-07-05,Completed,Fully Paid,3999
ENR0000970,STU003586,PRG012,2025-04-01,Completed,Fully Paid,21999
ENR0000971,STU003588,PRG001,2025-07-16,Completed,Partially Paid,12019
ENR0000972,STU003590,PRG008,2024-08-16,Completed,Fully Paid,9999
ENR0000973,STU003595,PRG011,2025-03-24,Completed,Partially Paid,2392
ENR0000974,STU003596,PRG010,2025-02-11,Completed,Fully Paid,5999
ENR0000975,STU003597,PRG011,2025-08-06,Completed,Fully Paid,3999
ENR0000976,STU003606,PRG008,2024-03-30,In Progress,Fully Paid,9999
ENR0000977,STU003609,PRG005,2024-09-17,Completed,Fully Paid,14999
ENR0000978,STU003617,PRG011,2024-11-02,Completed,Fully Paid,3999
ENR0000979,STU003621,PRG001,2025-01-05,Completed,Partially Paid,8938
ENR0000980,STU003623,PRG008,2024-03-11,Completed,Pending,0
ENR0000981,STU003626,PRG011,2024-03-01,Completed,Partially Paid,2185
ENR0000982,STU003634,PRG002,2025-04-02,Completed,Fully Paid,19999
ENR0000983,STU003639,PRG001,2025-07-04,Completed,Refunded,0
ENR0000984,STU003648,PRG008,2025-02-24,Completed,Partially Paid,5674
ENR0000985,STU003649,PRG008,2025-12-30,In Progress,Fully Paid,9999
ENR0000986,STU003652,PRG009,2024-05-19,Completed,Fully Paid,4999
ENR0000987,STU003653,PRG012,2024-03-02,Completed,Fully Paid,21999
ENR0000988,STU003661,PRG010,2025-03-29,Dropped,Partially Paid,3709
ENR0000989,STU003663,PRG011,2024-09-11,Completed,Fully Paid,3999
ENR0000990,STU003664,PRG002,2025-06-18,Dropped,Fully Paid,19999
ENR0000991,STU003666,PRG010,2025-11-16,In Progress,Partially Paid,2045
ENR0000992,STU003671,PRG011,2025-10-21,Completed,Refunded,0
ENR0000993,STU003673,PRG005,2024-06-09,Completed,Fully Paid,14999
ENR0000994,STU003674,PRG009,2024-08-08,Completed,Fully Paid,4999
ENR0000995,STU003675,PRG001,2024-03-11,Completed,Fully Paid,24999
ENR0000996,STU003677,PRG009,2024-09-28,Completed,Pending,0
ENR0000997,STU003680,PRG004,2024-03-07,Completed,Fully Paid,27999
ENR0000998,STU003681,PRG004,2024-03-01,Completed,Fully Paid,27999
ENR0000999,STU003690,PRG003,2025-06-22,Completed,Fully Paid,32999
ENR0001000,STU003696,PRG011,2024-11-09,Completed,Fully Paid,3999
ENR0001001,STU003698,PRG004,2024-12-25,Completed,Partially Paid,12601
ENR0001002,STU003701,PRG003,2024-10-31,Completed,Refunded,0
ENR0001003,STU003702,PRG012,2024-09-17,Completed,Pending,0
ENR0001004,STU003708,PRG005,2024-09-05,Completed,Partially Paid,8230
ENR0001005,STU003711,PRG008,2025-07-10,Completed,Fully Paid,9999
ENR0001006,STU003712,PRG002,2024-06-01,Completed,Pending,0
ENR0001007,STU003715,PRG009,2025-12-31,Completed,Fully Paid,4999
ENR0001008,STU003717,PRG003,2025-04-13,Completed,Fully Paid,32999
ENR0001009,STU003718,PRG005,2024-12-06,Completed,Pending,0
ENR0001010,STU003724,PRG003,2025-09-26,Completed,Fully Paid,32999
ENR0001011,STU003726,PRG009,2024-01-29,Completed,Pending,0
ENR0001012,STU003727,PRG010,2025-05-22,Dropped,Fully Paid,5999
ENR0001013,STU003729,PRG011,2025-07-18,Completed,Fully Paid,3999
ENR0001014,STU003731,PRG006,2024-08-04,Completed,Fully Paid,12999
ENR0001015,STU003734,PRG009,2024-10-14,Completed,Partially Paid,3293
ENR0001016,STU003736,PRG003,2025-02-04,Completed,Fully Paid,32999
ENR0001017,STU003738,PRG001,2025-12-31,Completed,Fully Paid,24999
ENR0001018,STU003740,PRG004,2025-10-12,Completed,Partially Paid,18307
ENR0001019,STU003742,PRG004,2024-08-12,Completed,Fully Paid,27999
ENR0001020,STU003744,PRG009,2025-12-31,Completed,Fully Paid,4999
ENR0001021,STU003751,PRG002,2025-01-04,Completed,Fully Paid,19999
ENR0001022,STU003757,PRG011,2025-01-01,Completed,Fully Paid,3999
ENR0001023,STU003761,PRG012,2025-02-02,Completed,Pending,0
ENR0001024,STU003764,PRG010,2024-05-28,Completed,Fully Paid,5999
ENR0001025,STU003768,PRG009,2025-02-12,Completed,Fully Paid,4999
ENR0001026,STU003771,PRG006,2024-07-26,Completed,Fully Paid,12999
ENR0001027,STU003778,PRG001,2025-05-30,Completed,Fully Paid,24999
ENR0001028,STU003780,PRG008,2025-08-27,Completed,Fully Paid,9999
ENR0001029,STU003784,PRG003,2024-08-29,Completed,Fully Paid,32999
ENR0001030,STU003792,PRG004,2024-12-08,Completed,Fully Paid,27999
ENR0001031,STU003798,PRG005,2025-04-13,Completed,Fully Paid,14999
ENR0001032,STU003802,PRG008,2024-05-24,Completed,Partially Paid,4644
ENR0001033,STU003810,PRG010,2024-12-06,Completed,Fully Paid,5999
ENR0001034,STU003819,PRG011,2024-06-19,Completed,Fully Paid,3999
ENR0001035,STU003821,PRG010,2025-08-17,Completed,Fully Paid,5999
ENR0001036,STU003822,PRG002,2025-02-08,Completed,Fully Paid,19999
ENR0001037,STU003824,PRG002,2025-12-08,Completed,Fully Paid,19999
ENR0001038,STU003826,PRG008,2024-08-10,Dropped,Fully Paid,9999
ENR0001039,STU003827,PRG009,2024-09-03,Completed,Fully Paid,4999
ENR0001040,STU003831,PRG001,2024-06-20,Completed,Fully Paid,24999
ENR0001041,STU003838,PRG011,2024-05-15,Completed,Fully Paid,3999
ENR0001042,STU003845,PRG007,2025-11-20,Completed,Fully Paid,17999
ENR0001043,STU003849,PRG001,2025-12-07,Completed,Fully Paid,24999
ENR0001044,STU003851,PRG004,2025-12-31,Completed,Fully Paid,27999
ENR0001045,STU003854,PRG010,2024-08-13,Completed,Fully Paid,5999
ENR0001046,STU003856,PRG008,2025-12-31,Completed,Partially Paid,6296
ENR0001047,STU003857,PRG010,2024-05-24,Completed,Fully Paid,5999
ENR0001048,STU003859,PRG010,2025-06-04,Completed,Partially Paid,2422
ENR0001049,STU003861,PRG008,2024-11-23,Completed,Partially Paid,6560
ENR0001050,STU003865,PRG006,2025-05-31,Completed,Fully Paid,12999
ENR0001051,STU003868,PRG009,2024-09-15,Completed,Fully Paid,4999
ENR0001052,STU003870,PRG012,2025-03-18,Completed,Fully Paid,21999
ENR0001053,STU003873,PRG011,2024-10-04,Completed,Pending,0
ENR0001054,STU003877,PRG003,2025-12-31,Completed,Fully Paid,32999
ENR0001055,STU003880,PRG010,2025-01-23,Completed,Fully Paid,5999
ENR0001056,STU003883,PRG006,2024-02-27,Completed,Fully Paid,12999
ENR0001057,STU003901,PRG011,2024-04-30,Completed,Fully Paid,3999
ENR0001058,STU003903,PRG002,2024-08-05,Completed,Fully Paid,19999
ENR0001059,STU003908,PRG002,2024-06-26,Completed,Fully Paid,19999
ENR0001060,STU003913,PRG012,2025-04-24,Completed,Fully Paid,21999
ENR0001061,STU003915,PRG012,2024-10-04,Completed,Fully Paid,21999
ENR0001062,STU003919,PRG010,2025-11-15,Completed,Fully Paid,5999
ENR0001063,STU003920,PRG010,2025-05-13,Completed,Fully Paid,5999
ENR0001064,STU003921,PRG009,2024-10-29,Completed,Fully Paid,4999
ENR0001065,STU003925,PRG004,2024-10-10,Dropped,Fully Paid,27999
ENR0001066,STU003926,PRG009,2024-03-07,Completed,Fully Paid,4999
ENR0001067,STU003933,PRG012,2025-09-13,Completed,Fully Paid,21999
ENR0001068,STU003934,PRG012,2025-12-28,Completed,Refunded,0
ENR0001069,STU003936,PRG006,2025-08-27,Completed,Fully Paid,12999
ENR0001070,STU003938,PRG007,2025-08-28,Completed,Fully Paid,17999
ENR0001071,STU003939,PRG008,2025-07-28,Dropped,Fully Paid,9999
ENR0001072,STU003940,PRG003,2025-11-10,Completed,Partially Paid,15327
ENR0001073,STU003942,PRG012,2025-03-11,Dropped,Fully Paid,21999
ENR0001074,STU003947,PRG012,2025-06-08,Completed,Pending,0
ENR0001075,STU003948,PRG002,2025-07-30,Completed,Refunded,0
ENR0001076,STU003954,PRG008,2025-06-26,Completed,Fully Paid,9999
ENR0001077,STU003969,PRG002,2025-12-02,Completed,Pending,0
ENR0001078,STU003970,PRG011,2024-04-21,Completed,Fully Paid,3999
ENR0001079,STU003971,PRG005,2024-11-11,Completed,Partially Paid,10029
ENR0001080,STU003972,PRG009,2025-10-26,Completed,Fully Paid,4999
ENR0001081,STU003973,PRG006,2025-10-19,Dropped,Fully Paid,12999
ENR0001082,STU003976,PRG003,2024-10-02,Completed,Partially Paid,16569
ENR0001083,STU003985,PRG009,2025-12-31,Dropped,Fully Paid,4999
ENR0001084,STU003989,PRG004,2025-02-14,In Progress,Fully Paid,27999
ENR0001085,STU003990,PRG007,2025-10-30,Completed,Fully Paid,17999
ENR0001086,STU003996,PRG007,2025-08-19,In Progress,Fully Paid,17999
ENR0001087,STU003999,PRG010,2025-08-20,Completed,Partially Paid,1872
ENR0001088,STU004002,PRG004,2025-05-04,Completed,Fully Paid,27999
ENR0001089,STU004003,PRG007,2024-02-16,Completed,Fully Paid,17999
ENR0001090,STU004007,PRG012,2025-04-08,Dropped,Fully Paid,21999
ENR0001091,STU004009,PRG012,2025-11-14,Completed,Fully Paid,21999
ENR0001092,STU004010,PRG002,2025-04-18,Completed,Fully Paid,19999
ENR0001093,STU004014,PRG008,2024-11-04,Completed,Fully Paid,9999
ENR0001094,STU004017,PRG009,2025-05-28,Completed,Fully Paid,4999
ENR0001095,STU004022,PRG005,2025-07-04,Completed,Fully Paid,14999
ENR0001096,STU004023,PRG001,2025-11-25,In Progress,Fully Paid,24999
ENR0001097,STU004029,PRG012,2025-01-29,Completed,Partially Paid,6981
ENR0001098,STU004030,PRG004,2024-09-22,Completed,Refunded,0
ENR0001099,STU004031,PRG002,2024-03-15,Completed,Fully Paid,19999
ENR0001100,STU004037,PRG006,2024-07-04,In Progress,Fully Paid,12999
ENR0001101,STU004040,PRG007,2025-08-24,Completed,Fully Paid,17999
ENR0001102,STU004041,PRG008,2024-02-26,Dropped,Fully Paid,9999
ENR0001103,STU004049,PRG005,2025-07-01,Completed,Fully Paid,14999
ENR0001104,STU004054,PRG002,2025-07-03,Completed,Fully Paid,19999
ENR0001105,STU004055,PRG002,2025-02-27,Completed,Fully Paid,19999
ENR0001106,STU004058,PRG009,2024-07-18,Completed,Refunded,0
ENR0001107,STU004064,PRG002,2025-07-07,Completed,Fully Paid,19999
ENR0001108,STU004065,PRG010,2024-03-24,Completed,Fully Paid,5999
ENR0001109,STU004067,PRG010,2025-06-12,Completed,Fully Paid,5999
ENR0001110,STU004070,PRG001,2025-05-13,Completed,Fully Paid,24999
ENR0001111,STU004077,PRG009,2025-11-12,Completed,Fully Paid,4999
ENR0001112,STU004080,PRG009,2025-09-28,Completed,Fully Paid,4999
ENR0001113,STU004085,PRG011,2024-10-04,Completed,Fully Paid,3999
ENR0001114,STU004088,PRG010,2024-12-01,Completed,Fully Paid,5999
ENR0001115,STU004093,PRG010,2025-06-29,Completed,Pending,0
ENR0001116,STU004095,PRG010,2024-12-18,Completed,Fully Paid,5999
ENR0001117,STU004098,PRG009,2025-11-23,Completed,Fully Paid,4999
ENR0001118,STU004102,PRG009,2025-01-13,Completed,Fully Paid,4999
ENR0001119,STU004104,PRG009,2025-07-09,Completed,Partially Paid,2386
ENR0001120,STU004110,PRG008,2024-07-06,Completed,Pending,0
ENR0001121,STU004119,PRG006,2025-12-31,Completed,Fully Paid,12999
ENR0001122,STU004120,PRG012,2025-01-31,Completed,Partially Paid,13031
ENR0001123,STU004124,PRG010,2024-11-07,Dropped,Fully Paid,5999
ENR0001124,STU004125,PRG010,2025-06-01,Completed,Partially Paid,2061
ENR0001125,STU004127,PRG005,2024-12-18,Completed,Fully Paid,14999
ENR0001126,STU004129,PRG008,2024-12-27,In Progress,Fully Paid,9999
ENR0001127,STU004133,PRG005,2025-08-29,Completed,Partially Paid,10186
ENR0001128,STU004134,PRG004,2024-08-02,Completed,Fully Paid,27999
ENR0001129,STU004135,PRG010,2024-10-16,Completed,Fully Paid,5999
ENR0001130,STU004138,PRG002,2024-01-20,Completed,Partially Paid,10065
ENR0001131,STU004145,PRG002,2024-05-26,Completed,Fully Paid,19999
ENR0001132,STU004147,PRG010,2025-12-28,Completed,Pending,0
ENR0001133,STU004150,PRG001,2025-05-25,Dropped,Fully Paid,24999
ENR0001134,STU004157,PRG008,2025-08-10,Completed,Pending,0
ENR0001135,STU004162,PRG010,2025-10-01,Completed,Fully Paid,5999
ENR0001136,STU004163,PRG009,2024-10-13,Completed,Partially Paid,1584
ENR0001137,STU004164,PRG012,2024-10-04,Completed,Refunded,0
ENR0001138,STU004171,PRG006,2025-04-17,Completed,Partially Paid,6976
ENR0001139,STU004180,PRG009,2025-10-18,Completed,Fully Paid,4999
ENR0001140,STU004184,PRG011,2025-09-08,Completed,Partially Paid,2284
ENR0001141,STU004192,PRG005,2025-07-02,Completed,Fully Paid,14999
ENR0001142,STU004198,PRG010,2024-10-03,Completed,Partially Paid,2156
ENR0001143,STU004200,PRG010,2025-10-08,Dropped,Fully Paid,5999
ENR0001144,STU004201,PRG005,2025-07-19,In Progress,Refunded,0
ENR0001145,STU004204,PRG005,2025-05-19,Completed,Partially Paid,7596
ENR0001146,STU004206,PRG002,2024-08-29,Completed,Fully Paid,19999
ENR0001147,STU004211,PRG008,2024-08-18,Completed,Fully Paid,9999
ENR0001148,STU004214,PRG003,2024-05-21,Completed,Fully Paid,32999
ENR0001149,STU004221,PRG009,2025-07-20,Dropped,Fully Paid,4999
ENR0001150,STU004228,PRG002,2025-11-10,Dropped,Partially Paid,10423
ENR0001151,STU004245,PRG009,2024-07-15,Completed,Partially Paid,1665
ENR0001152,STU004247,PRG006,2025-09-16,Dropped,Fully Paid,12999
ENR0001153,STU004250,PRG009,2025-09-06,Completed,Fully Paid,4999
ENR0001154,STU004254,PRG010,2025-10-14,Completed,Partially Paid,3223
ENR0001155,STU004257,PRG001,2024-03-24,Completed,Fully Paid,24999
ENR0001156,STU004259,PRG001,2024-03-25,Completed,Fully Paid,24999
ENR0001157,STU004261,PRG002,2025-11-26,Completed,Fully Paid,19999
ENR0001158,STU004262,PRG005,2025-09-17,Completed,Fully Paid,14999
ENR0001159,STU004263,PRG005,2025-04-05,Completed,Fully Paid,14999
ENR0001160,STU004264,PRG002,2024-10-04,Completed,Partially Paid,12745
ENR0001161,STU004267,PRG002,2025-06-12,Dropped,Fully Paid,19999
ENR0001162,STU004270,PRG010,2025-02-16,Completed,Partially Paid,2020
ENR0001163,STU004271,PRG005,2025-11-02,Completed,Fully Paid,14999
ENR0001164,STU004273,PRG005,2024-03-18,Completed,Fully Paid,14999
ENR0001165,STU004277,PRG008,2024-01-12,Completed,Fully Paid,9999
ENR0001166,STU004279,PRG005,2024-06-12,Completed,Fully Paid,14999
ENR0001167,STU004280,PRG001,2024-05-02,Completed,Fully Paid,24999
ENR0001168,STU004281,PRG011,2024-10-15,Completed,Refunded,0
ENR0001169,STU004287,PRG009,2025-09-03,Completed,Partially Paid,3051
ENR0001170,STU004290,PRG001,2024-12-15,Completed,Fully Paid,24999
ENR0001171,STU004294,PRG003,2025-04-24,Completed,Fully Paid,32999
ENR0001172,STU004302,PRG008,2025-05-07,In Progress,Partially Paid,3318
ENR0001173,STU004305,PRG005,2024-06-01,Completed,Fully Paid,14999
ENR0001174,STU004309,PRG009,2025-12-12,Completed,Fully Paid,4999
ENR0001175,STU004313,PRG010,2024-01-12,Completed,Partially Paid,3165
ENR0001176,STU004314,PRG009,2025-12-27,Completed,Fully Paid,4999
ENR0001177,STU004315,PRG009,2025-05-30,Completed,Fully Paid,4999
ENR0001178,STU004316,PRG002,2024-08-08,Dropped,Fully Paid,19999
ENR0001179,STU004317,PRG008,2025-08-21,In Progress,Fully Paid,9999
ENR0001180,STU004318,PRG010,2024-04-25,Dropped,Pending,0
ENR0001181,STU004324,PRG001,2024-05-24,Dropped,Partially Paid,9864
ENR0001182,STU004327,PRG005,2025-06-24,Completed,Fully Paid,14999
ENR0001183,STU004328,PRG009,2025-06-18,Completed,Fully Paid,4999
ENR0001184,STU004329,PRG010,2024-07-20,Completed,Fully Paid,5999
ENR0001185,STU004331,PRG010,2024-06-02,Completed,Fully Paid,5999
ENR0001186,STU004334,PRG003,2024-09-30,Completed,Partially Paid,11689
ENR0001187,STU004336,PRG008,2025-08-03,Dropped,Partially Paid,4752
ENR0001188,STU004350,PRG007,2025-01-23,Completed,Fully Paid,17999
ENR0001189,STU004351,PRG006,2024-08-15,Completed,Fully Paid,12999
ENR0001190,STU004357,PRG011,2024-01-15,Dropped,Fully Paid,3999
ENR0001191,STU004359,PRG003,2024-06-06,Completed,Fully Paid,32999
ENR0001192,STU004364,PRG001,2024-02-12,Completed,Fully Paid,24999
ENR0001193,STU004365,PRG010,2025-04-21,Completed,Fully Paid,5999
ENR0001194,STU004376,PRG012,2024-07-28,Completed,Fully Paid,21999
ENR0001195,STU004377,PRG009,2024-10-22,Completed,Fully Paid,4999
ENR0001196,STU004381,PRG011,2024-09-22,Completed,Fully Paid,3999
ENR0001197,STU004383,PRG001,2025-06-30,Completed,Fully Paid,24999
ENR0001198,STU004388,PRG004,2024-09-14,Completed,Fully Paid,27999
ENR0001199,STU004390,PRG009,2025-09-05,Completed,Refunded,0
ENR0001200,STU004396,PRG003,2025-05-28,Completed,Partially Paid,20994
ENR0001201,STU004401,PRG010,2024-06-26,Completed,Fully Paid,5999
ENR0001202,STU004405,PRG001,2024-08-10,Completed,Fully Paid,24999
ENR0001203,STU004409,PRG001,2025-02-02,Dropped,Fully Paid,24999
ENR0001204,STU004419,PRG007,2025-09-30,Completed,Partially Paid,9130
ENR0001205,STU004420,PRG009,2025-09-22,Completed,Partially Paid,1637
ENR0001206,STU004421,PRG010,2025-06-22,Dropped,Pending,0
ENR0001207,STU004422,PRG004,2025-01-25,Completed,Fully Paid,27999
ENR0001208,STU004424,PRG005,2025-03-29,Completed,Pending,0
ENR0001209,STU004429,PRG005,2025-05-25,Completed,Fully Paid,14999
ENR0001210,STU004430,PRG004,2025-03-17,Completed,Fully Paid,27999
ENR0001211,STU004444,PRG011,2025-12-25,Completed,Fully Paid,3999
ENR0001212,STU004446,PRG005,2024-03-08,Completed,Fully Paid,14999
ENR0001213,STU004448,PRG011,2025-03-20,Completed,Pending,0
ENR0001214,STU004455,PRG009,2025-12-31,In Progress,Fully Paid,4999
ENR0001215,STU004457,PRG006,2025-08-08,Completed,Pending,0
ENR0001216,STU004462,PRG011,2025-04-25,Completed,Fully Paid,3999
ENR0001217,STU004468,PRG001,2024-07-29,Dropped,Fully Paid,24999
ENR0001218,STU004475,PRG010,2024-08-05,Dropped,Fully Paid,5999
ENR0001219,STU004478,PRG012,2024-06-19,Completed,Fully Paid,21999
ENR0001220,STU004480,PRG009,2025-11-07,Completed,Fully Paid,4999
ENR0001221,STU004482,PRG007,2024-08-29,Dropped,Fully Paid,17999
ENR0001222,STU004486,PRG004,2024-03-17,Dropped,Fully Paid,27999
ENR0001223,STU004488,PRG010,2024-09-13,Dropped,Partially Paid,2229
ENR0001224,STU004491,PRG010,2024-06-30,In Progress,Fully Paid,5999
ENR0001225,STU004492,PRG009,2025-06-12,Completed,Refunded,0
ENR0001226,STU004493,PRG002,2024-07-05,Completed,Fully Paid,19999
ENR0001227,STU004494,PRG004,2025-12-06,Completed,Partially Paid,10661
ENR0001228,STU004496,PRG002,2024-02-08,Completed,Fully Paid,19999
ENR0001229,STU004497,PRG002,2025-11-18,Completed,Fully Paid,19999
ENR0001230,STU004498,PRG002,2024-09-30,Completed,Fully Paid,19999
ENR0001231,STU004499,PRG005,2025-09-28,Completed,Fully Paid,14999
ENR0001232,STU004504,PRG001,2024-06-11,Completed,Fully Paid,24999
ENR0001233,STU004508,PRG001,2024-04-22,In Progress,Partially Paid,9184
ENR0001234,STU004509,PRG010,2025-05-05,Completed,Fully Paid,5999
ENR0001235,STU004512,PRG009,2024-09-13,Completed,Fully Paid,4999
ENR0001236,STU004516,PRG001,2025-02-12,Completed,Fully Paid,24999
ENR0001237,STU004517,PRG001,2024-06-08,Completed,Fully Paid,24999
ENR0001238,STU004519,PRG002,2025-12-31,Completed,Fully Paid,19999
ENR0001239,STU004523,PRG001,2025-10-01,Completed,Refunded,0
ENR0001240,STU004529,PRG001,2024-03-23,Completed,Fully Paid,24999
ENR0001241,STU004537,PRG010,2024-07-30,Completed,Fully Paid,5999
ENR0001242,STU004540,PRG003,2024-09-24,Completed,Fully Paid,32999
ENR0001243,STU004542,PRG010,2025-12-20,Dropped,Fully Paid,5999
ENR0001244,STU004545,PRG001,2025-07-23,Completed,Fully Paid,24999
ENR0001245,STU004547,PRG003,2024-07-28,Completed,Pending,0
ENR0001246,STU004557,PRG010,2025-08-23,Completed,Fully Paid,5999
ENR0001247,STU004561,PRG005,2024-09-09,Completed,Fully Paid,14999
ENR0001248,STU004563,PRG001,2024-05-01,Completed,Fully Paid,24999
ENR0001249,STU004569,PRG001,2024-09-25,Dropped,Fully Paid,24999
ENR0001250,STU004570,PRG003,2024-04-08,Completed,Fully Paid,32999
ENR0001251,STU004571,PRG009,2024-03-20,Completed,Fully Paid,4999
ENR0001252,STU004573,PRG003,2025-11-20,Dropped,Fully Paid,32999
ENR0001253,STU004576,PRG012,2024-11-18,Completed,Fully Paid,21999
ENR0001254,STU004579,PRG004,2024-06-26,Completed,Fully Paid,27999
ENR0001255,STU004580,PRG005,2025-04-29,Completed,Fully Paid,14999
ENR0001256,STU004584,PRG002,2025-09-27,Completed,Partially Paid,13652
ENR0001257,STU004585,PRG006,2025-12-31,Completed,Fully Paid,12999
ENR0001258,STU004588,PRG009,2025-08-10,Completed,Partially Paid,1669
ENR0001259,STU004590,PRG008,2024-08-10,Completed,Refunded,0
ENR0001260,STU004592,PRG010,2025-12-31,Dropped,Fully Paid,5999
ENR0001261,STU004594,PRG008,2025-06-15,Completed,Fully Paid,9999
ENR0001262,STU004597,PRG010,2024-03-19,In Progress,Refunded,0
ENR0001263,STU004601,PRG002,2025-10-20,Completed,Fully Paid,19999
ENR0001264,STU004602,PRG006,2024-05-31,Completed,Fully Paid,12999
ENR0001265,STU004609,PRG010,2025-01-26,In Progress,Fully Paid,5999
ENR0001266,STU004610,PRG010,2025-12-31,Completed,Fully Paid,5999
ENR0001267,STU004612,PRG001,2024-06-22,Completed,Pending,0
ENR0001268,STU004618,PRG011,2025-04-28,Completed,Fully Paid,3999
ENR0001269,STU004620,PRG005,2025-03-18,Completed,Fully Paid,14999
ENR0001270,STU004632,PRG001,2024-07-24,Completed,Partially Paid,17130
ENR0001271,STU004634,PRG009,2024-02-02,Completed,Fully Paid,4999
ENR0001272,STU004635,PRG005,2025-01-21,Completed,Fully Paid,14999
ENR0001273,STU004642,PRG010,2025-01-05,Completed,Fully Paid,5999
ENR0001274,STU004644,PRG004,2025-08-26,Dropped,Fully Paid,27999
ENR0001275,STU004647,PRG002,2025-08-05,Completed,Fully Paid,19999
ENR0001276,STU004652,PRG009,2025-06-30,Completed,Fully Paid,4999
ENR0001277,STU004659,PRG005,2024-05-24,Completed,Refunded,0
ENR0001278,STU004660,PRG001,2024-11-01,Completed,Pending,0
ENR0001279,STU004664,PRG011,2025-06-26,Completed,Fully Paid,3999
ENR0001280,STU004665,PRG010,2024-11-17,Completed,Fully Paid,5999
ENR0001281,STU004667,PRG002,2024-02-01,Completed,Fully Paid,19999
ENR0001282,STU004672,PRG003,2024-12-22,Completed,Fully Paid,32999
ENR0001283,STU004677,PRG009,2025-11-05,Completed,Fully Paid,4999
ENR0001284,STU004678,PRG009,2025-11-06,Completed,Fully Paid,4999
ENR0001285,STU004681,PRG010,2025-09-15,Completed,Fully Paid,5999
ENR0001286,STU004684,PRG008,2025-08-19,Completed,Fully Paid,9999
ENR0001287,STU004686,PRG010,2025-02-12,Completed,Fully Paid,5999
ENR0001288,STU004689,PRG009,2024-09-06,Dropped,Fully Paid,4999
ENR0001289,STU004700,PRG001,2025-01-21,Completed,Fully Paid,24999
ENR0001290,STU004701,PRG009,2025-12-31,Completed,Fully Paid,4999
ENR0001291,STU004710,PRG004,2024-06-09,In Progress,Fully Paid,27999
ENR0001292,STU004711,PRG011,2024-03-12,Completed,Fully Paid,3999
ENR0001293,STU004715,PRG003,2025-01-19,Dropped,Fully Paid,32999
ENR0001294,STU004716,PRG009,2025-07-09,Completed,Fully Paid,4999
ENR0001295,STU004717,PRG001,2024-07-15,Completed,Fully Paid,24999
ENR0001296,STU004723,PRG004,2024-08-23,In Progress,Fully Paid,27999
ENR0001297,STU004724,PRG004,2024-10-06,Completed,Fully Paid,27999
ENR0001298,STU004731,PRG009,2024-05-31,Completed,Fully Paid,4999
ENR0001299,STU004734,PRG001,2024-03-03,Completed,Fully Paid,24999
ENR0001300,STU004739,PRG003,2024-10-15,Completed,Pending,0
ENR0001301,STU004745,PRG010,2024-10-14,Completed,Fully Paid,5999
ENR0001302,STU004748,PRG005,2024-02-16,Completed,Fully Paid,14999
ENR0001303,STU004760,PRG012,2025-12-31,Completed,Fully Paid,21999
ENR0001304,STU004763,PRG002,2024-01-31,Completed,Partially Paid,7681
ENR0001305,STU004767,PRG009,2025-06-23,Completed,Partially Paid,2038
ENR0001306,STU004768,PRG009,2024-04-05,Completed,Fully Paid,4999
ENR0001307,STU004769,PRG002,2024-05-14,Completed,Fully Paid,19999
ENR0001308,STU004777,PRG007,2024-01-09,Completed,Refunded,0
ENR0001309,STU004778,PRG005,2024-08-23,Completed,Fully Paid,14999
ENR0001310,STU004781,PRG002,2025-04-29,Completed,Fully Paid,19999
ENR0001311,STU004784,PRG006,2024-01-18,Completed,Pending,0
ENR0001312,STU004785,PRG003,2025-07-05,Completed,Fully Paid,32999
ENR0001313,STU004787,PRG011,2025-04-30,Completed,Fully Paid,3999
ENR0001314,STU004788,PRG001,2025-03-21,Completed,Fully Paid,24999
ENR0001315,STU004800,PRG005,2024-08-10,Completed,Fully Paid,14999
ENR0001316,STU004801,PRG001,2024-05-22,Completed,Partially Paid,15568
ENR0001317,STU004805,PRG006,2025-11-20,Dropped,Fully Paid,12999
ENR0001318,STU004806,PRG002,2024-01-29,Completed,Fully Paid,19999
ENR0001319,STU004808,PRG011,2024-05-25,Completed,Fully Paid,3999
ENR0001320,STU004809,PRG008,2025-07-18,Completed,Fully Paid,9999
ENR0001321,STU004811,PRG002,2024-12-30,Completed,Fully Paid,19999
ENR0001322,STU004812,PRG010,2025-03-23,In Progress,Fully Paid,5999
ENR0001323,STU004815,PRG008,2025-04-02,Completed,Fully Paid,9999
ENR0001324,STU004817,PRG009,2024-03-06,Completed,Fully Paid,4999
ENR0001325,STU004820,PRG007,2025-06-17,Completed,Fully Paid,17999
ENR0001326,STU004822,PRG010,2025-09-20,Completed,Fully Paid,5999
ENR0001327,STU004825,PRG003,2025-06-17,Completed,Partially Paid,21287
ENR0001328,STU004832,PRG007,2024-08-15,Dropped,Fully Paid,17999
ENR0001329,STU004833,PRG010,2024-06-22,Completed,Fully Paid,5999
ENR0001330,STU004842,PRG010,2025-09-21,Completed,Partially Paid,3546
ENR0001331,STU004845,PRG003,2024-10-12,In Progress,Partially Paid,19879
ENR0001332,STU004848,PRG011,2025-10-20,Dropped,Fully Paid,3999
ENR0001333,STU004849,PRG001,2025-01-18,Completed,Fully Paid,24999
ENR0001334,STU004851,PRG002,2024-07-28,Completed,Fully Paid,19999
ENR0001335,STU004853,PRG001,2024-01-17,Completed,Fully Paid,24999
ENR0001336,STU004855,PRG010,2025-06-02,In Progress,Fully Paid,5999
ENR0001337,STU004856,PRG008,2024-04-03,Completed,Fully Paid,9999
ENR0001338,STU004858,PRG003,2025-07-17,Completed,Refunded,0
ENR0001339,STU004860,PRG008,2024-05-08,Completed,Partially Paid,5555
ENR0001340,STU004862,PRG004,2025-03-15,Completed,Fully Paid,27999
ENR0001341,STU004865,PRG001,2025-03-05,Completed,Fully Paid,24999
ENR0001342,STU004868,PRG003,2024-09-18,Completed,Fully Paid,32999
ENR0001343,STU004875,PRG004,2024-09-09,Completed,Fully Paid,27999
ENR0001344,STU004876,PRG011,2024-07-28,Completed,Partially Paid,1245
ENR0001345,STU004877,PRG002,2025-05-08,Completed,Fully Paid,19999
ENR0001346,STU004878,PRG002,2025-04-23,Completed,Fully Paid,19999
ENR0001347,STU004883,PRG011,2025-10-02,Completed,Pending,0
ENR0001348,STU004884,PRG011,2024-07-15,Completed,Pending,0
ENR0001349,STU004885,PRG010,2024-03-11,Completed,Fully Paid,5999
ENR0001350,STU004887,PRG003,2024-04-04,Dropped,Fully Paid,32999
ENR0001351,STU004888,PRG001,2025-07-12,Completed,Fully Paid,24999
ENR0001352,STU004889,PRG003,2025-11-23,Dropped,Partially Paid,17381
ENR0001353,STU004893,PRG009,2024-10-04,Completed,Fully Paid,4999
ENR0001354,STU004894,PRG003,2025-08-18,Dropped,Partially Paid,21572
ENR0001355,STU004896,PRG011,2024-10-31,Completed,Fully Paid,3999
ENR0001356,STU004903,PRG007,2025-05-22,Completed,Fully Paid,17999
ENR0001357,STU004906,PRG011,2024-12-09,Completed,Fully Paid,3999
ENR0001358,STU004907,PRG009,2025-12-31,Completed,Fully Paid,4999
ENR0001359,STU004912,PRG010,2024-10-31,Completed,Fully Paid,5999
ENR0001360,STU004914,PRG001,2025-10-26,Completed,Fully Paid,24999
ENR0001361,STU004916,PRG009,2024-06-11,Completed,Partially Paid,2104
ENR0001362,STU004918,PRG006,2024-11-10,Dropped,Fully Paid,12999
ENR0001363,STU004928,PRG011,2025-03-26,Completed,Fully Paid,3999
ENR0001364,STU004931,PRG004,2025-05-28,In Progress,Fully Paid,27999
ENR0001365,STU004936,PRG001,2024-10-16,Completed,Partially Paid,13347
ENR0001366,STU004943,PRG007,2024-08-07,Completed,Fully Paid,17999
ENR0001367,STU004949,PRG006,2024-08-19,Completed,Fully Paid,12999
ENR0001368,STU004954,PRG004,2025-08-02,Completed,Fully Paid,27999
ENR0001369,STU004958,PRG012,2024-08-21,Dropped,Fully Paid,21999
ENR0001370,STU004962,PRG002,2025-08-09,Completed,Fully Paid,19999
ENR0001371,STU004971,PRG001,2025-10-06,Dropped,Fully Paid,24999
ENR0001372,STU004976,PRG009,2024-10-03,Completed,Fully Paid,4999
ENR0001373,STU004990,PRG008,2024-12-01,Dropped,Fully Paid,9999
ENR0001374,STU004992,PRG002,2024-12-07,Completed,Partially Paid,7955
ENR0001375,STU004995,PRG001,2024-03-01,Completed,Fully Paid,24999
ENR0001376,STU004999,PRG004,2025-08-26,Completed,Fully Paid,27999
ENR0001377,STU005002,PRG006,2024-08-09,Completed,Refunded,0
ENR0001378,STU005004,PRG009,2025-09-24,Completed,Fully Paid,4999
ENR0001379,STU005006,PRG007,2024-08-05,Dropped,Fully Paid,17999
ENR0001380,STU005008,PRG011,2024-06-01,Completed,Fully Paid,3999
ENR0001381,STU005009,PRG001,2025-04-04,Completed,Partially Paid,12078
ENR0001382,STU005022,PRG009,2025-07-20,Completed,Partially Paid,2008
ENR0001383,STU005024,PRG006,2024-12-02,Completed,Fully Paid,12999
ENR0001384,STU005026,PRG004,2025-05-12,Completed,Fully Paid,27999
ENR0001385,STU005027,PRG005,2025-02-10,Completed,Fully Paid,14999
ENR0001386,STU005032,PRG001,2024-12-04,Completed,Partially Paid,13493
ENR0001387,STU005035,PRG002,2025-12-11,Completed,Partially Paid,7006
ENR0001388,STU005042,PRG008,2024-09-15,In Progress,Fully Paid,9999
ENR0001389,STU005053,PRG010,2024-07-08,Dropped,Fully Paid,5999
ENR0001390,STU005054,PRG006,2024-07-20,In Progress,Fully Paid,12999
ENR0001391,STU005062,PRG009,2024-11-21,Completed,Fully Paid,4999
ENR0001392,STU005063,PRG002,2024-08-31,Completed,Fully Paid,19999
ENR0001393,STU005065,PRG010,2025-09-12,Dropped,Fully Paid,5999
ENR0001394,STU005066,PRG011,2025-02-19,Completed,Partially Paid,1322
ENR0001395,STU005073,PRG012,2025-02-12,Completed,Partially Paid,14187
ENR0001396,STU005074,PRG005,2025-02-25,Completed,Partially Paid,9798
ENR0001397,STU005075,PRG010,2025-03-11,Completed,Fully Paid,5999
ENR0001398,STU005079,PRG011,2025-12-03,Completed,Fully Paid,3999
ENR0001399,STU005080,PRG012,2025-01-15,Completed,Partially Paid,10813
ENR0001400,STU005086,PRG005,2024-11-15,Completed,Fully Paid,14999
ENR0001401,STU005089,PRG009,2025-06-05,Completed,Fully Paid,4999
ENR0001402,STU005090,PRG010,2025-02-14,Completed,Fully Paid,5999
ENR0001403,STU005093,PRG011,2025-03-08,Completed,Pending,0
ENR0001404,STU005094,PRG011,2025-11-02,Completed,Pending,0
ENR0001405,STU005095,PRG007,2024-04-08,Completed,Fully Paid,17999
ENR0001406,STU005099,PRG005,2024-05-06,Completed,Refunded,0
ENR0001407,STU005100,PRG010,2025-10-03,Completed,Fully Paid,5999
ENR0001408,STU005104,PRG003,2025-02-18,Completed,Fully Paid,32999
ENR0001409,STU005106,PRG010,2025-05-09,In Progress,Pending,0
ENR0001410,STU005107,PRG006,2024-08-07,Completed,Fully Paid,12999
ENR0001411,STU005109,PRG003,2025-08-28,Completed,Pending,0
ENR0001412,STU005110,PRG011,2024-07-13,Completed,Fully Paid,3999
ENR0001413,STU005111,PRG005,2024-06-10,Completed,Fully Paid,14999
ENR0001414,STU005117,PRG009,2024-05-26,Completed,Fully Paid,4999
ENR0001415,STU005118,PRG001,2025-09-08,Completed,Fully Paid,24999
ENR0001416,STU005121,PRG001,2025-12-12,Completed,Fully Paid,24999
ENR0001417,STU005126,PRG005,2025-12-31,Completed,Fully Paid,14999
ENR0001418,STU005129,PRG007,2025-03-11,Completed,Fully Paid,17999
ENR0001419,STU005130,PRG010,2025-08-02,Dropped,Fully Paid,5999
ENR0001420,STU005144,PRG011,2024-07-25,Completed,Pending,0
ENR0001421,STU005145,PRG006,2024-10-21,Completed,Partially Paid,7933
ENR0001422,STU005147,PRG009,2024-03-08,Completed,Fully Paid,4999
ENR0001423,STU005149,PRG011,2025-03-19,Completed,Fully Paid,3999
ENR0001424,STU005151,PRG007,2024-01-26,Completed,Pending,0
ENR0001425,STU005153,PRG011,2025-02-20,Completed,Refunded,0
ENR0001426,STU005154,PRG001,2025-01-20,Completed,Fully Paid,24999
ENR0001427,STU005158,PRG010,2025-07-02,Completed,Partially Paid,2649
ENR0001428,STU005167,PRG009,2024-08-26,Completed,Fully Paid,4999
ENR0001429,STU005169,PRG001,2025-03-24,Completed,Fully Paid,24999
ENR0001430,STU005172,PRG001,2025-03-31,Dropped,Fully Paid,24999
ENR0001431,STU005175,PRG003,2024-08-28,Completed,Partially Paid,12817
ENR0001432,STU005178,PRG009,2025-10-04,Completed,Fully Paid,4999
ENR0001433,STU005180,PRG008,2024-02-17,Completed,Fully Paid,9999
ENR0001434,STU005182,PRG002,2025-11-30,Dropped,Fully Paid,19999
ENR0001435,STU005186,PRG004,2024-11-19,Completed,Fully Paid,27999
ENR0001436,STU005188,PRG006,2024-02-27,Completed,Fully Paid,12999
ENR0001437,STU005197,PRG010,2024-11-16,Completed,Fully Paid,5999
ENR0001438,STU005200,PRG003,2025-09-11,Dropped,Fully Paid,32999
ENR0001439,STU005203,PRG008,2025-06-05,Completed,Fully Paid,9999
ENR0001440,STU005206,PRG009,2024-06-13,Completed,Fully Paid,4999
ENR0001441,STU005211,PRG010,2024-05-28,Completed,Partially Paid,3840
ENR0001442,STU005214,PRG001,2025-08-15,Completed,Partially Paid,14230
ENR0001443,STU005218,PRG001,2024-11-03,Completed,Fully Paid,24999
ENR0001444,STU005222,PRG009,2025-07-24,Completed,Partially Paid,2759
ENR0001445,STU005226,PRG005,2025-10-12,Completed,Partially Paid,8904
ENR0001446,STU005230,PRG011,2025-11-24,Completed,Fully Paid,3999
ENR0001447,STU005233,PRG001,2024-05-29,Completed,Partially Paid,15548
ENR0001448,STU005234,PRG007,2025-01-12,Completed,Fully Paid,17999
ENR0001449,STU005236,PRG010,2024-06-18,Completed,Partially Paid,3401
ENR0001450,STU005241,PRG001,2025-10-02,Completed,Fully Paid,24999
ENR0001451,STU005245,PRG006,2024-03-16,Completed,Fully Paid,12999
ENR0001452,STU005246,PRG010,2025-06-03,Completed,Fully Paid,5999
ENR0001453,STU005253,PRG010,2024-11-14,Completed,Fully Paid,5999
ENR0001454,STU005255,PRG003,2025-06-14,Completed,Fully Paid,32999
ENR0001455,STU005257,PRG009,2024-02-14,Completed,Fully Paid,4999
ENR0001456,STU005266,PRG001,2024-09-04,Completed,Fully Paid,24999
ENR0001457,STU005269,PRG010,2025-06-27,Dropped,Fully Paid,5999
ENR0001458,STU005274,PRG010,2024-07-03,In Progress,Fully Paid,5999
ENR0001459,STU005275,PRG002,2024-03-25,Completed,Fully Paid,19999
ENR0001460,STU005278,PRG005,2025-08-25,Completed,Fully Paid,14999
ENR0001461,STU005279,PRG001,2025-09-01,Completed,Fully Paid,24999
ENR0001462,STU005282,PRG002,2025-07-13,Completed,Fully Paid,19999
ENR0001463,STU005287,PRG009,2024-02-21,Completed,Fully Paid,4999
ENR0001464,STU005290,PRG011,2025-10-12,Completed,Partially Paid,2359
ENR0001465,STU005291,PRG004,2024-06-27,Completed,Partially Paid,16874
ENR0001466,STU005292,PRG012,2025-12-02,Completed,Fully Paid,21999
ENR0001467,STU005295,PRG002,2025-07-31,Completed,Fully Paid,19999
ENR0001468,STU005297,PRG009,2025-06-14,Completed,Fully Paid,4999
ENR0001469,STU005303,PRG001,2024-04-02,Completed,Fully Paid,24999
ENR0001470,STU005306,PRG005,2025-12-02,Completed,Fully Paid,14999
ENR0001471,STU005308,PRG004,2025-06-22,Completed,Partially Paid,18690
ENR0001472,STU005312,PRG005,2024-08-10,Completed,Partially Paid,6427
ENR0001473,STU005314,PRG002,2024-07-02,Completed,Partially Paid,12669
ENR0001474,STU005318,PRG009,2025-08-16,Completed,Fully Paid,4999
ENR0001475,STU005321,PRG010,2024-04-06,Completed,Fully Paid,5999
ENR0001476,STU005326,PRG010,2025-10-27,In Progress,Fully Paid,5999
ENR0001477,STU005328,PRG001,2025-08-20,Completed,Partially Paid,10194
ENR0001478,STU005330,PRG004,2025-02-05,Dropped,Fully Paid,27999
ENR0001479,STU005331,PRG001,2025-09-02,Completed,Fully Paid,24999
ENR0001480,STU005334,PRG010,2025-06-24,Completed,Fully Paid,5999
ENR0001481,STU005343,PRG010,2025-01-27,Dropped,Fully Paid,5999
ENR0001482,STU005344,PRG011,2025-07-03,Completed,Fully Paid,3999
ENR0001483,STU005370,PRG002,2025-11-21,Completed,Fully Paid,19999
ENR0001484,STU005375,PRG005,2025-08-07,Completed,Fully Paid,14999
ENR0001485,STU005381,PRG009,2024-10-15,Completed,Fully Paid,4999
ENR0001486,STU005389,PRG010,2025-12-31,Dropped,Partially Paid,3798
ENR0001487,STU005393,PRG001,2025-01-25,Completed,Partially Paid,10919
ENR0001488,STU005395,PRG011,2025-06-09,Completed,Fully Paid,3999
ENR0001489,STU005397,PRG002,2024-09-08,Completed,Fully Paid,19999
ENR0001490,STU005398,PRG002,2024-08-14,Completed,Fully Paid,19999
ENR0001491,STU005399,PRG007,2024-04-16,Completed,Fully Paid,17999
ENR0001492,STU005407,PRG010,2025-01-06,Completed,Fully Paid,5999
ENR0001493,STU005408,PRG001,2024-12-18,Completed,Partially Paid,11607
ENR0001494,STU005409,PRG003,2025-12-31,In Progress,Fully Paid,32999
ENR0001495,STU005411,PRG001,2024-10-01,Dropped,Fully Paid,24999
ENR0001496,STU005416,PRG001,2024-08-11,Completed,Pending,0
ENR0001497,STU005422,PRG007,2025-09-17,Dropped,Fully Paid,17999
ENR0001498,STU005423,PRG012,2025-12-15,Completed,Fully Paid,21999
ENR0001499,STU005427,PRG010,2025-03-30,Completed,Fully Paid,5999
ENR0001500,STU005431,PRG005,2025-12-31,Completed,Fully Paid,14999
ENR0001501,STU005434,PRG001,2024-05-06,Completed,Fully Paid,24999
ENR0001502,STU005440,PRG001,2025-09-12,Completed,Fully Paid,24999
ENR0001503,STU005441,PRG004,2025-12-01,Completed,Fully Paid,27999
ENR0001504,STU005444,PRG012,2024-03-31,In Progress,Fully Paid,21999
ENR0001505,STU005449,PRG003,2025-12-31,Dropped,Partially Paid,11746
ENR0001506,STU005453,PRG009,2025-03-09,Completed,Fully Paid,4999
ENR0001507,STU005455,PRG006,2025-09-15,Completed,Fully Paid,12999
ENR0001508,STU005456,PRG010,2024-10-16,Completed,Fully Paid,5999
ENR0001509,STU005460,PRG007,2024-05-07,Completed,Partially Paid,6676
ENR0001510,STU005471,PRG002,2025-03-13,Completed,Fully Paid,19999
ENR0001511,STU005473,PRG002,2024-11-08,Dropped,Fully Paid,19999
ENR0001512,STU005474,PRG002,2025-04-29,Completed,Fully Paid,19999
ENR0001513,STU005476,PRG010,2025-02-24,Dropped,Fully Paid,5999
ENR0001514,STU005478,PRG010,2025-05-26,Completed,Fully Paid,5999
ENR0001515,STU005480,PRG009,2025-11-20,Completed,Fully Paid,4999
ENR0001516,STU005484,PRG011,2025-08-30,Completed,Partially Paid,1264
ENR0001517,STU005487,PRG006,2025-04-25,In Progress,Fully Paid,12999
ENR0001518,STU005488,PRG008,2024-06-07,Completed,Pending,0
ENR0001519,STU005490,PRG011,2025-12-31,Completed,Partially Paid,2264
ENR0001520,STU005491,PRG007,2024-03-16,Completed,Fully Paid,17999
ENR0001521,STU005494,PRG008,2024-11-23,In Progress,Fully Paid,9999
ENR0001522,STU005498,PRG002,2024-04-02,Completed,Fully Paid,19999
ENR0001523,STU005501,PRG009,2025-07-07,Completed,Fully Paid,4999
ENR0001524,STU005509,PRG004,2025-08-18,Completed,Fully Paid,27999
ENR0001525,STU005511,PRG005,2025-01-24,Completed,Fully Paid,14999
ENR0001526,STU005514,PRG006,2025-06-06,Completed,Fully Paid,12999
ENR0001527,STU005518,PRG001,2025-09-17,Completed,Fully Paid,24999
ENR0001528,STU005525,PRG001,2025-06-13,Completed,Fully Paid,24999
ENR0001529,STU005529,PRG010,2024-07-02,Completed,Fully Paid,5999
ENR0001530,STU005533,PRG001,2024-06-20,Completed,Fully Paid,24999
ENR0001531,STU005539,PRG001,2024-12-12,In Progress,Fully Paid,24999
ENR0001532,STU005541,PRG001,2025-10-26,Dropped,Fully Paid,24999
ENR0001533,STU005542,PRG010,2024-03-03,Completed,Fully Paid,5999
ENR0001534,STU005545,PRG010,2024-08-21,In Progress,Fully Paid,5999
ENR0001535,STU005548,PRG012,2025-10-08,Completed,Fully Paid,21999
ENR0001536,STU005552,PRG004,2025-03-01,Completed,Fully Paid,27999
ENR0001537,STU005553,PRG003,2025-10-16,Completed,Partially Paid,17636
ENR0001538,STU005555,PRG011,2025-12-31,Completed,Fully Paid,3999
ENR0001539,STU005558,PRG007,2024-08-17,Completed,Fully Paid,17999
ENR0001540,STU005560,PRG009,2025-04-24,Completed,Pending,0
ENR0001541,STU005562,PRG009,2025-12-01,Completed,Fully Paid,4999
ENR0001542,STU005564,PRG001,2024-11-05,Completed,Fully Paid,24999
ENR0001543,STU005565,PRG009,2025-10-28,In Progress,Fully Paid,4999
ENR0001544,STU005567,PRG004,2025-04-10,Completed,Fully Paid,27999
ENR0001545,STU005571,PRG010,2024-02-25,Dropped,Partially Paid,3822
ENR0001546,STU005577,PRG008,2024-10-08,Completed,Fully Paid,9999
ENR0001547,STU005582,PRG009,2025-08-10,In Progress,Fully Paid,4999
ENR0001548,STU005584,PRG012,2025-08-06,In Progress,Fully Paid,21999
ENR0001549,STU005586,PRG012,2025-08-05,Completed,Fully Paid,21999
ENR0001550,STU005587,PRG001,2025-07-24,Dropped,Fully Paid,24999
ENR0001551,STU005590,PRG009,2024-06-09,Completed,Fully Paid,4999
ENR0001552,STU005591,PRG001,2025-12-31,Completed,Fully Paid,24999
ENR0001553,STU005594,PRG012,2024-03-14,Completed,Fully Paid,21999
ENR0001554,STU005595,PRG001,2024-11-30,In Progress,Fully Paid,24999
ENR0001555,STU005599,PRG006,2025-01-23,Completed,Fully Paid,12999
ENR0001556,STU005603,PRG004,2024-10-08,Completed,Partially Paid,16017
ENR0001557,STU005608,PRG004,2025-10-25,Completed,Partially Paid,11720
ENR0001558,STU005620,PRG001,2024-09-19,Completed,Fully Paid,24999
ENR0001559,STU005623,PRG006,2025-11-25,Completed,Partially Paid,8243
ENR0001560,STU005627,PRG004,2024-11-12,Completed,Fully Paid,27999
ENR0001561,STU005630,PRG009,2025-08-07,Dropped,Fully Paid,4999
ENR0001562,STU005632,PRG002,2025-08-04,Completed,Partially Paid,8138
ENR0001563,STU005635,PRG011,2024-04-09,Completed,Fully Paid,3999
ENR0001564,STU005640,PRG011,2024-12-21,Completed,Fully Paid,3999
ENR0001565,STU005642,PRG009,2025-07-18,Completed,Fully Paid,4999
ENR0001566,STU005643,PRG011,2025-08-05,Completed,Partially Paid,1431
ENR0001567,STU005644,PRG008,2025-09-22,Dropped,Partially Paid,6654
ENR0001568,STU005646,PRG005,2025-12-22,Completed,Fully Paid,14999
ENR0001569,STU005653,PRG002,2025-06-22,Completed,Fully Paid,19999
ENR0001570,STU005659,PRG010,2024-07-21,Dropped,Partially Paid,2900
ENR0001571,STU005679,PRG010,2024-09-23,Completed,Fully Paid,5999
ENR0001572,STU005681,PRG005,2025-06-04,Completed,Pending,0
ENR0001573,STU005683,PRG011,2025-03-30,Completed,Fully Paid,3999
ENR0001574,STU005684,PRG006,2024-10-11,Completed,Partially Paid,6612
ENR0001575,STU005693,PRG004,2024-10-31,Completed,Fully Paid,27999
ENR0001576,STU005698,PRG004,2024-09-21,Completed,Fully Paid,27999
ENR0001577,STU005699,PRG009,2025-09-08,Completed,Partially Paid,3476
ENR0001578,STU005701,PRG009,2024-11-17,Completed,Fully Paid,4999
ENR0001579,STU005707,PRG001,2024-07-06,Completed,Fully Paid,24999
ENR0001580,STU005710,PRG001,2025-07-04,Completed,Partially Paid,14039
ENR0001581,STU005717,PRG010,2025-12-20,Completed,Fully Paid,5999
ENR0001582,STU005720,PRG008,2024-07-11,Completed,Fully Paid,9999
ENR0001583,STU005724,PRG006,2024-04-08,Completed,Pending,0
ENR0001584,STU005725,PRG002,2024-07-31,Completed,Partially Paid,6229
ENR0001585,STU005729,PRG002,2024-06-15,Completed,Fully Paid,19999
ENR0001586,STU005731,PRG007,2025-08-05,Completed,Fully Paid,17999
ENR0001587,STU005733,PRG002,2024-03-20,Completed,Fully Paid,19999
ENR0001588,STU005735,PRG011,2025-09-05,Completed,Pending,0
ENR0001589,STU005740,PRG008,2025-02-22,In Progress,Fully Paid,9999
ENR0001590,STU005745,PRG010,2025-05-26,Completed,Fully Paid,5999
ENR0001591,STU005747,PRG010,2025-11-07,Dropped,Fully Paid,5999
ENR0001592,STU005748,PRG001,2024-11-25,Completed,Fully Paid,24999
ENR0001593,STU005752,PRG002,2025-07-20,Completed,Partially Paid,11172
ENR0001594,STU005758,PRG011,2025-04-25,Completed,Fully Paid,3999
ENR0001595,STU005761,PRG003,2024-03-10,Completed,Fully Paid,32999
ENR0001596,STU005762,PRG003,2025-01-06,Completed,Fully Paid,32999
ENR0001597,STU005764,PRG009,2025-04-23,Completed,Fully Paid,4999
ENR0001598,STU005765,PRG004,2025-05-24,Completed,Fully Paid,27999
ENR0001599,STU005767,PRG010,2024-02-28,Completed,Partially Paid,2130
ENR0001600,STU005768,PRG002,2025-09-07,Completed,Fully Paid,19999
ENR0001601,STU005770,PRG010,2025-07-19,Completed,Fully Paid,5999
ENR0001602,STU005773,PRG010,2025-10-19,Dropped,Fully Paid,5999
ENR0001603,STU005775,PRG007,2025-07-24,Completed,Fully Paid,17999
ENR0001604,STU005779,PRG005,2025-12-28,Completed,Fully Paid,14999
ENR0001605,STU005781,PRG011,2025-12-01,Completed,Fully Paid,3999
ENR0001606,STU005785,PRG012,2024-02-03,Completed,Fully Paid,21999
ENR0001607,STU005786,PRG006,2025-05-14,Completed,Fully Paid,12999
ENR0001608,STU005788,PRG008,2025-12-24,Completed,Partially Paid,4058
ENR0001609,STU005793,PRG009,2024-08-09,Completed,Partially Paid,1961
ENR0001610,STU005795,PRG010,2025-12-27,Completed,Fully Paid,5999
ENR0001611,STU005801,PRG006,2025-12-31,Completed,Fully Paid,12999
ENR0001612,STU005802,PRG002,2025-04-16,Dropped,Refunded,0
ENR0001613,STU005806,PRG009,2024-12-10,Dropped,Refunded,0
ENR0001614,STU005810,PRG002,2025-03-15,In Progress,Pending,0
ENR0001615,STU005812,PRG010,2024-01-27,Dropped,Partially Paid,3172
ENR0001616,STU005820,PRG005,2025-10-20,Dropped,Fully Paid,14999
ENR0001617,STU005821,PRG009,2025-11-12,Completed,Fully Paid,4999
ENR0001618,STU005826,PRG009,2024-09-19,Completed,Fully Paid,4999
ENR0001619,STU005827,PRG006,2024-10-01,Completed,Partially Paid,5400
ENR0001620,STU005828,PRG002,2025-01-14,Completed,Fully Paid,19999
ENR0001621,STU005829,PRG012,2025-07-03,Completed,Fully Paid,21999
ENR0001622,STU005831,PRG001,2025-03-22,Completed,Fully Paid,24999
ENR0001623,STU005836,PRG010,2025-12-05,Completed,Fully Paid,5999
ENR0001624,STU005838,PRG007,2025-06-06,Completed,Refunded,0
ENR0001625,STU005840,PRG010,2025-08-30,Completed,Fully Paid,5999
ENR0001626,STU005847,PRG003,2024-06-23,Dropped,Pending,0
ENR0001627,STU005851,PRG011,2024-12-30,Completed,Fully Paid,3999
ENR0001628,STU005855,PRG005,2024-09-20,Completed,Fully Paid,14999
ENR0001629,STU005859,PRG005,2025-12-31,In Progress,Fully Paid,14999
ENR0001630,STU005864,PRG001,2025-01-24,Completed,Fully Paid,24999
ENR0001631,STU005866,PRG012,2025-03-07,In Progress,Fully Paid,21999
ENR0001632,STU005872,PRG005,2025-03-02,Completed,Pending,0
ENR0001633,STU005874,PRG010,2025-03-17,Completed,Fully Paid,5999
ENR0001634,STU005875,PRG005,2024-09-23,Completed,Fully Paid,14999
ENR0001635,STU005877,PRG002,2025-08-26,Completed,Fully Paid,19999
ENR0001636,STU005882,PRG001,2024-09-27,Completed,Fully Paid,24999
ENR0001637,STU005884,PRG003,2025-03-18,Dropped,Fully Paid,32999
ENR0001638,STU005885,PRG010,2025-07-20,Completed,Fully Paid,5999
ENR0001639,STU005886,PRG010,2025-01-14,Completed,Fully Paid,5999
ENR0001640,STU005888,PRG002,2024-06-02,Completed,Fully Paid,19999
ENR0001641,STU005891,PRG003,2025-06-07,Completed,Fully Paid,32999
ENR0001642,STU005894,PRG005,2024-06-21,In Progress,Partially Paid,6199
ENR0001643,STU005904,PRG009,2024-02-20,Completed,Fully Paid,4999
ENR0001644,STU005911,PRG010,2025-11-07,Completed,Fully Paid,5999
ENR0001645,STU005915,PRG004,2025-05-17,Completed,Partially Paid,14060
ENR0001646,STU005918,PRG007,2025-04-01,Completed,Fully Paid,17999
ENR0001647,STU005919,PRG005,2025-02-09,Completed,Fully Paid,14999
ENR0001648,STU005921,PRG007,2025-02-18,Completed,Fully Paid,17999
ENR0001649,STU005923,PRG012,2025-12-20,Completed,Pending,0
ENR0001650,STU005924,PRG011,2024-07-20,Completed,Partially Paid,2761
ENR0001651,STU005929,PRG009,2024-09-16,In Progress,Fully Paid,4999
ENR0001652,STU005930,PRG005,2024-01-31,Completed,Fully Paid,14999
ENR0001653,STU005940,PRG001,2024-06-27,Completed,Fully Paid,24999
ENR0001654,STU005949,PRG001,2025-12-31,Completed,Fully Paid,24999
ENR0001655,STU005956,PRG004,2025-06-12,Dropped,Pending,0
ENR0001656,STU005957,PRG001,2025-06-12,Completed,Fully Paid,24999
ENR0001657,STU005958,PRG004,2024-05-07,Completed,Fully Paid,27999
ENR0001658,STU005959,PRG009,2025-05-04,Completed,Fully Paid,4999
ENR0001659,STU005960,PRG002,2024-08-14,Dropped,Fully Paid,19999
ENR0001660,STU005964,PRG004,2024-07-21,Completed,Fully Paid,27999
ENR0001661,STU005966,PRG011,2025-03-02,Completed,Fully Paid,3999
ENR0001662,STU005967,PRG001,2024-07-16,In Progress,Fully Paid,24999
ENR0001663,STU005968,PRG008,2024-09-04,Completed,Fully Paid,9999
ENR0001664,STU005970,PRG003,2025-02-15,Completed,Fully Paid,32999
ENR0001665,STU005974,PRG009,2024-08-13,Completed,Fully Paid,4999
ENR0001666,STU005975,PRG003,2024-09-06,Completed,Fully Paid,32999
ENR0001667,STU005976,PRG009,2025-03-12,Completed,Fully Paid,4999
ENR0001668,STU005978,PRG010,2025-09-29,Completed,Fully Paid,5999
ENR0001669,STU005985,PRG009,2024-04-07,Completed,Fully Paid,4999
ENR0001670,STU005989,PRG009,2025-01-25,Completed,Refunded,0
ENR0001671,STU005990,PRG008,2025-10-06,Completed,Fully Paid,9999
ENR0001672,STU005992,PRG012,2024-07-15,Completed,Fully Paid,21999
ENR0001673,STU005996,PRG010,2024-08-04,Dropped,Fully Paid,5999
ENR0001674,STU006000,PRG011,2025-08-13,Completed,Partially Paid,2741
ENR0001675,STU006008,PRG011,2024-07-04,Completed,Fully Paid,3999
ENR0001676,STU006017,PRG011,2025-01-12,Completed,Fully Paid,3999
ENR0001677,STU006018,PRG002,2024-01-31,Completed,Fully Paid,19999
ENR0001678,STU006025,PRG002,2025-10-18,Completed,Fully Paid,19999
ENR0001679,STU006030,PRG004,2025-04-24,Completed,Pending,0
ENR0001680,STU006031,PRG002,2024-07-28,Completed,Fully Paid,19999
ENR0001681,STU006033,PRG011,2024-03-16,In Progress,Fully Paid,3999
ENR0001682,STU006039,PRG001,2024-03-19,Dropped,Fully Paid,24999
ENR0001683,STU006040,PRG005,2024-11-29,Completed,Partially Paid,8582
ENR0001684,STU006042,PRG010,2025-03-07,Completed,Fully Paid,5999
ENR0001685,STU006044,PRG001,2024-12-06,Completed,Fully Paid,24999
ENR0001686,STU006047,PRG001,2024-03-15,Completed,Fully Paid,24999
ENR0001687,STU006049,PRG002,2025-01-19,In Progress,Fully Paid,19999
ENR0001688,STU006050,PRG001,2025-02-05,Completed,Fully Paid,24999
ENR0001689,STU006052,PRG005,2025-05-27,Completed,Pending,0
ENR0001690,STU006056,PRG010,2025-06-09,Completed,Partially Paid,3575
ENR0001691,STU006064,PRG010,2025-09-09,Completed,Fully Paid,5999
ENR0001692,STU006065,PRG010,2025-10-02,Completed,Fully Paid,5999
ENR0001693,STU006070,PRG005,2025-01-15,Completed,Partially Paid,5071
ENR0001694,STU006084,PRG002,2024-03-24,Completed,Fully Paid,19999
ENR0001695,STU006085,PRG004,2024-03-19,Completed,Fully Paid,27999
ENR0001696,STU006095,PRG004,2024-09-21,Completed,Fully Paid,27999
ENR0001697,STU006103,PRG008,2024-12-12,Completed,Fully Paid,9999
ENR0001698,STU006104,PRG011,2024-10-06,Completed,Fully Paid,3999
ENR0001699,STU006111,PRG002,2024-12-02,Completed,Fully Paid,19999
ENR0001700,STU006112,PRG005,2025-11-06,Completed,Fully Paid,14999
ENR0001701,STU006115,PRG005,2025-03-22,Completed,Fully Paid,14999
ENR0001702,STU006116,PRG011,2024-12-03,Completed,Fully Paid,3999
ENR0001703,STU006118,PRG005,2024-03-20,Completed,Partially Paid,5334
ENR0001704,STU006119,PRG010,2025-03-05,In Progress,Pending,0
ENR0001705,STU006120,PRG001,2024-10-11,Completed,Fully Paid,24999
ENR0001706,STU006125,PRG010,2024-09-20,In Progress,Partially Paid,2524
ENR0001707,STU006128,PRG011,2024-02-13,Completed,Fully Paid,3999
ENR0001708,STU006131,PRG007,2024-11-15,In Progress,Refunded,0
ENR0001709,STU006134,PRG010,2025-04-30,Completed,Partially Paid,3606
ENR0001710,STU006137,PRG010,2025-01-27,Completed,Fully Paid,5999
ENR0001711,STU006139,PRG006,2025-01-06,Dropped,Fully Paid,12999
ENR0001712,STU006147,PRG005,2024-10-31,In Progress,Fully Paid,14999
ENR0001713,STU006151,PRG008,2024-05-23,Completed,Fully Paid,9999
ENR0001714,STU006160,PRG011,2024-06-27,Completed,Partially Paid,2574
ENR0001715,STU006164,PRG005,2024-09-24,Completed,Fully Paid,14999
ENR0001716,STU006168,PRG001,2025-06-01,Completed,Fully Paid,24999
ENR0001717,STU006171,PRG010,2024-11-10,Completed,Partially Paid,2475
ENR0001718,STU006176,PRG010,2025-11-04,In Progress,Fully Paid,5999
ENR0001719,STU006179,PRG003,2025-08-18,Completed,Fully Paid,32999
ENR0001720,STU006180,PRG011,2025-08-07,Completed,Fully Paid,3999
ENR0001721,STU006182,PRG008,2024-08-05,Completed,Fully Paid,9999
ENR0001722,STU006183,PRG003,2025-01-04,Completed,Partially Paid,12321
ENR0001723,STU006191,PRG007,2025-09-17,Completed,Partially Paid,10485
ENR0001724,STU006196,PRG009,2024-08-11,Completed,Fully Paid,4999
ENR0001725,STU006202,PRG009,2025-11-05,Completed,Partially Paid,2289
ENR0001726,STU006206,PRG009,2024-06-27,Completed,Partially Paid,2532
ENR0001727,STU006208,PRG009,2024-05-10,Completed,Partially Paid,2076
ENR0001728,STU006209,PRG006,2025-12-31,Completed,Fully Paid,12999
ENR0001729,STU006214,PRG001,2024-10-25,Completed,Fully Paid,24999
ENR0001730,STU006219,PRG007,2025-11-08,Completed,Fully Paid,17999
ENR0001731,STU006220,PRG010,2025-05-10,Dropped,Partially Paid,3028
ENR0001732,STU006225,PRG002,2024-02-09,In Progress,Fully Paid,19999
ENR0001733,STU006227,PRG011,2025-12-23,Completed,Fully Paid,3999
ENR0001734,STU006237,PRG008,2024-07-20,In Progress,Fully Paid,9999
ENR0001735,STU006238,PRG010,2024-07-12,Completed,Partially Paid,2820
ENR0001736,STU006240,PRG012,2025-01-31,Completed,Fully Paid,21999
ENR0001737,STU006248,PRG004,2025-11-08,Completed,Fully Paid,27999
ENR0001738,STU006252,PRG005,2025-07-10,Completed,Fully Paid,14999
ENR0001739,STU006257,PRG012,2024-05-20,Completed,Partially Paid,9894
ENR0001740,STU006264,PRG005,2024-09-08,Completed,Fully Paid,14999
ENR0001741,STU006277,PRG005,2025-08-15,Completed,Fully Paid,14999
ENR0001742,STU006278,PRG003,2025-08-08,In Progress,Fully Paid,32999
ENR0001743,STU006281,PRG009,2024-10-30,Completed,Fully Paid,4999
ENR0001744,STU006283,PRG009,2024-10-06,Completed,Fully Paid,4999
ENR0001745,STU006285,PRG012,2024-10-08,Dropped,Fully Paid,21999
ENR0001746,STU006305,PRG010,2025-12-01,Completed,Fully Paid,5999
ENR0001747,STU006328,PRG005,2024-04-21,Completed,Partially Paid,10316
ENR0001748,STU006332,PRG006,2025-06-16,In Progress,Refunded,0
ENR0001749,STU006338,PRG003,2025-07-31,Completed,Partially Paid,21421
ENR0001750,STU006341,PRG009,2024-11-03,Completed,Fully Paid,4999
ENR0001751,STU006342,PRG009,2025-07-23,In Progress,Fully Paid,4999
ENR0001752,STU006344,PRG010,2025-07-14,Completed,Pending,0
ENR0001753,STU006345,PRG001,2024-01-23,Completed,Partially Paid,11520
ENR0001754,STU006346,PRG010,2025-05-21,Completed,Fully Paid,5999
ENR0001755,STU006348,PRG011,2025-10-07,Completed,Fully Paid,3999
ENR0001756,STU006349,PRG011,2025-11-25,Completed,Partially Paid,2775
ENR0001757,STU006350,PRG003,2024-03-04,Completed,Fully Paid,32999
ENR0001758,STU006351,PRG009,2025-03-05,Completed,Fully Paid,4999
ENR0001759,STU006368,PRG005,2024-09-11,Completed,Fully Paid,14999
ENR0001760,STU006371,PRG004,2025-02-20,Completed,Fully Paid,27999
ENR0001761,STU006373,PRG001,2025-08-10,Completed,Fully Paid,24999
ENR0001762,STU006376,PRG005,2025-07-26,Completed,Fully Paid,14999
ENR0001763,STU006379,PRG001,2024-03-17,Dropped,Fully Paid,24999
ENR0001764,STU006380,PRG008,2025-04-07,Completed,Fully Paid,9999
ENR0001765,STU006384,PRG008,2025-01-29,Completed,Fully Paid,9999
ENR0001766,STU006390,PRG001,2025-12-31,Completed,Fully Paid,24999
ENR0001767,STU006391,PRG009,2024-02-21,Completed,Fully Paid,4999
ENR0001768,STU006393,PRG010,2025-04-30,Dropped,Fully Paid,5999
ENR0001769,STU006396,PRG002,2024-08-22,Completed,Fully Paid,19999
ENR0001770,STU006400,PRG011,2025-09-25,Completed,Fully Paid,3999
ENR0001771,STU006404,PRG002,2024-11-07,Completed,Partially Paid,13068
ENR0001772,STU006406,PRG005,2025-04-15,Completed,Fully Paid,14999
ENR0001773,STU006410,PRG011,2025-12-25,Completed,Fully Paid,3999
ENR0001774,STU006411,PRG001,2024-03-31,Completed,Pending,0
ENR0001775,STU006412,PRG011,2025-06-27,Completed,Fully Paid,3999
ENR0001776,STU006415,PRG010,2024-07-24,Completed,Fully Paid,5999
ENR0001777,STU006420,PRG010,2025-10-06,Completed,Fully Paid,5999
ENR0001778,STU006424,PRG004,2024-12-01,Completed,Fully Paid,27999
ENR0001779,STU006437,PRG012,2025-01-10,Completed,Partially Paid,9993
ENR0001780,STU006439,PRG003,2025-10-26,Completed,Partially Paid,19922
ENR0001781,STU006440,PRG008,2024-06-26,Completed,Refunded,0
ENR0001782,STU006442,PRG005,2024-06-21,In Progress,Partially Paid,9935
ENR0001783,STU006443,PRG009,2025-04-29,Completed,Partially Paid,3298
ENR0001784,STU006449,PRG011,2024-12-24,Completed,Fully Paid,3999
ENR0001785,STU006451,PRG006,2024-05-29,Completed,Fully Paid,12999
ENR0001786,STU006456,PRG010,2025-10-24,Completed,Refunded,0
ENR0001787,STU006466,PRG001,2025-07-14,Completed,Fully Paid,24999
ENR0001788,STU006469,PRG002,2024-03-19,Completed,Fully Paid,19999
ENR0001789,STU006476,PRG005,2024-05-08,In Progress,Pending,0
ENR0001790,STU006481,PRG005,2024-12-26,Completed,Fully Paid,14999
ENR0001791,STU006483,PRG011,2025-10-21,Completed,Fully Paid,3999
ENR0001792,STU006484,PRG011,2024-04-01,Completed,Fully Paid,3999
ENR0001793,STU006498,PRG008,2024-03-02,Completed,Fully Paid,9999
ENR0001794,STU006501,PRG004,2025-11-08,Completed,Fully Paid,27999
ENR0001795,STU006519,PRG011,2024-09-07,Completed,Fully Paid,3999
ENR0001796,STU006520,PRG009,2024-06-29,Completed,Fully Paid,4999
ENR0001797,STU006525,PRG004,2025-12-31,Completed,Fully Paid,27999
ENR0001798,STU006530,PRG010,2025-09-07,Dropped,Fully Paid,5999
ENR0001799,STU006535,PRG005,2024-10-27,Completed,Fully Paid,14999
ENR0001800,STU006538,PRG005,2025-12-11,Completed,Partially Paid,9268
ENR0001801,STU006541,PRG009,2025-07-04,Completed,Partially Paid,2276
ENR0001802,STU006542,PRG010,2024-06-30,Completed,Fully Paid,5999
ENR0001803,STU006560,PRG002,2024-03-15,Completed,Fully Paid,19999
ENR0001804,STU006561,PRG011,2024-06-19,Completed,Fully Paid,3999
ENR0001805,STU006563,PRG003,2025-02-02,Completed,Partially Paid,19294
ENR0001806,STU006569,PRG003,2024-02-19,Completed,Partially Paid,11940
ENR0001807,STU006579,PRG011,2025-11-02,Completed,Partially Paid,2027
ENR0001808,STU006582,PRG010,2024-06-17,Completed,Pending,0
ENR0001809,STU006584,PRG008,2025-11-02,Completed,Fully Paid,9999
ENR0001810,STU006588,PRG007,2025-01-07,In Progress,Partially Paid,10230
ENR0001811,STU006589,PRG002,2025-11-10,Completed,Fully Paid,19999
ENR0001812,STU006592,PRG010,2024-07-06,Completed,Fully Paid,5999
ENR0001813,STU006593,PRG005,2025-10-08,Completed,Fully Paid,14999
ENR0001814,STU006594,PRG010,2025-06-25,Completed,Fully Paid,5999
ENR0001815,STU006602,PRG002,2024-08-30,Completed,Fully Paid,19999
ENR0001816,STU006607,PRG003,2025-08-11,Completed,Fully Paid,32999
ENR0001817,STU006608,PRG005,2024-08-14,Dropped,Fully Paid,14999
ENR0001818,STU006610,PRG001,2025-12-31,In Progress,Fully Paid,24999
ENR0001819,STU006613,PRG012,2024-07-21,Completed,Fully Paid,21999
ENR0001820,STU006616,PRG004,2025-08-14,Completed,Fully Paid,27999
ENR0001821,STU006624,PRG007,2025-04-23,Completed,Partially Paid,7510
ENR0001822,STU006629,PRG011,2025-07-26,Completed,Fully Paid,3999
ENR0001823,STU006632,PRG011,2025-05-24,Completed,Fully Paid,3999
ENR0001824,STU006633,PRG003,2025-02-20,Completed,Fully Paid,32999
ENR0001825,STU006634,PRG001,2025-10-30,Completed,Fully Paid,24999
ENR0001826,STU006643,PRG005,2025-11-07,Completed,Fully Paid,14999
ENR0001827,STU006646,PRG010,2025-12-31,Dropped,Fully Paid,5999
ENR0001828,STU006658,PRG003,2025-11-18,Completed,Fully Paid,32999
ENR0001829,STU006663,PRG006,2025-11-10,Completed,Pending,0
ENR0001830,STU006665,PRG010,2025-09-17,Completed,Fully Paid,5999
ENR0001831,STU006667,PRG002,2025-06-16,Completed,Fully Paid,19999
ENR0001832,STU006671,PRG001,2024-07-27,Completed,Fully Paid,24999
ENR0001833,STU006672,PRG008,2024-09-14,Completed,Fully Paid,9999
ENR0001834,STU006678,PRG001,2024-01-26,Dropped,Fully Paid,24999
ENR0001835,STU006680,PRG011,2025-07-04,Completed,Fully Paid,3999
ENR0001836,STU006682,PRG009,2025-10-15,Completed,Partially Paid,2495
ENR0001837,STU006687,PRG007,2025-07-19,Completed,Fully Paid,17999
ENR0001838,STU006698,PRG002,2025-06-25,Completed,Pending,0
ENR0001839,STU006702,PRG001,2024-11-07,Dropped,Fully Paid,24999
ENR0001840,STU006707,PRG002,2025-09-12,Dropped,Fully Paid,19999
ENR0001841,STU006709,PRG002,2025-07-08,Completed,Fully Paid,19999
ENR0001842,STU006710,PRG005,2025-05-02,Completed,Fully Paid,14999
ENR0001843,STU006713,PRG009,2024-06-14,Dropped,Fully Paid,4999
ENR0001844,STU006716,PRG009,2024-08-17,Completed,Fully Paid,4999
ENR0001845,STU006718,PRG003,2025-08-06,Completed,Partially Paid,16079
ENR0001846,STU006725,PRG012,2025-04-16,Completed,Fully Paid,21999
ENR0001847,STU006726,PRG009,2025-04-03,Completed,Fully Paid,4999
ENR0001848,STU006734,PRG005,2025-07-12,In Progress,Fully Paid,14999
ENR0001849,STU006744,PRG009,2024-03-02,Completed,Fully Paid,4999
ENR0001850,STU006745,PRG007,2025-01-23,Completed,Refunded,0
ENR0001851,STU006748,PRG011,2025-04-13,Completed,Fully Paid,3999
ENR0001852,STU006749,PRG011,2025-12-31,In Progress,Fully Paid,3999
ENR0001853,STU006750,PRG009,2025-02-05,In Progress,Fully Paid,4999
ENR0001854,STU006751,PRG008,2024-06-21,Completed,Pending,0
ENR0001855,STU006753,PRG011,2024-09-12,Completed,Partially Paid,1406
ENR0001856,STU006758,PRG005,2024-08-07,Completed,Fully Paid,14999
ENR0001857,STU006771,PRG011,2024-03-01,Completed,Fully Paid,3999
ENR0001858,STU006772,PRG011,2025-12-31,Completed,Fully Paid,3999
ENR0001859,STU006778,PRG009,2024-02-24,Completed,Fully Paid,4999
ENR0001860,STU006780,PRG006,2024-10-05,Completed,Pending,0
ENR0001861,STU006781,PRG011,2025-06-08,Completed,Fully Paid,3999
ENR0001862,STU006782,PRG009,2025-12-18,Completed,Fully Paid,4999
ENR0001863,STU006786,PRG009,2024-10-01,Completed,Fully Paid,4999
ENR0001864,STU006787,PRG010,2025-07-06,In Progress,Fully Paid,5999
ENR0001865,STU006788,PRG001,2024-10-23,Completed,Fully Paid,24999
ENR0001866,STU006790,PRG007,2024-02-04,Completed,Pending,0
ENR0001867,STU006795,PRG002,2024-11-29,Completed,Fully Paid,19999
ENR0001868,STU006797,PRG005,2025-07-10,Completed,Fully Paid,14999
ENR0001869,STU006800,PRG009,2024-09-13,Completed,Fully Paid,4999
ENR0001870,STU006801,PRG007,2024-11-15,Completed,Fully Paid,17999
ENR0001871,STU006804,PRG012,2025-07-02,Completed,Fully Paid,21999
ENR0001872,STU006808,PRG005,2024-12-17,Completed,Fully Paid,14999
ENR0001873,STU006811,PRG003,2024-02-24,Completed,Fully Paid,32999
ENR0001874,STU006813,PRG011,2024-06-28,Completed,Fully Paid,3999
ENR0001875,STU006821,PRG002,2024-08-26,Completed,Fully Paid,19999
ENR0001876,STU006823,PRG009,2024-04-29,Completed,Partially Paid,2096
ENR0001877,STU006824,PRG012,2025-12-04,In Progress,Fully Paid,21999
ENR0001878,STU006825,PRG001,2025-11-09,Completed,Fully Paid,24999
ENR0001879,STU006827,PRG003,2025-08-31,Completed,Partially Paid,15088
ENR0001880,STU006833,PRG003,2025-05-27,Completed,Fully Paid,32999
ENR0001881,STU006834,PRG005,2025-12-31,Completed,Fully Paid,14999
ENR0001882,STU006838,PRG010,2025-04-07,Completed,Fully Paid,5999
ENR0001883,STU006847,PRG006,2024-07-02,Completed,Fully Paid,12999
ENR0001884,STU006848,PRG012,2024-11-13,Completed,Fully Paid,21999
ENR0001885,STU006850,PRG009,2025-12-28,Completed,Fully Paid,4999
ENR0001886,STU006851,PRG008,2025-10-13,Completed,Fully Paid,9999
ENR0001887,STU006854,PRG001,2025-04-25,Dropped,Fully Paid,24999
ENR0001888,STU006856,PRG006,2025-08-08,Completed,Fully Paid,12999
ENR0001889,STU006860,PRG002,2024-07-02,Dropped,Fully Paid,19999
ENR0001890,STU006867,PRG007,2025-09-18,Completed,Fully Paid,17999
ENR0001891,STU006877,PRG006,2024-03-22,Dropped,Fully Paid,12999
ENR0001892,STU006879,PRG011,2025-04-07,Completed,Fully Paid,3999
ENR0001893,STU006881,PRG010,2025-10-03,In Progress,Fully Paid,5999
ENR0001894,STU006893,PRG010,2025-12-02,Completed,Partially Paid,2096
ENR0001895,STU006894,PRG002,2025-07-02,Completed,Partially Paid,8517
ENR0001896,STU006897,PRG002,2024-08-25,Completed,Fully Paid,19999
ENR0001897,STU006900,PRG012,2024-06-06,Completed,Fully Paid,21999
ENR0001898,STU006903,PRG010,2024-06-24,Completed,Fully Paid,5999
ENR0001899,STU006904,PRG002,2024-02-04,Completed,Fully Paid,19999
ENR0001900,STU006906,PRG002,2025-06-23,Completed,Fully Paid,19999
ENR0001901,STU006907,PRG011,2024-05-14,Completed,Fully Paid,3999
ENR0001902,STU006908,PRG009,2025-10-12,Completed,Fully Paid,4999
ENR0001903,STU006910,PRG011,2025-01-20,Completed,Refunded,0
ENR0001904,STU006917,PRG002,2024-12-04,Completed,Partially Paid,13956
ENR0001905,STU006918,PRG010,2025-07-17,Completed,Fully Paid,5999
ENR0001906,STU006919,PRG002,2025-07-28,Completed,Partially Paid,8562
ENR0001907,STU006933,PRG002,2024-08-10,Completed,Fully Paid,19999
ENR0001908,STU006934,PRG009,2025-06-16,Completed,Fully Paid,4999
ENR0001909,STU006935,PRG001,2024-03-16,Dropped,Partially Paid,17236
ENR0001910,STU006937,PRG001,2025-12-31,Dropped,Partially Paid,14553
ENR0001911,STU006938,PRG001,2025-09-30,Completed,Pending,0
ENR0001912,STU006940,PRG005,2024-07-22,Completed,Fully Paid,14999
ENR0001913,STU006943,PRG009,2025-04-11,Completed,Fully Paid,4999
ENR0001914,STU006947,PRG011,2025-05-26,Completed,Fully Paid,3999
ENR0001915,STU006950,PRG005,2024-06-02,Completed,Fully Paid,14999
ENR0001916,STU006951,PRG010,2025-04-16,Completed,Fully Paid,5999
ENR0001917,STU006956,PRG003,2025-09-16,Completed,Fully Paid,32999
ENR0001918,STU006959,PRG009,2025-07-04,Completed,Fully Paid,4999
ENR0001919,STU006967,PRG010,2025-01-12,Completed,Fully Paid,5999
ENR0001920,STU006968,PRG011,2024-04-30,Dropped,Fully Paid,3999
ENR0001921,STU006969,PRG005,2025-06-06,Completed,Pending,0
ENR0001922,STU006975,PRG011,2024-12-07,Completed,Fully Paid,3999
ENR0001923,STU006977,PRG006,2024-09-18,Completed,Fully Paid,12999
ENR0001924,STU006983,PRG012,2025-09-23,Completed,Fully Paid,21999
ENR0001925,STU006984,PRG001,2024-09-26,Completed,Fully Paid,24999
ENR0001926,STU006985,PRG002,2025-06-27,Dropped,Fully Paid,19999
ENR0001927,STU006986,PRG012,2025-09-25,Completed,Fully Paid,21999
ENR0001928,STU006987,PRG010,2025-06-14,Dropped,Fully Paid,5999
ENR0001929,STU006989,PRG010,2025-12-31,Completed,Fully Paid,5999
ENR0001930,STU006995,PRG008,2024-08-18,Completed,Fully Paid,9999
ENR0001931,STU007001,PRG005,2024-03-03,Completed,Fully Paid,14999
ENR0001932,STU007006,PRG009,2024-08-07,Dropped,Partially Paid,3404
ENR0001933,STU007009,PRG002,2024-05-02,Completed,Partially Paid,7653
ENR0001934,STU007012,PRG004,2025-07-16,Completed,Partially Paid,18878
ENR0001935,STU007014,PRG005,2024-08-12,Completed,Fully Paid,14999
ENR0001936,STU007015,PRG005,2025-12-27,Dropped,Fully Paid,14999
ENR0001937,STU007021,PRG001,2024-09-03,Completed,Fully Paid,24999
ENR0001938,STU007022,PRG002,2025-12-07,Completed,Fully Paid,19999
ENR0001939,STU007024,PRG011,2025-03-23,Completed,Pending,0
ENR0001940,STU007033,PRG001,2025-12-31,Dropped,Fully Paid,24999
ENR0001941,STU007034,PRG008,2025-09-13,In Progress,Fully Paid,9999
ENR0001942,STU007043,PRG009,2025-08-25,Completed,Fully Paid,4999
ENR0001943,STU007045,PRG001,2025-08-10,Completed,Fully Paid,24999
ENR0001944,STU007046,PRG011,2025-11-01,Completed,Fully Paid,3999
ENR0001945,STU007056,PRG002,2024-07-25,Completed,Fully Paid,19999
ENR0001946,STU007059,PRG003,2024-07-14,Completed,Fully Paid,32999
ENR0001947,STU007060,PRG010,2024-09-08,Dropped,Fully Paid,5999
ENR0001948,STU007061,PRG010,2025-12-17,Dropped,Fully Paid,5999
ENR0001949,STU007063,PRG005,2025-02-01,In Progress,Pending,0
ENR0001950,STU007065,PRG005,2025-06-11,Completed,Fully Paid,14999
ENR0001951,STU007066,PRG002,2025-02-15,Completed,Fully Paid,19999
ENR0001952,STU007073,PRG010,2024-09-11,Completed,Fully Paid,5999
ENR0001953,STU007075,PRG006,2025-04-28,Completed,Fully Paid,12999
ENR0001954,STU007078,PRG005,2025-07-21,Completed,Fully Paid,14999
ENR0001955,STU007079,PRG009,2024-03-23,Completed,Refunded,0
ENR0001956,STU007081,PRG008,2025-02-05,Completed,Fully Paid,9999
ENR0001957,STU007082,PRG004,2025-01-05,Completed,Partially Paid,19102
ENR0001958,STU007083,PRG005,2024-06-14,Completed,Partially Paid,9533
ENR0001959,STU007084,PRG001,2024-07-03,Completed,Pending,0
ENR0001960,STU007085,PRG009,2024-06-08,Dropped,Fully Paid,4999
ENR0001961,STU007087,PRG001,2025-12-25,Completed,Partially Paid,11195
ENR0001962,STU007088,PRG002,2024-06-21,Completed,Partially Paid,11520
ENR0001963,STU007089,PRG003,2025-09-17,Completed,Fully Paid,32999
ENR0001964,STU007094,PRG009,2024-12-12,Completed,Fully Paid,4999
ENR0001965,STU007098,PRG007,2025-01-12,Completed,Fully Paid,17999
ENR0001966,STU007102,PRG012,2024-06-28,Completed,Fully Paid,21999
ENR0001967,STU007104,PRG010,2024-03-16,Completed,Fully Paid,5999
ENR0001968,STU007107,PRG007,2025-03-31,Completed,Fully Paid,17999
ENR0001969,STU007112,PRG008,2024-07-27,Completed,Partially Paid,6803
ENR0001970,STU007117,PRG009,2025-10-17,In Progress,Partially Paid,2082
ENR0001971,STU007123,PRG008,2025-11-21,Completed,Fully Paid,9999
ENR0001972,STU007124,PRG005,2025-12-31,Dropped,Pending,0
ENR0001973,STU007126,PRG009,2025-09-07,Completed,Fully Paid,4999
ENR0001974,STU007128,PRG010,2024-07-28,Completed,Fully Paid,5999
ENR0001975,STU007129,PRG012,2024-06-28,Completed,Fully Paid,21999
ENR0001976,STU007132,PRG008,2025-12-31,Completed,Fully Paid,9999
ENR0001977,STU007136,PRG007,2025-08-08,Completed,Fully Paid,17999
ENR0001978,STU007141,PRG009,2025-07-30,In Progress,Fully Paid,4999
ENR0001979,STU007143,PRG010,2025-09-25,Completed,Fully Paid,5999
ENR0001980,STU007146,PRG010,2025-01-10,Dropped,Fully Paid,5999
ENR0001981,STU007150,PRG008,2024-11-16,Completed,Fully Paid,9999
ENR0001982,STU007160,PRG002,2025-09-07,Completed,Partially Paid,6629
ENR0001983,STU007166,PRG010,2025-11-02,Dropped,Partially Paid,3617
ENR0001984,STU007167,PRG005,2024-10-02,Completed,Fully Paid,14999
ENR0001985,STU007168,PRG011,2025-06-15,Completed,Fully Paid,3999
ENR0001986,STU007169,PRG009,2024-09-11,Completed,Fully Paid,4999
ENR0001987,STU007170,PRG010,2025-04-09,Completed,Fully Paid,5999
ENR0001988,STU007171,PRG002,2025-03-19,In Progress,Partially Paid,9962
ENR0001989,STU007184,PRG003,2024-08-07,Completed,Fully Paid,32999
ENR0001990,STU007186,PRG007,2024-09-08,Completed,Pending,0
ENR0001991,STU007191,PRG004,2025-05-08,Completed,Fully Paid,27999
ENR0001992,STU007193,PRG009,2025-09-04,Completed,Fully Paid,4999
ENR0001993,STU007201,PRG002,2025-07-27,Completed,Fully Paid,19999
ENR0001994,STU007203,PRG011,2025-11-25,Completed,Fully Paid,3999
ENR0001995,STU007205,PRG003,2024-07-23,Completed,Partially Paid,12315
ENR0001996,STU007207,PRG009,2025-11-04,Completed,Fully Paid,4999
ENR0001997,STU007208,PRG003,2025-09-25,Completed,Fully Paid,32999
ENR0001998,STU007215,PRG005,2025-08-16,Completed,Fully Paid,14999
ENR0001999,STU007228,PRG011,2025-04-05,Completed,Pending,0
ENR0002000,STU007230,PRG008,2025-07-26,Completed,Fully Paid,9999
ENR0002001,STU007233,PRG008,2025-08-14,Completed,Pending,0
ENR0002002,STU007234,PRG005,2025-05-28,Completed,Partially Paid,7367
ENR0002003,STU007236,PRG010,2024-04-06,Completed,Fully Paid,5999
ENR0002004,STU007241,PRG002,2024-02-12,Completed,Fully Paid,19999
ENR0002005,STU007242,PRG010,2025-09-29,Completed,Fully Paid,5999
ENR0002006,STU007245,PRG001,2025-12-31,Completed,Fully Paid,24999
ENR0002007,STU007248,PRG002,2025-05-05,Completed,Pending,0
ENR0002008,STU007253,PRG012,2025-02-23,Completed,Fully Paid,21999
ENR0002009,STU007255,PRG001,2025-06-26,In Progress,Partially Paid,10055
ENR0002010,STU007266,PRG009,2025-05-11,Completed,Fully Paid,4999
ENR0002011,STU007271,PRG011,2024-06-14,Completed,Fully Paid,3999
ENR0002012,STU007272,PRG010,2024-07-01,In Progress,Fully Paid,5999
ENR0002013,STU007274,PRG003,2025-07-31,Dropped,Fully Paid,32999
ENR0002014,STU007275,PRG008,2025-07-27,Completed,Fully Paid,9999
ENR0002015,STU007276,PRG010,2025-05-02,Completed,Fully Paid,5999
ENR0002016,STU007279,PRG001,2024-09-09,Completed,Refunded,0
ENR0002017,STU007285,PRG010,2024-10-29,Completed,Partially Paid,3996
ENR0002018,STU007287,PRG001,2025-03-14,Completed,Partially Paid,7555
ENR0002019,STU007289,PRG009,2025-01-29,Completed,Fully Paid,4999
ENR0002020,STU007293,PRG010,2024-11-12,In Progress,Fully Paid,5999
ENR0002021,STU007294,PRG006,2024-10-27,Completed,Fully Paid,12999
ENR0002022,STU007295,PRG010,2024-05-21,Completed,Partially Paid,2803
ENR0002023,STU007298,PRG003,2025-06-29,Dropped,Fully Paid,32999
ENR0002024,STU007303,PRG002,2024-05-06,Completed,Pending,0
ENR0002025,STU007306,PRG009,2025-08-27,Completed,Fully Paid,4999
ENR0002026,STU007309,PRG006,2024-03-27,Completed,Partially Paid,6364
ENR0002027,STU007313,PRG001,2025-07-16,Completed,Fully Paid,24999
ENR0002028,STU007318,PRG012,2024-03-06,Completed,Fully Paid,21999
ENR0002029,STU007319,PRG011,2025-12-17,Completed,Fully Paid,3999
ENR0002030,STU007332,PRG012,2025-07-17,Completed,Fully Paid,21999
ENR0002031,STU007341,PRG008,2024-10-29,Completed,Fully Paid,9999
ENR0002032,STU007346,PRG002,2024-11-10,Completed,Fully Paid,19999
ENR0002033,STU007347,PRG012,2025-10-11,Completed,Pending,0
ENR0002034,STU007350,PRG001,2025-05-24,Completed,Fully Paid,24999
ENR0002035,STU007364,PRG009,2024-03-05,Dropped,Fully Paid,4999
ENR0002036,STU007365,PRG003,2025-08-03,Completed,Pending,0
ENR0002037,STU007366,PRG011,2024-02-09,Completed,Fully Paid,3999
ENR0002038,STU007371,PRG004,2025-01-15,Completed,Fully Paid,27999
ENR0002039,STU007377,PRG005,2025-10-24,In Progress,Fully Paid,14999
ENR0002040,STU007378,PRG004,2025-09-28,In Progress,Fully Paid,27999
ENR0002041,STU007380,PRG009,2025-03-24,Completed,Fully Paid,4999
ENR0002042,STU007382,PRG001,2024-07-18,Completed,Fully Paid,24999
ENR0002043,STU007383,PRG009,2025-06-25,Completed,Fully Paid,4999
ENR0002044,STU007386,PRG004,2024-09-03,Completed,Fully Paid,27999
ENR0002045,STU007393,PRG011,2024-11-03,Completed,Partially Paid,2173
ENR0002046,STU007394,PRG005,2025-12-31,Completed,Fully Paid,14999
ENR0002047,STU007395,PRG005,2024-07-23,Completed,Fully Paid,14999
ENR0002048,STU007396,PRG001,2025-12-08,Completed,Fully Paid,24999
ENR0002049,STU007401,PRG008,2024-06-22,Dropped,Fully Paid,9999
ENR0002050,STU007404,PRG009,2024-02-20,Dropped,Fully Paid,4999
ENR0002051,STU007413,PRG011,2024-06-24,Completed,Fully Paid,3999
ENR0002052,STU007418,PRG004,2024-07-02,Completed,Fully Paid,27999
ENR0002053,STU007427,PRG009,2024-02-07,Completed,Fully Paid,4999
ENR0002054,STU007432,PRG003,2025-09-23,Completed,Fully Paid,32999
ENR0002055,STU007437,PRG009,2025-07-15,Completed,Partially Paid,2847
ENR0002056,STU007439,PRG009,2024-08-25,Completed,Fully Paid,4999
ENR0002057,STU007440,PRG002,2025-10-11,Completed,Pending,0
ENR0002058,STU007445,PRG005,2025-12-31,Completed,Partially Paid,9869
ENR0002059,STU007447,PRG012,2024-03-25,Completed,Partially Paid,11370
ENR0002060,STU007452,PRG002,2025-04-04,Completed,Fully Paid,19999
ENR0002061,STU007454,PRG001,2025-03-06,Completed,Fully Paid,24999
ENR0002062,STU007455,PRG006,2025-05-19,Completed,Fully Paid,12999
ENR0002063,STU007463,PRG011,2024-09-06,Completed,Fully Paid,3999
ENR0002064,STU007467,PRG001,2025-10-27,Completed,Fully Paid,24999
ENR0002065,STU007472,PRG005,2024-08-29,Completed,Fully Paid,14999
ENR0002066,STU007475,PRG001,2025-12-31,Completed,Fully Paid,24999
ENR0002067,STU007478,PRG007,2024-11-11,Completed,Fully Paid,17999
ENR0002068,STU007481,PRG005,2025-02-27,Completed,Fully Paid,14999
ENR0002069,STU007484,PRG008,2025-10-30,Completed,Fully Paid,9999
ENR0002070,STU007495,PRG009,2025-12-03,Completed,Fully Paid,4999
ENR0002071,STU007502,PRG007,2025-09-10,Completed,Fully Paid,17999
ENR0002072,STU007508,PRG003,2025-06-02,Completed,Fully Paid,32999
ENR0002073,STU007510,PRG007,2025-04-10,Completed,Fully Paid,17999
ENR0002074,STU007517,PRG002,2025-12-23,Completed,Fully Paid,19999
ENR0002075,STU007519,PRG010,2024-06-02,Dropped,Partially Paid,2992
ENR0002076,STU007526,PRG010,2024-01-06,In Progress,Fully Paid,5999
ENR0002077,STU007540,PRG001,2025-11-22,Dropped,Fully Paid,24999
ENR0002078,STU007561,PRG008,2025-11-13,Completed,Fully Paid,9999
ENR0002079,STU007562,PRG008,2024-04-28,Completed,Fully Paid,9999
ENR0002080,STU007563,PRG004,2025-07-11,Completed,Fully Paid,27999
ENR0002081,STU007565,PRG002,2024-04-19,Completed,Fully Paid,19999
ENR0002082,STU007567,PRG001,2024-12-13,Dropped,Fully Paid,24999
ENR0002083,STU007568,PRG010,2025-08-15,Completed,Fully Paid,5999
ENR0002084,STU007583,PRG007,2024-05-14,Completed,Partially Paid,7673
ENR0002085,STU007586,PRG011,2024-08-09,Completed,Fully Paid,3999
ENR0002086,STU007588,PRG003,2024-08-28,Completed,Fully Paid,32999
ENR0002087,STU007589,PRG011,2025-05-04,Completed,Fully Paid,3999
ENR0002088,STU007591,PRG009,2024-06-12,Completed,Fully Paid,4999
ENR0002089,STU007592,PRG007,2025-02-22,Completed,Fully Paid,17999
ENR0002090,STU007595,PRG010,2025-08-18,Completed,Fully Paid,5999
ENR0002091,STU007601,PRG011,2025-03-21,Completed,Fully Paid,3999
ENR0002092,STU007606,PRG009,2025-11-01,Completed,Fully Paid,4999
ENR0002093,STU007607,PRG003,2025-09-01,Completed,Fully Paid,32999
ENR0002094,STU007608,PRG001,2025-10-05,Completed,Partially Paid,15207
ENR0002095,STU007616,PRG004,2024-07-12,Completed,Partially Paid,14664
ENR0002096,STU007618,PRG001,2024-06-07,Completed,Fully Paid,24999
ENR0002097,STU007628,PRG008,2025-09-07,In Progress,Fully Paid,9999
ENR0002098,STU007633,PRG001,2025-12-31,Completed,Fully Paid,24999
ENR0002099,STU007636,PRG002,2024-03-03,Completed,Fully Paid,19999
ENR0002100,STU007639,PRG001,2024-09-26,Completed,Pending,0
ENR0002101,STU007640,PRG007,2024-06-20,Dropped,Fully Paid,17999
ENR0002102,STU007643,PRG008,2024-04-04,Completed,Fully Paid,9999
ENR0002103,STU007644,PRG009,2025-08-17,Dropped,Fully Paid,4999
ENR0002104,STU007650,PRG010,2025-02-08,Completed,Pending,0
ENR0002105,STU007652,PRG011,2025-11-23,Completed,Fully Paid,3999
ENR0002106,STU007658,PRG005,2024-05-20,Completed,Fully Paid,14999
ENR0002107,STU007659,PRG005,2025-11-07,Completed,Pending,0
ENR0002108,STU007660,PRG008,2024-08-10,Completed,Partially Paid,5655
ENR0002109,STU007666,PRG010,2025-05-16,Completed,Fully Paid,5999
ENR0002110,STU007667,PRG003,2024-11-22,Completed,Fully Paid,32999
ENR0002111,STU007673,PRG005,2025-05-19,Completed,Pending,0
ENR0002112,STU007675,PRG012,2025-06-16,Completed,Partially Paid,11974
ENR0002113,STU007677,PRG006,2024-12-10,Dropped,Fully Paid,12999
ENR0002114,STU007681,PRG008,2025-12-16,Dropped,Partially Paid,6316
ENR0002115,STU007683,PRG010,2024-09-06,Completed,Fully Paid,5999
ENR0002116,STU007686,PRG010,2024-07-26,Completed,Fully Paid,5999
ENR0002117,STU007688,PRG010,2024-08-19,Completed,Partially Paid,3595
ENR0002118,STU007689,PRG010,2024-07-15,Dropped,Fully Paid,5999
ENR0002119,STU007698,PRG003,2025-08-12,Completed,Fully Paid,32999
ENR0002120,STU007703,PRG011,2025-09-18,Completed,Partially Paid,2489
ENR0002121,STU007704,PRG003,2025-07-03,Completed,Fully Paid,32999
ENR0002122,STU007708,PRG005,2025-08-17,Completed,Fully Paid,14999
ENR0002123,STU007719,PRG001,2024-03-26,Completed,Fully Paid,24999
ENR0002124,STU007721,PRG009,2024-09-25,Completed,Fully Paid,4999
ENR0002125,STU007722,PRG001,2024-04-10,Completed,Partially Paid,11914
ENR0002126,STU007723,PRG001,2024-07-14,Completed,Pending,0
ENR0002127,STU007730,PRG009,2025-09-07,Completed,Fully Paid,4999
ENR0002128,STU007737,PRG001,2025-05-31,In Progress,Fully Paid,24999
ENR0002129,STU007738,PRG001,2025-12-31,Dropped,Fully Paid,24999
ENR0002130,STU007743,PRG006,2025-12-27,Completed,Fully Paid,12999
ENR0002131,STU007752,PRG010,2025-04-06,Dropped,Fully Paid,5999
ENR0002132,STU007762,PRG002,2024-09-10,Dropped,Fully Paid,19999
ENR0002133,STU007764,PRG005,2025-04-28,Dropped,Fully Paid,14999
ENR0002134,STU007772,PRG001,2025-11-07,Dropped,Pending,0
ENR0002135,STU007775,PRG005,2025-07-07,Completed,Fully Paid,14999
ENR0002136,STU007777,PRG002,2025-08-11,Completed,Partially Paid,8633
ENR0002137,STU007788,PRG001,2025-03-18,Completed,Fully Paid,24999
ENR0002138,STU007791,PRG009,2024-06-06,Completed,Fully Paid,4999
ENR0002139,STU007793,PRG009,2025-11-15,Completed,Fully Paid,4999
ENR0002140,STU007799,PRG001,2024-05-21,Completed,Fully Paid,24999
ENR0002141,STU007806,PRG012,2024-08-01,Completed,Pending,0
ENR0002142,STU007809,PRG001,2025-06-01,Completed,Fully Paid,24999
ENR0002143,STU007812,PRG009,2025-10-14,Completed,Fully Paid,4999
ENR0002144,STU007814,PRG003,2024-03-13,Completed,Fully Paid,32999
ENR0002145,STU007815,PRG007,2025-10-18,Dropped,Fully Paid,17999
ENR0002146,STU007820,PRG005,2025-09-24,Completed,Fully Paid,14999
ENR0002147,STU007821,PRG011,2024-12-07,Completed,Refunded,0
ENR0002148,STU007830,PRG002,2024-05-21,Completed,Fully Paid,19999
ENR0002149,STU007833,PRG001,2024-10-02,Completed,Fully Paid,24999
ENR0002150,STU007839,PRG010,2025-11-16,Dropped,Fully Paid,5999
ENR0002151,STU007842,PRG005,2025-07-31,Completed,Fully Paid,14999
ENR0002152,STU007851,PRG009,2024-11-07,Dropped,Pending,0
ENR0002153,STU007856,PRG002,2025-06-22,Completed,Fully Paid,19999
ENR0002154,STU007857,PRG005,2025-11-26,Completed,Fully Paid,14999
ENR0002155,STU007863,PRG007,2024-05-03,Dropped,Refunded,0
ENR0002156,STU007868,PRG007,2025-12-19,Completed,Fully Paid,17999
ENR0002157,STU007870,PRG012,2025-05-24,Completed,Fully Paid,21999
ENR0002158,STU007884,PRG010,2025-04-26,Dropped,Fully Paid,5999
ENR0002159,STU007894,PRG012,2025-12-31,Completed,Fully Paid,21999
ENR0002160,STU007896,PRG011,2025-01-26,Completed,Fully Paid,3999
ENR0002161,STU007897,PRG011,2025-07-07,Completed,Fully Paid,3999
ENR0002162,STU007898,PRG007,2025-12-31,Completed,Fully Paid,17999
ENR0002163,STU007899,PRG011,2024-02-28,Completed,Fully Paid,3999
ENR0002164,STU007916,PRG004,2025-12-28,Completed,Fully Paid,27999
ENR0002165,STU007918,PRG005,2025-03-03,Completed,Fully Paid,14999
ENR0002166,STU007928,PRG009,2025-08-01,Completed,Fully Paid,4999
ENR0002167,STU007936,PRG010,2025-07-27,Completed,Fully Paid,5999
ENR0002168,STU007943,PRG006,2025-03-21,Completed,Refunded,0
ENR0002169,STU007952,PRG011,2025-03-20,Completed,Partially Paid,1305
ENR0002170,STU007953,PRG004,2024-07-29,Completed,Fully Paid,27999
ENR0002171,STU007954,PRG008,2025-06-07,Completed,Fully Paid,9999
ENR0002172,STU007955,PRG002,2025-10-10,Completed,Fully Paid,19999
ENR0002173,STU007962,PRG011,2025-11-29,Completed,Fully Paid,3999
ENR0002174,STU007969,PRG010,2024-08-06,Completed,Fully Paid,5999
ENR0002175,STU007973,PRG005,2024-07-27,Dropped,Fully Paid,14999
ENR0002176,STU007975,PRG006,2024-11-02,In Progress,Partially Paid,6460
ENR0002177,STU007983,PRG006,2024-09-08,Dropped,Pending,0
ENR0002178,STU007985,PRG002,2025-09-16,Completed,Fully Paid,19999
ENR0002179,STU007993,PRG010,2025-06-03,Dropped,Fully Paid,5999
ENR0002180,STU007994,PRG010,2025-07-06,Completed,Fully Paid,5999
ENR0002181,STU007997,PRG010,2025-07-25,Completed,Fully Paid,5999
ENR0002182,STU007998,PRG005,2025-05-19,Completed,Pending,0
ENR0002183,STU007999,PRG002,2025-05-01,Completed,Fully Paid,19999
ENR0002184,STU008003,PRG002,2024-08-24,Dropped,Fully Paid,19999
ENR0002185,STU008006,PRG004,2025-11-29,Completed,Fully Paid,27999
ENR0002186,STU008011,PRG011,2025-09-30,Completed,Partially Paid,1879
ENR0002187,STU008013,PRG003,2025-07-18,Completed,Fully Paid,32999
ENR0002188,STU008017,PRG003,2025-03-24,Completed,Partially Paid,21463
ENR0002189,STU008025,PRG010,2024-07-22,Completed,Fully Paid,5999
ENR0002190,STU008029,PRG001,2025-10-29,In Progress,Fully Paid,24999
ENR0002191,STU008030,PRG007,2025-06-29,Completed,Fully Paid,17999
ENR0002192,STU008031,PRG001,2025-07-28,In Progress,Fully Paid,24999
ENR0002193,STU008034,PRG011,2025-09-29,Completed,Fully Paid,3999
ENR0002194,STU008037,PRG001,2025-12-31,Completed,Fully Paid,24999
ENR0002195,STU008044,PRG011,2025-04-12,Completed,Fully Paid,3999
ENR0002196,STU008046,PRG005,2024-09-02,In Progress,Fully Paid,14999
ENR0002197,STU008048,PRG001,2024-10-25,Dropped,Partially Paid,8907
ENR0002198,STU008050,PRG001,2025-09-07,Dropped,Partially Paid,14304
ENR0002199,STU008053,PRG002,2025-12-31,Completed,Fully Paid,19999
ENR0002200,STU008059,PRG001,2024-12-29,Completed,Partially Paid,8686
ENR0002201,STU008060,PRG003,2025-08-04,Dropped,Fully Paid,32999
ENR0002202,STU008063,PRG003,2024-05-23,Completed,Fully Paid,32999
ENR0002203,STU008066,PRG007,2024-09-16,Completed,Refunded,0
ENR0002204,STU008078,PRG012,2024-03-13,Completed,Fully Paid,21999
ENR0002205,STU008079,PRG002,2025-06-17,Completed,Fully Paid,19999
ENR0002206,STU008082,PRG012,2025-02-21,Completed,Fully Paid,21999
ENR0002207,STU008086,PRG005,2024-09-21,Completed,Fully Paid,14999
ENR0002208,STU008093,PRG006,2025-11-06,Completed,Partially Paid,6990
ENR0002209,STU008096,PRG009,2025-07-01,Completed,Partially Paid,1978
ENR0002210,STU008098,PRG009,2024-08-23,Completed,Fully Paid,4999
ENR0002211,STU008104,PRG010,2024-08-27,Dropped,Fully Paid,5999
ENR0002212,STU008106,PRG009,2025-05-30,Completed,Fully Paid,4999
ENR0002213,STU008108,PRG001,2024-02-26,Completed,Fully Paid,24999
ENR0002214,STU008118,PRG011,2025-01-29,Completed,Fully Paid,3999
ENR0002215,STU008120,PRG012,2025-06-03,Completed,Fully Paid,21999
ENR0002216,STU008126,PRG003,2024-06-06,Completed,Fully Paid,32999
ENR0002217,STU008129,PRG009,2024-01-27,Completed,Partially Paid,1650
ENR0002218,STU008130,PRG005,2024-07-20,Completed,Fully Paid,14999
ENR0002219,STU008136,PRG011,2025-09-05,Completed,Partially Paid,2123
ENR0002220,STU008143,PRG009,2024-07-18,Completed,Partially Paid,2116
ENR0002221,STU008144,PRG012,2025-06-13,Completed,Fully Paid,21999
ENR0002222,STU008152,PRG012,2024-06-29,Completed,Partially Paid,11183
ENR0002223,STU008153,PRG010,2025-02-08,Completed,Fully Paid,5999
ENR0002224,STU008160,PRG003,2025-01-04,Completed,Fully Paid,32999
ENR0002225,STU008163,PRG011,2025-06-19,Completed,Fully Paid,3999
ENR0002226,STU008164,PRG011,2024-10-28,Completed,Fully Paid,3999
ENR0002227,STU008167,PRG005,2025-07-19,Completed,Fully Paid,14999
ENR0002228,STU008169,PRG010,2025-08-10,Dropped,Fully Paid,5999
ENR0002229,STU008172,PRG001,2025-08-19,In Progress,Fully Paid,24999
ENR0002230,STU008179,PRG001,2025-05-30,Completed,Fully Paid,24999
ENR0002231,STU008181,PRG004,2025-08-16,Completed,Fully Paid,27999
ENR0002232,STU008189,PRG003,2025-06-23,Completed,Fully Paid,32999
ENR0002233,STU008191,PRG007,2025-09-17,Completed,Fully Paid,17999
ENR0002234,STU008196,PRG001,2024-02-16,Completed,Fully Paid,24999
ENR0002235,STU008201,PRG002,2025-07-25,Completed,Fully Paid,19999
ENR0002236,STU008216,PRG009,2025-07-10,Completed,Fully Paid,4999
ENR0002237,STU008217,PRG009,2025-05-19,Dropped,Pending,0
ENR0002238,STU008219,PRG010,2025-08-27,Completed,Fully Paid,5999
ENR0002239,STU008222,PRG006,2025-07-22,Completed,Fully Paid,12999
ENR0002240,STU008223,PRG003,2024-10-07,Completed,Fully Paid,32999
ENR0002241,STU008226,PRG005,2025-08-22,Completed,Partially Paid,6552
ENR0002242,STU008228,PRG010,2024-06-26,Completed,Fully Paid,5999
ENR0002243,STU008229,PRG009,2024-07-06,Completed,Fully Paid,4999
ENR0002244,STU008233,PRG006,2025-12-23,Completed,Fully Paid,12999
ENR0002245,STU008236,PRG010,2024-05-19,Completed,Partially Paid,3783
ENR0002246,STU008237,PRG003,2024-08-27,Completed,Refunded,0
ENR0002247,STU008239,PRG003,2025-06-07,Completed,Fully Paid,32999
ENR0002248,STU008241,PRG002,2025-07-01,In Progress,Fully Paid,19999
ENR0002249,STU008242,PRG002,2025-09-29,Completed,Partially Paid,9568
ENR0002250,STU008244,PRG010,2025-04-12,Completed,Fully Paid,5999
ENR0002251,STU008246,PRG002,2025-01-08,Completed,Fully Paid,19999
ENR0002252,STU008247,PRG011,2024-04-28,Completed,Fully Paid,3999
ENR0002253,STU008250,PRG010,2024-09-12,Dropped,Partially Paid,2059
ENR0002254,STU008254,PRG008,2025-02-04,Completed,Fully Paid,9999
ENR0002255,STU008256,PRG002,2025-09-12,Dropped,Fully Paid,19999
ENR0002256,STU008258,PRG001,2024-02-01,Completed,Pending,0
ENR0002257,STU008259,PRG006,2025-06-22,Completed,Fully Paid,12999
ENR0002258,STU008260,PRG006,2024-09-26,Completed,Fully Paid,12999
ENR0002259,STU008262,PRG011,2025-02-09,Completed,Fully Paid,3999
ENR0002260,STU008267,PRG012,2025-04-07,Completed,Fully Paid,21999
ENR0002261,STU008270,PRG003,2024-09-13,Completed,Fully Paid,32999
ENR0002262,STU008283,PRG008,2025-07-18,Dropped,Partially Paid,6615
ENR0002263,STU008284,PRG002,2025-10-13,Completed,Fully Paid,19999
ENR0002264,STU008286,PRG009,2024-01-23,In Progress,Fully Paid,4999
ENR0002265,STU008292,PRG004,2025-08-25,Completed,Fully Paid,27999
ENR0002266,STU008293,PRG004,2025-07-17,Completed,Partially Paid,14526
ENR0002267,STU008296,PRG002,2024-05-14,Completed,Fully Paid,19999
ENR0002268,STU008299,PRG008,2025-12-31,Completed,Fully Paid,9999
ENR0002269,STU008300,PRG009,2025-02-27,Completed,Partially Paid,3335
ENR0002270,STU008301,PRG004,2024-01-28,Dropped,Partially Paid,14486
ENR0002271,STU008309,PRG008,2025-09-04,Completed,Fully Paid,9999
ENR0002272,STU008310,PRG010,2025-12-26,Completed,Fully Paid,5999
ENR0002273,STU008314,PRG007,2025-06-15,Dropped,Pending,0
ENR0002274,STU008316,PRG010,2025-03-31,Dropped,Pending,0
ENR0002275,STU008319,PRG002,2024-05-06,Dropped,Fully Paid,19999
ENR0002276,STU008321,PRG011,2025-08-05,Completed,Fully Paid,3999
ENR0002277,STU008322,PRG012,2025-08-25,Completed,Fully Paid,21999
ENR0002278,STU008327,PRG001,2024-01-28,Completed,Partially Paid,15605
ENR0002279,STU008329,PRG001,2025-12-31,Completed,Partially Paid,12399
ENR0002280,STU008330,PRG010,2025-10-16,Dropped,Fully Paid,5999
ENR0002281,STU008331,PRG010,2025-01-13,In Progress,Fully Paid,5999
ENR0002282,STU008334,PRG004,2024-09-21,Completed,Partially Paid,15848
ENR0002283,STU008337,PRG008,2025-12-31,Completed,Fully Paid,9999
ENR0002284,STU008338,PRG011,2024-02-14,Completed,Fully Paid,3999
ENR0002285,STU008349,PRG005,2025-12-31,Completed,Fully Paid,14999
ENR0002286,STU008352,PRG008,2024-07-19,Completed,Fully Paid,9999
ENR0002287,STU008353,PRG005,2025-06-22,Completed,Pending,0
ENR0002288,STU008356,PRG012,2025-10-18,Dropped,Partially Paid,11789
ENR0002289,STU008361,PRG004,2025-03-11,Completed,Fully Paid,27999
ENR0002290,STU008364,PRG005,2025-03-28,Completed,Fully Paid,14999
ENR0002291,STU008367,PRG003,2024-04-22,Completed,Fully Paid,32999
ENR0002292,STU008368,PRG001,2025-08-28,Completed,Partially Paid,8630
ENR0002293,STU008373,PRG011,2025-07-24,Completed,Pending,0
ENR0002294,STU008374,PRG002,2025-10-28,In Progress,Pending,0
ENR0002295,STU008381,PRG011,2025-06-11,Completed,Fully Paid,3999
ENR0002296,STU008384,PRG010,2024-07-03,Completed,Fully Paid,5999
ENR0002297,STU008389,PRG009,2024-09-07,Completed,Refunded,0
ENR0002298,STU008394,PRG007,2025-03-30,Completed,Fully Paid,17999
ENR0002299,STU008399,PRG009,2024-06-05,Completed,Fully Paid,4999
ENR0002300,STU008400,PRG011,2025-03-08,Completed,Partially Paid,1380
ENR0002301,STU008405,PRG010,2024-06-06,Completed,Pending,0
ENR0002302,STU008407,PRG012,2025-03-27,Completed,Fully Paid,21999
ENR0002303,STU008408,PRG005,2024-05-25,Completed,Fully Paid,14999
ENR0002304,STU008409,PRG003,2025-05-24,Completed,Pending,0
ENR0002305,STU008411,PRG004,2025-08-18,Completed,Fully Paid,27999
ENR0002306,STU008413,PRG005,2024-06-08,Completed,Fully Paid,14999
ENR0002307,STU008419,PRG001,2024-08-21,Completed,Fully Paid,24999
ENR0002308,STU008422,PRG003,2024-09-25,Completed,Fully Paid,32999
ENR0002309,STU008425,PRG001,2024-08-27,Completed,Fully Paid,24999
ENR0002310,STU008432,PRG010,2024-03-02,Dropped,Fully Paid,5999
ENR0002311,STU008433,PRG009,2024-02-18,Completed,Fully Paid,4999
ENR0002312,STU008437,PRG002,2024-10-28,Completed,Fully Paid,19999
ENR0002313,STU008439,PRG010,2025-05-11,Completed,Fully Paid,5999
ENR0002314,STU008444,PRG010,2025-05-06,Completed,Fully Paid,5999
ENR0002315,STU008445,PRG007,2025-12-31,Completed,Fully Paid,17999
ENR0002316,STU008455,PRG001,2024-09-13,Completed,Fully Paid,24999
ENR0002317,STU008467,PRG001,2024-09-19,Completed,Pending,0
ENR0002318,STU008468,PRG001,2025-04-19,Dropped,Fully Paid,24999
ENR0002319,STU008472,PRG007,2024-05-12,Completed,Fully Paid,17999
ENR0002320,STU008474,PRG009,2025-02-04,Completed,Fully Paid,4999
ENR0002321,STU008477,PRG010,2025-12-17,Completed,Fully Paid,5999
ENR0002322,STU008479,PRG002,2024-12-18,Completed,Fully Paid,19999
ENR0002323,STU008491,PRG009,2025-06-28,Completed,Pending,0
ENR0002324,STU008494,PRG005,2024-09-10,Dropped,Fully Paid,14999
ENR0002325,STU008496,PRG004,2024-07-18,Completed,Pending,0
ENR0002326,STU008497,PRG008,2025-08-23,Completed,Partially Paid,4049
ENR0002327,STU008500,PRG001,2025-12-04,Completed,Partially Paid,9103
ENR0002328,STU008503,PRG005,2024-08-31,Completed,Fully Paid,14999
ENR0002329,STU008510,PRG010,2024-11-11,Completed,Fully Paid,5999
ENR0002330,STU008512,PRG007,2025-11-23,Completed,Fully Paid,17999
ENR0002331,STU008515,PRG001,2024-05-27,Completed,Fully Paid,24999
ENR0002332,STU008516,PRG010,2025-12-29,Completed,Fully Paid,5999
ENR0002333,STU008517,PRG009,2025-08-08,In Progress,Fully Paid,4999
ENR0002334,STU008519,PRG002,2025-06-01,In Progress,Pending,0
ENR0002335,STU008526,PRG008,2025-11-04,Completed,Fully Paid,9999
ENR0002336,STU008530,PRG008,2024-06-29,Completed,Fully Paid,9999
ENR0002337,STU008540,PRG011,2025-04-24,Completed,Fully Paid,3999
ENR0002338,STU008541,PRG010,2025-03-26,Completed,Fully Paid,5999
ENR0002339,STU008542,PRG009,2024-09-23,Completed,Fully Paid,4999
ENR0002340,STU008552,PRG005,2025-08-23,Completed,Fully Paid,14999
ENR0002341,STU008553,PRG010,2025-12-31,Dropped,Fully Paid,5999
ENR0002342,STU008556,PRG009,2025-07-27,Completed,Fully Paid,4999
ENR0002343,STU008559,PRG012,2024-12-10,In Progress,Fully Paid,21999
ENR0002344,STU008560,PRG010,2024-08-06,Completed,Fully Paid,5999
ENR0002345,STU008561,PRG009,2025-09-17,Completed,Partially Paid,1850
ENR0002346,STU008562,PRG007,2025-08-27,Completed,Fully Paid,17999
ENR0002347,STU008565,PRG010,2024-09-10,Completed,Fully Paid,5999
ENR0002348,STU008572,PRG004,2025-08-28,Completed,Fully Paid,27999
ENR0002349,STU008581,PRG001,2025-03-10,Completed,Fully Paid,24999
ENR0002350,STU008582,PRG008,2024-05-30,Completed,Fully Paid,9999
ENR0002351,STU008586,PRG012,2025-01-26,Completed,Fully Paid,21999
ENR0002352,STU008590,PRG007,2025-08-11,Completed,Fully Paid,17999
ENR0002353,STU008601,PRG012,2024-11-01,Completed,Fully Paid,21999
ENR0002354,STU008604,PRG010,2025-04-08,Completed,Fully Paid,5999
ENR0002355,STU008605,PRG005,2025-06-11,Completed,Fully Paid,14999
ENR0002356,STU008609,PRG007,2024-09-11,In Progress,Fully Paid,17999
ENR0002357,STU008611,PRG001,2025-12-02,Completed,Fully Paid,24999
ENR0002358,STU008612,PRG008,2024-08-19,Completed,Partially Paid,3577
ENR0002359,STU008618,PRG009,2024-04-27,Completed,Fully Paid,4999
ENR0002360,STU008620,PRG002,2025-12-31,Completed,Partially Paid,13642
ENR0002361,STU008621,PRG012,2024-11-17,Completed,Fully Paid,21999
ENR0002362,STU008629,PRG009,2024-05-05,Completed,Fully Paid,4999
ENR0002363,STU008639,PRG003,2025-04-30,Completed,Partially Paid,17877
ENR0002364,STU008649,PRG011,2024-07-18,Completed,Fully Paid,3999
ENR0002365,STU008650,PRG011,2025-06-14,Completed,Fully Paid,3999
ENR0002366,STU008651,PRG005,2025-01-27,Completed,Fully Paid,14999
ENR0002367,STU008654,PRG012,2025-12-15,Completed,Fully Paid,21999
ENR0002368,STU008657,PRG005,2024-11-15,Completed,Pending,0
ENR0002369,STU008658,PRG002,2025-04-04,Completed,Fully Paid,19999
ENR0002370,STU008662,PRG003,2024-09-12,Completed,Pending,0
ENR0002371,STU008671,PRG003,2025-05-30,Completed,Fully Paid,32999
ENR0002372,STU008675,PRG009,2024-07-31,In Progress,Fully Paid,4999
ENR0002373,STU008677,PRG003,2025-12-31,In Progress,Fully Paid,32999
ENR0002374,STU008678,PRG002,2025-11-17,Completed,Fully Paid,19999
ENR0002375,STU008689,PRG009,2024-11-06,Completed,Fully Paid,4999
ENR0002376,STU008700,PRG012,2025-03-20,Completed,Fully Paid,21999
ENR0002377,STU008713,PRG011,2025-03-04,Dropped,Fully Paid,3999
ENR0002378,STU008722,PRG011,2024-08-02,Completed,Fully Paid,3999
ENR0002379,STU008732,PRG004,2024-06-01,Dropped,Fully Paid,27999
ENR0002380,STU008734,PRG008,2025-04-22,Dropped,Fully Paid,9999
ENR0002381,STU008735,PRG003,2025-08-08,Completed,Fully Paid,32999
ENR0002382,STU008737,PRG003,2024-11-08,Completed,Fully Paid,32999
ENR0002383,STU008738,PRG007,2025-08-14,Completed,Pending,0
ENR0002384,STU008739,PRG005,2025-11-13,Completed,Fully Paid,14999
ENR0002385,STU008747,PRG005,2025-02-27,Completed,Refunded,0
ENR0002386,STU008754,PRG001,2024-08-01,Dropped,Fully Paid,24999
ENR0002387,STU008764,PRG009,2025-12-25,Completed,Pending,0
ENR0002388,STU008768,PRG010,2025-09-14,Completed,Refunded,0
ENR0002389,STU008771,PRG002,2025-07-29,Completed,Pending,0
ENR0002390,STU008772,PRG004,2025-12-05,Dropped,Fully Paid,27999
ENR0002391,STU008774,PRG003,2024-01-25,Completed,Fully Paid,32999
ENR0002392,STU008777,PRG010,2024-05-13,Dropped,Fully Paid,5999
ENR0002393,STU008779,PRG001,2024-07-07,Completed,Fully Paid,24999
ENR0002394,STU008780,PRG002,2025-07-03,Completed,Fully Paid,19999
ENR0002395,STU008781,PRG011,2025-07-01,Completed,Fully Paid,3999
ENR0002396,STU008782,PRG009,2025-08-28,Completed,Partially Paid,3417
ENR0002397,STU008784,PRG011,2025-01-22,Completed,Fully Paid,3999
ENR0002398,STU008790,PRG009,2025-06-07,Completed,Fully Paid,4999
ENR0002399,STU008800,PRG001,2025-05-23,Completed,Fully Paid,24999
ENR0002400,STU008806,PRG010,2025-09-02,Completed,Fully Paid,5999
ENR0002401,STU008809,PRG010,2025-08-05,Completed,Fully Paid,5999
ENR0002402,STU008811,PRG010,2024-01-30,In Progress,Partially Paid,3789
ENR0002403,STU008815,PRG001,2024-07-28,Dropped,Fully Paid,24999
ENR0002404,STU008817,PRG009,2025-07-02,Completed,Fully Paid,4999
ENR0002405,STU008819,PRG005,2024-11-21,Completed,Fully Paid,14999
ENR0002406,STU008822,PRG012,2025-09-08,Completed,Fully Paid,21999
ENR0002407,STU008823,PRG010,2025-12-31,Completed,Partially Paid,2466
ENR0002408,STU008824,PRG006,2025-07-14,Completed,Fully Paid,12999
ENR0002409,STU008825,PRG009,2025-09-01,Completed,Fully Paid,4999
ENR0002410,STU008827,PRG004,2025-07-29,Completed,Fully Paid,27999
ENR0002411,STU008841,PRG009,2024-04-11,Completed,Fully Paid,4999
ENR0002412,STU008846,PRG010,2024-05-03,Completed,Fully Paid,5999
ENR0002413,STU008852,PRG009,2024-04-30,Completed,Fully Paid,4999
ENR0002414,STU008855,PRG008,2024-09-12,Completed,Fully Paid,9999
ENR0002415,STU008857,PRG010,2024-04-24,Completed,Pending,0
ENR0002416,STU008859,PRG012,2024-07-28,Completed,Fully Paid,21999
ENR0002417,STU008863,PRG003,2024-02-05,Completed,Fully Paid,32999
ENR0002418,STU008864,PRG004,2025-06-15,In Progress,Fully Paid,27999
ENR0002419,STU008868,PRG008,2025-01-07,Dropped,Fully Paid,9999
ENR0002420,STU008870,PRG009,2024-07-30,Completed,Fully Paid,4999
ENR0002421,STU008871,PRG006,2024-02-14,Completed,Fully Paid,12999
ENR0002422,STU008872,PRG003,2025-01-21,Dropped,Refunded,0
ENR0002423,STU008873,PRG001,2025-12-31,Completed,Fully Paid,24999
ENR0002424,STU008875,PRG007,2025-07-28,Completed,Pending,0
ENR0002425,STU008878,PRG007,2025-06-01,Completed,Fully Paid,17999
ENR0002426,STU008879,PRG002,2025-04-04,Completed,Refunded,0
ENR0002427,STU008881,PRG005,2024-01-18,Completed,Fully Paid,14999
ENR0002428,STU008883,PRG003,2025-02-08,Completed,Fully Paid,32999
ENR0002429,STU008884,PRG001,2025-10-17,Completed,Fully Paid,24999
ENR0002430,STU008885,PRG009,2025-01-31,Completed,Fully Paid,4999
ENR0002431,STU008890,PRG003,2024-10-16,Completed,Fully Paid,32999
ENR0002432,STU008897,PRG005,2025-11-28,Completed,Fully Paid,14999
ENR0002433,STU008900,PRG002,2025-09-04,Completed,Fully Paid,19999
ENR0002434,STU008901,PRG009,2024-08-18,Completed,Fully Paid,4999
ENR0002435,STU008908,PRG001,2024-11-01,Completed,Fully Paid,24999
ENR0002436,STU008910,PRG010,2025-02-07,Completed,Fully Paid,5999
ENR0002437,STU008913,PRG001,2024-06-30,In Progress,Partially Paid,9965
ENR0002438,STU008914,PRG010,2025-08-24,Completed,Fully Paid,5999
ENR0002439,STU008915,PRG009,2024-11-01,Completed,Pending,0
ENR0002440,STU008923,PRG003,2025-04-29,Completed,Partially Paid,15217
ENR0002441,STU008927,PRG008,2025-02-19,Completed,Fully Paid,9999
ENR0002442,STU008939,PRG004,2025-11-02,Completed,Fully Paid,27999
ENR0002443,STU008943,PRG002,2025-07-04,Completed,Partially Paid,9067
ENR0002444,STU008948,PRG001,2025-12-15,Completed,Fully Paid,24999
ENR0002445,STU008955,PRG004,2025-06-21,Completed,Fully Paid,27999
ENR0002446,STU008958,PRG002,2024-02-13,Dropped,Fully Paid,19999
ENR0002447,STU008965,PRG011,2025-07-16,Completed,Fully Paid,3999
ENR0002448,STU008969,PRG002,2024-09-13,Completed,Partially Paid,8712
ENR0002449,STU008971,PRG011,2025-05-26,Completed,Fully Paid,3999
ENR0002450,STU008974,PRG011,2025-08-16,Completed,Fully Paid,3999
ENR0002451,STU008977,PRG001,2024-10-31,Completed,Fully Paid,24999
ENR0002452,STU008983,PRG001,2025-05-16,Completed,Fully Paid,24999
ENR0002453,STU008989,PRG010,2024-08-19,Completed,Fully Paid,5999
ENR0002454,STU008991,PRG011,2024-07-27,Completed,Pending,0
ENR0002455,STU008996,PRG005,2024-09-14,Completed,Partially Paid,5736
ENR0002456,STU009002,PRG004,2024-08-04,Dropped,Partially Paid,13392
ENR0002457,STU009003,PRG008,2024-02-27,Completed,Fully Paid,9999
ENR0002458,STU009004,PRG005,2025-09-25,Completed,Fully Paid,14999
ENR0002459,STU009009,PRG005,2025-04-30,Completed,Refunded,0
ENR0002460,STU009017,PRG009,2025-05-29,Completed,Fully Paid,4999
ENR0002461,STU009020,PRG006,2024-02-29,Completed,Fully Paid,12999
ENR0002462,STU009021,PRG003,2025-12-24,Completed,Fully Paid,32999
ENR0002463,STU009025,PRG010,2025-06-19,Dropped,Partially Paid,1819
ENR0002464,STU009028,PRG002,2025-02-05,Completed,Fully Paid,19999
ENR0002465,STU009030,PRG009,2025-09-22,Completed,Fully Paid,4999
ENR0002466,STU009031,PRG001,2024-02-20,Completed,Partially Paid,16751
ENR0002467,STU009032,PRG011,2024-11-03,Completed,Partially Paid,2015
ENR0002468,STU009043,PRG010,2025-03-07,In Progress,Pending,0
ENR0002469,STU009045,PRG002,2024-02-21,Completed,Fully Paid,19999
ENR0002470,STU009046,PRG002,2024-09-21,Completed,Fully Paid,19999
ENR0002471,STU009050,PRG006,2024-03-08,Dropped,Fully Paid,12999
ENR0002472,STU009058,PRG001,2025-03-07,Completed,Partially Paid,7685
ENR0002473,STU009059,PRG005,2025-09-12,Completed,Partially Paid,7112
ENR0002474,STU009061,PRG001,2024-02-17,Completed,Fully Paid,24999
ENR0002475,STU009075,PRG009,2024-04-12,Completed,Fully Paid,4999
ENR0002476,STU009077,PRG011,2025-01-02,Completed,Fully Paid,3999
ENR0002477,STU009078,PRG011,2024-06-12,Completed,Pending,0
ENR0002478,STU009080,PRG004,2025-07-19,Completed,Fully Paid,27999
ENR0002479,STU009084,PRG006,2025-12-23,Completed,Fully Paid,12999
ENR0002480,STU009086,PRG008,2025-08-15,Dropped,Refunded,0
ENR0002481,STU009087,PRG002,2024-04-09,Completed,Refunded,0
ENR0002482,STU009090,PRG011,2025-03-24,Completed,Fully Paid,3999
ENR0002483,STU009093,PRG011,2025-05-19,Completed,Fully Paid,3999
ENR0002484,STU009102,PRG004,2024-06-15,Completed,Fully Paid,27999
ENR0002485,STU009108,PRG009,2025-04-29,Completed,Fully Paid,4999
ENR0002486,STU009110,PRG005,2025-07-13,Completed,Fully Paid,14999
ENR0002487,STU009111,PRG012,2024-03-31,In Progress,Pending,0
ENR0002488,STU009113,PRG005,2024-06-17,Completed,Fully Paid,14999
ENR0002489,STU009114,PRG005,2024-11-15,Completed,Fully Paid,14999
ENR0002490,STU009122,PRG002,2025-07-08,Dropped,Partially Paid,8363
ENR0002491,STU009124,PRG007,2025-06-18,Completed,Fully Paid,17999
ENR0002492,STU009136,PRG008,2024-02-14,Completed,Fully Paid,9999
ENR0002493,STU009137,PRG002,2024-09-21,Completed,Pending,0
ENR0002494,STU009144,PRG003,2025-01-28,Completed,Fully Paid,32999
ENR0002495,STU009147,PRG008,2025-01-16,Completed,Fully Paid,9999
ENR0002496,STU009154,PRG003,2025-10-21,In Progress,Fully Paid,32999
ENR0002497,STU009155,PRG001,2024-05-09,Completed,Pending,0
ENR0002498,STU009158,PRG011,2024-11-25,Completed,Fully Paid,3999
ENR0002499,STU009160,PRG009,2025-01-19,Completed,Fully Paid,4999
ENR0002500,STU009165,PRG011,2025-07-16,Completed,Fully Paid,3999
ENR0002501,STU009174,PRG002,2024-09-26,Completed,Pending,0
ENR0002502,STU009175,PRG009,2025-07-01,Completed,Partially Paid,1526
ENR0002503,STU009176,PRG010,2025-08-20,Completed,Refunded,0
ENR0002504,STU009177,PRG004,2025-09-20,Completed,Fully Paid,27999
ENR0002505,STU009178,PRG011,2024-07-09,Completed,Fully Paid,3999
ENR0002506,STU009188,PRG005,2024-11-12,Completed,Fully Paid,14999
ENR0002507,STU009190,PRG009,2025-02-28,Completed,Refunded,0
ENR0002508,STU009203,PRG010,2025-09-07,Completed,Fully Paid,5999
ENR0002509,STU009209,PRG010,2025-01-19,Completed,Pending,0
ENR0002510,STU009216,PRG001,2025-07-01,Completed,Fully Paid,24999
ENR0002511,STU009221,PRG002,2025-03-19,Completed,Fully Paid,19999
ENR0002512,STU009225,PRG001,2025-08-31,In Progress,Fully Paid,24999
ENR0002513,STU009227,PRG002,2025-03-28,Completed,Fully Paid,19999
ENR0002514,STU009229,PRG004,2024-04-13,Completed,Partially Paid,10663
ENR0002515,STU009231,PRG001,2025-08-05,Dropped,Partially Paid,10888
ENR0002516,STU009234,PRG003,2024-03-07,Completed,Fully Paid,32999
ENR0002517,STU009236,PRG004,2025-08-12,Completed,Fully Paid,27999
ENR0002518,STU009240,PRG005,2025-03-12,In Progress,Fully Paid,14999
ENR0002519,STU009246,PRG009,2025-07-28,Completed,Fully Paid,4999
ENR0002520,STU009253,PRG005,2024-05-01,Completed,Fully Paid,14999
ENR0002521,STU009261,PRG005,2024-11-25,Completed,Fully Paid,14999
ENR0002522,STU009264,PRG009,2025-07-24,Completed,Fully Paid,4999
ENR0002523,STU009268,PRG012,2024-08-30,Completed,Fully Paid,21999
ENR0002524,STU009270,PRG004,2025-10-07,Completed,Fully Paid,27999
ENR0002525,STU009271,PRG010,2025-01-29,Completed,Partially Paid,2072
ENR0002526,STU009272,PRG011,2024-03-20,Completed,Fully Paid,3999
ENR0002527,STU009279,PRG003,2024-10-04,Completed,Fully Paid,32999
ENR0002528,STU009280,PRG010,2024-02-24,Completed,Fully Paid,5999
ENR0002529,STU009284,PRG011,2025-05-26,Completed,Fully Paid,3999
ENR0002530,STU009285,PRG001,2025-01-19,Completed,Partially Paid,14194
ENR0002531,STU009286,PRG010,2025-10-18,Dropped,Fully Paid,5999
ENR0002532,STU009291,PRG011,2024-06-06,Completed,Fully Paid,3999
ENR0002533,STU009298,PRG001,2025-10-28,Completed,Fully Paid,24999
ENR0002534,STU009301,PRG008,2025-07-28,In Progress,Fully Paid,9999
ENR0002535,STU009306,PRG012,2025-06-10,Completed,Refunded,0
ENR0002536,STU009308,PRG002,2024-03-08,Completed,Partially Paid,12248
ENR0002537,STU009311,PRG005,2024-04-05,Completed,Fully Paid,14999
ENR0002538,STU009312,PRG003,2025-10-03,Completed,Fully Paid,32999
ENR0002539,STU009316,PRG005,2025-02-16,Completed,Fully Paid,14999
ENR0002540,STU009323,PRG004,2025-05-16,Completed,Fully Paid,27999
ENR0002541,STU009330,PRG001,2024-07-20,Completed,Partially Paid,15553
ENR0002542,STU009334,PRG005,2025-09-29,Completed,Partially Paid,4872
ENR0002543,STU009336,PRG002,2025-04-12,Completed,Refunded,0
ENR0002544,STU009341,PRG008,2025-06-18,Completed,Fully Paid,9999
ENR0002545,STU009344,PRG011,2025-07-03,Completed,Fully Paid,3999
ENR0002546,STU009346,PRG009,2025-11-30,Dropped,Fully Paid,4999
ENR0002547,STU009350,PRG002,2025-01-28,Completed,Refunded,0
ENR0002548,STU009351,PRG010,2024-12-25,Completed,Fully Paid,5999
ENR0002549,STU009354,PRG009,2025-06-14,Completed,Fully Paid,4999
ENR0002550,STU009359,PRG010,2025-09-09,Completed,Fully Paid,5999
ENR0002551,STU009364,PRG002,2024-05-02,Dropped,Fully Paid,19999
ENR0002552,STU009366,PRG001,2025-04-28,Completed,Partially Paid,8986
ENR0002553,STU009367,PRG007,2025-09-13,Completed,Fully Paid,17999
ENR0002554,STU009369,PRG005,2024-05-18,Completed,Fully Paid,14999
ENR0002555,STU009371,PRG005,2025-03-31,In Progress,Fully Paid,14999
ENR0002556,STU009372,PRG012,2025-01-10,Completed,Fully Paid,21999
ENR0002557,STU009376,PRG010,2025-03-10,Completed,Fully Paid,5999
ENR0002558,STU009379,PRG008,2025-12-31,Completed,Fully Paid,9999
ENR0002559,STU009385,PRG008,2025-02-01,Completed,Fully Paid,9999
ENR0002560,STU009400,PRG008,2025-05-26,Completed,Fully Paid,9999
ENR0002561,STU009401,PRG012,2025-08-06,Completed,Fully Paid,21999
ENR0002562,STU009409,PRG002,2025-08-25,Completed,Fully Paid,19999
ENR0002563,STU009410,PRG002,2024-03-28,Completed,Partially Paid,10189
ENR0002564,STU009411,PRG005,2025-01-26,In Progress,Fully Paid,14999
ENR0002565,STU009414,PRG003,2025-04-15,Completed,Fully Paid,32999
ENR0002566,STU009417,PRG002,2025-12-15,Dropped,Partially Paid,11830
ENR0002567,STU009418,PRG009,2024-02-16,Completed,Partially Paid,2907
ENR0002568,STU009426,PRG008,2024-01-31,Completed,Fully Paid,9999
ENR0002569,STU009427,PRG010,2024-05-24,Completed,Fully Paid,5999
ENR0002570,STU009431,PRG010,2024-09-09,Completed,Partially Paid,3651
ENR0002571,STU009433,PRG011,2025-07-17,Completed,Partially Paid,1886
ENR0002572,STU009438,PRG010,2025-07-13,Dropped,Fully Paid,5999
ENR0002573,STU009452,PRG010,2024-11-09,Completed,Partially Paid,3285
ENR0002574,STU009455,PRG001,2024-05-27,Completed,Fully Paid,24999
ENR0002575,STU009457,PRG009,2024-12-26,Completed,Fully Paid,4999
ENR0002576,STU009458,PRG006,2025-09-05,Completed,Fully Paid,12999
ENR0002577,STU009461,PRG003,2025-12-18,Completed,Fully Paid,32999
ENR0002578,STU009463,PRG003,2025-06-25,In Progress,Fully Paid,32999
ENR0002579,STU009466,PRG011,2025-07-23,Completed,Fully Paid,3999
ENR0002580,STU009467,PRG010,2025-12-31,In Progress,Fully Paid,5999
ENR0002581,STU009473,PRG002,2025-08-04,Completed,Fully Paid,19999
ENR0002582,STU009474,PRG002,2024-07-30,Completed,Fully Paid,19999
ENR0002583,STU009477,PRG008,2025-11-22,Completed,Fully Paid,9999
ENR0002584,STU009479,PRG005,2025-01-01,Completed,Fully Paid,14999
ENR0002585,STU009481,PRG007,2025-12-31,Completed,Partially Paid,6582
ENR0002586,STU009483,PRG005,2024-12-11,Completed,Fully Paid,14999
ENR0002587,STU009484,PRG002,2025-08-04,In Progress,Fully Paid,19999
ENR0002588,STU009485,PRG006,2025-12-31,Dropped,Fully Paid,12999
ENR0002589,STU009489,PRG011,2025-05-25,Dropped,Pending,0
ENR0002590,STU009499,PRG010,2024-06-23,Dropped,Pending,0
ENR0002591,STU009500,PRG005,2025-06-28,Completed,Fully Paid,14999
ENR0002592,STU009503,PRG005,2024-07-11,Completed,Pending,0
ENR0002593,STU009504,PRG010,2025-12-17,Completed,Fully Paid,5999
ENR0002594,STU009507,PRG006,2024-11-07,Completed,Fully Paid,12999
ENR0002595,STU009509,PRG011,2024-06-12,Completed,Fully Paid,3999
ENR0002596,STU009512,PRG012,2024-11-11,Completed,Partially Paid,9310
ENR0002597,STU009513,PRG010,2025-01-01,Completed,Fully Paid,5999
ENR0002598,STU009515,PRG010,2025-10-17,In Progress,Fully Paid,5999
ENR0002599,STU009519,PRG008,2024-07-23,Completed,Fully Paid,9999
ENR0002600,STU009527,PRG002,2025-08-14,Completed,Partially Paid,9666
ENR0002601,STU009532,PRG009,2024-03-06,Completed,Partially Paid,3295
ENR0002602,STU009535,PRG011,2024-03-14,Completed,Fully Paid,3999
ENR0002603,STU009539,PRG011,2024-03-23,Completed,Fully Paid,3999
ENR0002604,STU009549,PRG010,2024-10-06,Completed,Fully Paid,5999
ENR0002605,STU009550,PRG009,2024-11-18,Completed,Fully Paid,4999
ENR0002606,STU009557,PRG006,2025-02-03,Completed,Fully Paid,12999
ENR0002607,STU009574,PRG001,2025-08-15,In Progress,Partially Paid,10840
ENR0002608,STU009591,PRG011,2025-02-28,Completed,Partially Paid,1727
ENR0002609,STU009595,PRG005,2025-07-10,Completed,Fully Paid,14999
ENR0002610,STU009609,PRG009,2024-08-17,Completed,Partially Paid,2194
ENR0002611,STU009616,PRG009,2024-06-16,Completed,Fully Paid,4999
ENR0002612,STU009619,PRG001,2025-12-20,Completed,Fully Paid,24999
ENR0002613,STU009625,PRG002,2025-04-17,Completed,Fully Paid,19999
ENR0002614,STU009626,PRG011,2024-04-20,Completed,Fully Paid,3999
ENR0002615,STU009627,PRG009,2025-09-02,Completed,Fully Paid,4999
ENR0002616,STU009636,PRG001,2025-03-05,Completed,Fully Paid,24999
ENR0002617,STU009639,PRG006,2024-06-06,Completed,Fully Paid,12999
ENR0002618,STU009643,PRG001,2025-10-21,Completed,Fully Paid,24999
ENR0002619,STU009644,PRG004,2024-07-11,Dropped,Pending,0
ENR0002620,STU009647,PRG008,2024-03-04,Completed,Fully Paid,9999
ENR0002621,STU009650,PRG011,2025-01-22,Dropped,Pending,0
ENR0002622,STU009655,PRG001,2025-08-04,Completed,Partially Paid,13310
ENR0002623,STU009658,PRG011,2024-07-18,Completed,Fully Paid,3999
ENR0002624,STU009660,PRG004,2025-07-25,Dropped,Fully Paid,27999
ENR0002625,STU009661,PRG012,2024-04-11,In Progress,Fully Paid,21999
ENR0002626,STU009665,PRG009,2025-03-08,Completed,Fully Paid,4999
ENR0002627,STU009668,PRG003,2025-09-15,Completed,Pending,0
ENR0002628,STU009670,PRG011,2025-02-08,Completed,Fully Paid,3999
ENR0002629,STU009671,PRG010,2025-08-08,Completed,Fully Paid,5999
ENR0002630,STU009678,PRG010,2025-10-09,Dropped,Fully Paid,5999
ENR0002631,STU009680,PRG002,2024-02-23,Completed,Fully Paid,19999
ENR0002632,STU009682,PRG010,2025-11-02,Dropped,Fully Paid,5999
ENR0002633,STU009685,PRG008,2025-06-26,Completed,Pending,0
ENR0002634,STU009691,PRG002,2025-08-31,Completed,Fully Paid,19999
ENR0002635,STU009694,PRG009,2024-11-04,Completed,Fully Paid,4999
ENR0002636,STU009695,PRG007,2024-02-26,Completed,Fully Paid,17999
ENR0002637,STU009696,PRG002,2025-06-11,Completed,Fully Paid,19999
ENR0002638,STU009698,PRG003,2025-02-16,Completed,Fully Paid,32999
ENR0002639,STU009699,PRG005,2024-08-22,Completed,Partially Paid,6460
ENR0002640,STU009703,PRG001,2025-06-21,Completed,Fully Paid,24999
ENR0002641,STU009705,PRG009,2025-07-10,Completed,Pending,0
ENR0002642,STU009706,PRG009,2025-06-17,Completed,Fully Paid,4999
ENR0002643,STU009712,PRG006,2025-12-31,Completed,Partially Paid,8722
ENR0002644,STU009714,PRG002,2025-03-24,Completed,Fully Paid,19999
ENR0002645,STU009717,PRG010,2024-08-03,Dropped,Fully Paid,5999
ENR0002646,STU009730,PRG010,2025-12-19,Completed,Partially Paid,2636
ENR0002647,STU009731,PRG006,2025-03-13,Completed,Partially Paid,6649
ENR0002648,STU009735,PRG002,2025-12-31,Completed,Fully Paid,19999
ENR0002649,STU009736,PRG001,2025-04-21,Completed,Fully Paid,24999
ENR0002650,STU009740,PRG002,2025-05-20,Completed,Fully Paid,19999
ENR0002651,STU009744,PRG004,2025-02-12,Completed,Fully Paid,27999
ENR0002652,STU009749,PRG001,2024-06-01,Dropped,Fully Paid,24999
ENR0002653,STU009752,PRG008,2025-06-24,Completed,Fully Paid,9999
ENR0002654,STU009762,PRG002,2024-05-31,Completed,Fully Paid,19999
ENR0002655,STU009765,PRG010,2025-06-24,Completed,Fully Paid,5999
ENR0002656,STU009771,PRG005,2024-10-13,Completed,Partially Paid,8858
ENR0002657,STU009773,PRG002,2024-02-17,Completed,Fully Paid,19999
ENR0002658,STU009776,PRG010,2024-07-15,In Progress,Fully Paid,5999
ENR0002659,STU009778,PRG004,2025-08-26,Completed,Partially Paid,15693
ENR0002660,STU009781,PRG010,2024-07-18,Dropped,Fully Paid,5999
ENR0002661,STU009782,PRG002,2025-12-29,Completed,Pending,0
ENR0002662,STU009784,PRG005,2025-05-12,Completed,Fully Paid,14999
ENR0002663,STU009785,PRG009,2025-10-30,Dropped,Fully Paid,4999
ENR0002664,STU009786,PRG012,2025-10-13,Completed,Fully Paid,21999
ENR0002665,STU009787,PRG010,2025-08-10,In Progress,Fully Paid,5999
ENR0002666,STU009788,PRG004,2025-03-08,Dropped,Fully Paid,27999
ENR0002667,STU009789,PRG003,2025-12-31,Completed,Fully Paid,32999
ENR0002668,STU009791,PRG002,2025-10-31,Completed,Partially Paid,9999
ENR0002669,STU009796,PRG008,2025-03-04,Completed,Partially Paid,3168
ENR0002670,STU009797,PRG009,2025-10-12,Completed,Fully Paid,4999
ENR0002671,STU009798,PRG005,2024-01-23,In Progress,Fully Paid,14999
ENR0002672,STU009799,PRG005,2025-10-06,Completed,Fully Paid,14999
ENR0002673,STU009801,PRG002,2025-05-14,Completed,Refunded,0
ENR0002674,STU009818,PRG005,2024-06-06,Completed,Fully Paid,14999
ENR0002675,STU009819,PRG011,2025-07-30,Completed,Pending,0
ENR0002676,STU009821,PRG002,2025-06-28,Completed,Pending,0
ENR0002677,STU009823,PRG001,2024-02-19,Completed,Refunded,0
ENR0002678,STU009827,PRG001,2024-04-28,Completed,Fully Paid,24999
ENR0002679,STU009828,PRG006,2024-06-22,Completed,Partially Paid,7973
ENR0002680,STU009830,PRG008,2025-10-06,Completed,Partially Paid,6282
ENR0002681,STU009839,PRG003,2024-06-24,Completed,Fully Paid,32999
ENR0002682,STU009840,PRG005,2024-06-24,Completed,Fully Paid,14999
ENR0002683,STU009841,PRG010,2024-09-27,In Progress,Partially Paid,1996
ENR0002684,STU009848,PRG002,2025-07-25,Completed,Fully Paid,19999
ENR0002685,STU009850,PRG010,2025-06-03,Completed,Partially Paid,2649
ENR0002686,STU009856,PRG002,2025-12-31,Completed,Fully Paid,19999
ENR0002687,STU009862,PRG010,2025-02-22,Dropped,Fully Paid,5999
ENR0002688,STU009868,PRG008,2025-10-04,Dropped,Partially Paid,5510
ENR0002689,STU009869,PRG003,2025-12-31,Completed,Refunded,0
ENR0002690,STU009874,PRG009,2025-10-19,Completed,Fully Paid,4999
ENR0002691,STU009875,PRG002,2024-07-24,Dropped,Fully Paid,19999
ENR0002692,STU009881,PRG001,2024-07-30,Completed,Partially Paid,16891
ENR0002693,STU009885,PRG009,2025-05-12,Completed,Fully Paid,4999
ENR0002694,STU009889,PRG011,2025-05-01,Completed,Pending,0
ENR0002695,STU009890,PRG001,2025-12-12,Completed,Fully Paid,24999
ENR0002696,STU009892,PRG005,2024-07-17,Completed,Partially Paid,8508
ENR0002697,STU009896,PRG003,2024-04-20,Dropped,Fully Paid,32999
ENR0002698,STU009899,PRG002,2025-07-10,Completed,Partially Paid,7164
ENR0002699,STU009901,PRG008,2025-01-24,Completed,Partially Paid,4161
ENR0002700,STU009908,PRG010,2024-07-15,Completed,Fully Paid,5999
ENR0002701,STU009912,PRG010,2024-01-27,Completed,Partially Paid,2175
ENR0002702,STU009914,PRG004,2024-06-25,Dropped,Fully Paid,27999
ENR0002703,STU009916,PRG005,2025-12-28,Completed,Fully Paid,14999
ENR0002704,STU009917,PRG007,2025-07-16,Completed,Fully Paid,17999
ENR0002705,STU009918,PRG011,2025-02-08,Completed,Fully Paid,3999
ENR0002706,STU009921,PRG011,2025-07-06,Completed,Fully Paid,3999
ENR0002707,STU009926,PRG006,2024-03-19,Completed,Pending,0
ENR0002708,STU009928,PRG011,2024-06-23,Completed,Fully Paid,3999
ENR0002709,STU009930,PRG002,2024-10-27,Completed,Partially Paid,6922
ENR0002710,STU009934,PRG002,2025-12-31,Completed,Fully Paid,19999
ENR0002711,STU009940,PRG004,2024-01-31,Completed,Partially Paid,9649
ENR0002712,STU009942,PRG011,2024-07-30,Dropped,Fully Paid,3999
ENR0002713,STU009951,PRG001,2025-09-30,Completed,Fully Paid,24999
ENR0002714,STU009953,PRG011,2024-01-27,Completed,Fully Paid,3999
ENR0002715,STU009956,PRG012,2025-11-26,Completed,Fully Paid,21999
ENR0002716,STU009959,PRG006,2025-01-03,Completed,Fully Paid,12999
ENR0002717,STU009967,PRG010,2024-02-14,Completed,Fully Paid,5999
ENR0002718,STU009969,PRG011,2025-12-31,Completed,Fully Paid,3999
ENR0002719,STU009972,PRG006,2025-12-21,Completed,Fully Paid,12999
ENR0002720,STU009974,PRG007,2024-06-30,Completed,Pending,0
ENR0002721,STU009977,PRG009,2025-10-31,Completed,Fully Paid,4999
ENR0002722,STU009985,PRG008,2024-11-21,Completed,Fully Paid,9999
ENR0002723,STU009987,PRG009,2025-08-09,Completed,Fully Paid,4999
ENR0002724,STU009988,PRG002,2025-10-12,Completed,Fully Paid,19999
ENR0002725,STU009996,PRG009,2025-08-03,Completed,Partially Paid,2208
ENR0002726,STU009997,PRG003,2025-09-29,Completed,Refunded,0
ENR0002727,STU009999,PRG010,2024-09-30,Dropped,Partially Paid,2232
ENR0002728,STU010000,PRG006,2025-07-16,Completed,Fully Paid,12999
ENR0002729,STU010009,PRG001,2025-11-06,Completed,Fully Paid,24999
ENR0002730,STU010010,PRG004,2024-05-25,Dropped,Partially Paid,13962
ENR0002731,STU010015,PRG012,2024-03-18,Completed,Fully Paid,21999
ENR0002732,STU010016,PRG011,2024-09-22,Completed,Fully Paid,3999
ENR0002733,STU010025,PRG004,2024-11-26,Completed,Fully Paid,27999
ENR0002734,STU010027,PRG009,2025-10-20,Completed,Partially Paid,2210
ENR0002735,STU010033,PRG011,2025-12-17,Completed,Fully Paid,3999
ENR0002736,STU010035,PRG005,2025-10-05,Completed,Fully Paid,14999
ENR0002737,STU010048,PRG005,2025-11-30,Completed,Partially Paid,7881
ENR0002738,STU010062,PRG001,2025-12-13,Completed,Fully Paid,24999
ENR0002739,STU010063,PRG010,2025-08-13,Completed,Pending,0
ENR0002740,STU010074,PRG002,2025-07-14,Completed,Partially Paid,11103
ENR0002741,STU010076,PRG010,2025-06-30,In Progress,Fully Paid,5999
ENR0002742,STU010077,PRG008,2024-08-31,Completed,Fully Paid,9999
ENR0002743,STU010078,PRG001,2024-02-17,Completed,Partially Paid,14151
ENR0002744,STU010081,PRG002,2025-12-31,Completed,Fully Paid,19999
ENR0002745,STU010082,PRG002,2024-11-11,Completed,Fully Paid,19999
ENR0002746,STU010083,PRG001,2025-05-23,Completed,Fully Paid,24999
ENR0002747,STU010084,PRG002,2024-05-03,Completed,Fully Paid,19999
ENR0002748,STU010085,PRG004,2025-12-01,Completed,Partially Paid,17945
ENR0002749,STU010086,PRG006,2025-11-30,Completed,Refunded,0
ENR0002750,STU010092,PRG007,2024-12-04,In Progress,Fully Paid,17999
ENR0002751,STU010094,PRG011,2025-12-31,Completed,Partially Paid,1945
ENR0002752,STU010095,PRG001,2025-05-22,Completed,Fully Paid,24999
ENR0002753,STU010101,PRG010,2024-10-12,Completed,Pending,0
ENR0002754,STU010103,PRG009,2025-12-31,Completed,Fully Paid,4999
ENR0002755,STU010106,PRG001,2025-07-15,Completed,Fully Paid,24999
ENR0002756,STU010110,PRG007,2025-11-03,Dropped,Partially Paid,10381
ENR0002757,STU010114,PRG009,2025-01-24,Completed,Fully Paid,4999
ENR0002758,STU010117,PRG002,2025-08-25,Completed,Partially Paid,8599
ENR0002759,STU010120,PRG010,2024-04-07,Completed,Fully Paid,5999
ENR0002760,STU010135,PRG001,2025-07-01,Completed,Fully Paid,24999
ENR0002761,STU010145,PRG005,2025-03-18,Completed,Refunded,0
ENR0002762,STU010146,PRG005,2025-06-18,Completed,Fully Paid,14999
ENR0002763,STU010148,PRG009,2024-11-20,Completed,Fully Paid,4999
ENR0002764,STU010149,PRG009,2024-10-29,Completed,Fully Paid,4999
ENR0002765,STU010158,PRG001,2024-08-12,Dropped,Partially Paid,14745
ENR0002766,STU010160,PRG003,2025-01-24,Completed,Fully Paid,32999
ENR0002767,STU010164,PRG004,2025-03-12,Completed,Partially Paid,16947
ENR0002768,STU010169,PRG004,2025-03-25,Completed,Pending,0
ENR0002769,STU010171,PRG010,2024-11-16,Completed,Fully Paid,5999
ENR0002770,STU010179,PRG007,2025-12-22,Completed,Fully Paid,17999
ENR0002771,STU010181,PRG004,2025-08-15,Completed,Fully Paid,27999
ENR0002772,STU010183,PRG010,2025-07-02,Completed,Fully Paid,5999
ENR0002773,STU010192,PRG011,2024-08-25,Completed,Fully Paid,3999
ENR0002774,STU010193,PRG001,2024-03-02,Completed,Fully Paid,24999
ENR0002775,STU010195,PRG004,2025-10-31,Completed,Partially Paid,17401
ENR0002776,STU010199,PRG008,2024-07-05,Completed,Fully Paid,9999
ENR0002777,STU010203,PRG001,2025-01-02,Completed,Fully Paid,24999
ENR0002778,STU010204,PRG003,2025-06-17,Completed,Fully Paid,32999
ENR0002779,STU010205,PRG010,2025-08-20,Completed,Fully Paid,5999
ENR0002780,STU010212,PRG011,2025-11-11,Completed,Partially Paid,2070
ENR0002781,STU010216,PRG005,2025-10-20,Dropped,Fully Paid,14999
ENR0002782,STU010222,PRG002,2025-07-18,Completed,Fully Paid,19999
ENR0002783,STU010226,PRG004,2024-07-25,Completed,Fully Paid,27999
ENR0002784,STU010227,PRG010,2024-03-20,Dropped,Fully Paid,5999
ENR0002785,STU010228,PRG009,2025-12-04,Completed,Fully Paid,4999
ENR0002786,STU010234,PRG009,2025-09-04,Completed,Fully Paid,4999
ENR0002787,STU010246,PRG005,2025-01-22,Completed,Fully Paid,14999
ENR0002788,STU010247,PRG009,2025-03-02,Completed,Fully Paid,4999
ENR0002789,STU010248,PRG002,2025-02-10,Dropped,Fully Paid,19999
ENR0002790,STU010250,PRG010,2025-09-16,Completed,Pending,0
ENR0002791,STU010251,PRG002,2024-06-02,Completed,Fully Paid,19999
ENR0002792,STU010252,PRG011,2025-01-14,Completed,Fully Paid,3999
ENR0002793,STU010253,PRG009,2024-06-10,Completed,Pending,0
ENR0002794,STU010254,PRG004,2025-01-18,Completed,Fully Paid,27999
ENR0002795,STU010256,PRG011,2024-02-17,Completed,Fully Paid,3999
ENR0002796,STU010261,PRG001,2025-07-16,Completed,Fully Paid,24999
ENR0002797,STU010262,PRG010,2024-11-06,Completed,Fully Paid,5999
ENR0002798,STU010265,PRG009,2024-02-11,Completed,Fully Paid,4999
ENR0002799,STU010268,PRG011,2024-06-21,Completed,Refunded,0
ENR0002800,STU010269,PRG012,2025-11-11,Completed,Fully Paid,21999
ENR0002801,STU010275,PRG002,2025-08-17,In Progress,Fully Paid,19999
ENR0002802,STU010276,PRG012,2025-03-15,Completed,Fully Paid,21999
ENR0002803,STU010284,PRG004,2025-08-17,Completed,Fully Paid,27999
ENR0002804,STU010290,PRG009,2025-09-30,Completed,Fully Paid,4999
ENR0002805,STU010291,PRG001,2025-08-14,Completed,Fully Paid,24999
ENR0002806,STU010295,PRG003,2024-11-26,Completed,Partially Paid,13232
ENR0002807,STU010296,PRG010,2024-09-03,Completed,Fully Paid,5999
ENR0002808,STU010299,PRG002,2024-10-07,Completed,Partially Paid,12773
ENR0002809,STU010303,PRG007,2025-01-18,Completed,Pending,0
ENR0002810,STU010304,PRG010,2025-06-05,Completed,Fully Paid,5999
ENR0002811,STU010305,PRG002,2025-09-26,Dropped,Fully Paid,19999
ENR0002812,STU010309,PRG003,2024-08-21,Completed,Partially Paid,10300
ENR0002813,STU010313,PRG012,2025-11-02,Completed,Pending,0
ENR0002814,STU010315,PRG007,2025-05-01,In Progress,Refunded,0
ENR0002815,STU010317,PRG001,2024-08-14,Completed,Fully Paid,24999
ENR0002816,STU010326,PRG002,2024-11-12,Completed,Fully Paid,19999
ENR0002817,STU010327,PRG012,2025-09-29,Completed,Fully Paid,21999
ENR0002818,STU010329,PRG003,2024-11-02,Dropped,Fully Paid,32999
ENR0002819,STU010332,PRG012,2024-06-06,Completed,Fully Paid,21999
ENR0002820,STU010334,PRG005,2025-06-01,Completed,Fully Paid,14999
ENR0002821,STU010336,PRG005,2024-07-22,Completed,Fully Paid,14999
ENR0002822,STU010339,PRG009,2024-11-01,Dropped,Partially Paid,1646
ENR0002823,STU010342,PRG012,2025-10-15,Completed,Fully Paid,21999
ENR0002824,STU010343,PRG004,2025-08-25,Completed,Partially Paid,12742
ENR0002825,STU010346,PRG002,2024-05-30,Completed,Fully Paid,19999
ENR0002826,STU010349,PRG001,2024-06-06,Completed,Refunded,0
ENR0002827,STU010354,PRG006,2025-01-29,Completed,Partially Paid,6832
ENR0002828,STU010366,PRG001,2025-07-15,Completed,Partially Paid,17002
ENR0002829,STU010370,PRG007,2025-07-30,Completed,Fully Paid,17999
ENR0002830,STU010372,PRG005,2025-04-02,Completed,Fully Paid,14999
ENR0002831,STU010374,PRG010,2024-09-22,Completed,Fully Paid,5999
ENR0002832,STU010375,PRG010,2024-12-08,In Progress,Fully Paid,5999
ENR0002833,STU010377,PRG008,2025-06-01,Completed,Fully Paid,9999
ENR0002834,STU010385,PRG008,2024-10-31,Completed,Fully Paid,9999
ENR0002835,STU010391,PRG012,2025-01-26,Completed,Fully Paid,21999
ENR0002836,STU010397,PRG008,2025-07-05,Completed,Fully Paid,9999
ENR0002837,STU010402,PRG008,2025-01-02,Dropped,Partially Paid,5396
ENR0002838,STU010411,PRG011,2025-09-17,Completed,Fully Paid,3999
ENR0002839,STU010412,PRG009,2024-11-07,Completed,Fully Paid,4999
ENR0002840,STU010417,PRG010,2024-11-22,Completed,Partially Paid,3331
ENR0002841,STU010418,PRG008,2025-04-05,Completed,Pending,0
ENR0002842,STU010420,PRG007,2025-09-25,Completed,Fully Paid,17999
ENR0002843,STU010421,PRG008,2025-09-26,Completed,Fully Paid,9999
ENR0002844,STU010422,PRG008,2025-04-14,In Progress,Fully Paid,9999
ENR0002845,STU010424,PRG007,2025-11-06,Completed,Fully Paid,17999
ENR0002846,STU010425,PRG010,2024-09-27,Completed,Pending,0
ENR0002847,STU010434,PRG009,2024-12-24,Completed,Fully Paid,4999
ENR0002848,STU010440,PRG003,2024-10-14,Completed,Partially Paid,14676
ENR0002849,STU010443,PRG008,2024-02-25,Dropped,Fully Paid,9999
ENR0002850,STU010446,PRG007,2025-05-24,Completed,Fully Paid,17999
ENR0002851,STU010449,PRG009,2024-04-11,Completed,Fully Paid,4999
ENR0002852,STU010459,PRG003,2025-06-20,Dropped,Fully Paid,32999
ENR0002853,STU010473,PRG009,2025-02-23,Completed,Fully Paid,4999
ENR0002854,STU010477,PRG001,2025-06-16,Completed,Pending,0
ENR0002855,STU010481,PRG009,2025-10-20,Completed,Partially Paid,3195
ENR0002856,STU010486,PRG004,2024-08-26,In Progress,Fully Paid,27999
ENR0002857,STU010494,PRG009,2025-06-20,Completed,Fully Paid,4999
ENR0002858,STU010496,PRG009,2025-03-22,Completed,Fully Paid,4999
ENR0002859,STU010501,PRG011,2024-07-19,Completed,Partially Paid,1864
ENR0002860,STU010503,PRG009,2024-05-30,Completed,Fully Paid,4999
ENR0002861,STU010507,PRG001,2025-04-19,Completed,Partially Paid,9160
ENR0002862,STU010508,PRG002,2024-10-25,Completed,Fully Paid,19999
ENR0002863,STU010511,PRG008,2024-07-05,Dropped,Partially Paid,5366
ENR0002864,STU010513,PRG007,2025-11-08,Completed,Fully Paid,17999
ENR0002865,STU010520,PRG010,2024-07-22,Completed,Fully Paid,5999
ENR0002866,STU010523,PRG005,2024-11-18,Completed,Fully Paid,14999
ENR0002867,STU010534,PRG004,2025-01-25,Dropped,Fully Paid,27999
ENR0002868,STU010541,PRG004,2024-05-05,Completed,Fully Paid,27999
ENR0002869,STU010546,PRG001,2025-06-28,Completed,Fully Paid,24999
ENR0002870,STU010547,PRG008,2025-05-28,Completed,Fully Paid,9999
ENR0002871,STU010551,PRG009,2024-05-17,Dropped,Pending,0
ENR0002872,STU010552,PRG011,2024-04-03,Completed,Fully Paid,3999
ENR0002873,STU010564,PRG011,2024-07-05,Completed,Fully Paid,3999
ENR0002874,STU010565,PRG004,2024-02-07,Completed,Fully Paid,27999
ENR0002875,STU010566,PRG001,2024-06-26,Dropped,Refunded,0
ENR0002876,STU010573,PRG010,2025-11-16,Dropped,Fully Paid,5999
ENR0002877,STU010575,PRG006,2025-03-25,Completed,Partially Paid,4728
ENR0002878,STU010576,PRG005,2024-09-01,Completed,Partially Paid,7051
ENR0002879,STU010577,PRG008,2024-09-28,Completed,Fully Paid,9999
ENR0002880,STU010583,PRG001,2024-01-14,Completed,Fully Paid,24999
ENR0002881,STU010584,PRG008,2024-04-10,Completed,Refunded,0
ENR0002882,STU010587,PRG003,2025-11-16,Completed,Fully Paid,32999
ENR0002883,STU010600,PRG006,2024-08-12,Completed,Fully Paid,12999
ENR0002884,STU010602,PRG009,2025-07-12,Completed,Partially Paid,1665
ENR0002885,STU010605,PRG002,2024-07-21,Completed,Fully Paid,19999
ENR0002886,STU010614,PRG008,2025-08-15,Completed,Pending,0
ENR0002887,STU010620,PRG001,2024-06-23,Completed,Fully Paid,24999
ENR0002888,STU010630,PRG006,2025-12-09,Dropped,Fully Paid,12999
ENR0002889,STU010631,PRG008,2024-06-28,Dropped,Fully Paid,9999
ENR0002890,STU010633,PRG005,2025-04-29,Completed,Fully Paid,14999
ENR0002891,STU010634,PRG010,2025-01-14,Completed,Fully Paid,5999
ENR0002892,STU010636,PRG010,2025-09-15,Completed,Partially Paid,3111
ENR0002893,STU010638,PRG003,2024-07-13,Dropped,Fully Paid,32999
ENR0002894,STU010641,PRG002,2025-11-01,Completed,Fully Paid,19999
ENR0002895,STU010645,PRG009,2025-09-12,Completed,Partially Paid,2004
ENR0002896,STU010649,PRG007,2025-12-07,Completed,Fully Paid,17999
ENR0002897,STU010653,PRG005,2025-11-18,Completed,Fully Paid,14999
ENR0002898,STU010656,PRG008,2024-06-07,Completed,Fully Paid,9999
ENR0002899,STU010661,PRG002,2024-09-24,Completed,Partially Paid,6932
ENR0002900,STU010662,PRG001,2025-08-06,Completed,Pending,0
ENR0002901,STU010665,PRG005,2025-05-15,Completed,Refunded,0
ENR0002902,STU010667,PRG010,2025-07-09,Completed,Fully Paid,5999
ENR0002903,STU010668,PRG001,2024-10-21,Completed,Fully Paid,24999
ENR0002904,STU010669,PRG011,2024-12-21,Completed,Fully Paid,3999
ENR0002905,STU010676,PRG001,2024-10-05,Completed,Partially Paid,16691
ENR0002906,STU010680,PRG003,2024-12-06,Completed,Partially Paid,14436
ENR0002907,STU010692,PRG010,2025-12-31,Completed,Fully Paid,5999
ENR0002908,STU010693,PRG011,2024-07-30,Completed,Fully Paid,3999
ENR0002909,STU010698,PRG001,2024-09-03,Completed,Pending,0
ENR0002910,STU010700,PRG002,2025-09-02,Completed,Fully Paid,19999
ENR0002911,STU010707,PRG012,2024-09-17,Dropped,Fully Paid,21999
ENR0002912,STU010710,PRG010,2024-06-28,In Progress,Partially Paid,4145
ENR0002913,STU010711,PRG010,2025-08-15,Completed,Fully Paid,5999
ENR0002914,STU010717,PRG010,2025-08-21,Completed,Fully Paid,5999
ENR0002915,STU010719,PRG008,2025-11-12,Completed,Fully Paid,9999
ENR0002916,STU010720,PRG010,2024-06-25,Completed,Fully Paid,5999
ENR0002917,STU010723,PRG001,2025-12-03,Completed,Fully Paid,24999
ENR0002918,STU010724,PRG011,2024-09-13,Completed,Fully Paid,3999
ENR0002919,STU010740,PRG001,2025-06-25,Completed,Fully Paid,24999
ENR0002920,STU010742,PRG003,2025-08-04,Completed,Partially Paid,11912
ENR0002921,STU010746,PRG010,2024-10-29,In Progress,Partially Paid,2282
ENR0002922,STU010747,PRG009,2024-10-05,Completed,Partially Paid,1625
ENR0002923,STU010755,PRG005,2025-06-24,Completed,Fully Paid,14999
ENR0002924,STU010756,PRG002,2025-06-02,Completed,Pending,0
ENR0002925,STU010764,PRG011,2025-08-14,Completed,Fully Paid,3999
ENR0002926,STU010766,PRG010,2025-04-01,Dropped,Fully Paid,5999
ENR0002927,STU010768,PRG009,2024-09-28,Completed,Fully Paid,4999
ENR0002928,STU010772,PRG010,2025-08-12,Completed,Fully Paid,5999
ENR0002929,STU010780,PRG011,2025-01-11,Completed,Refunded,0
ENR0002930,STU010782,PRG001,2025-11-11,Completed,Fully Paid,24999
ENR0002931,STU010789,PRG008,2025-08-08,Completed,Fully Paid,9999
ENR0002932,STU010790,PRG008,2025-04-11,Completed,Fully Paid,9999
ENR0002933,STU010797,PRG005,2025-03-22,Completed,Partially Paid,9063
ENR0002934,STU010801,PRG009,2025-04-12,Completed,Fully Paid,4999
ENR0002935,STU010803,PRG006,2024-05-27,Completed,Pending,0
ENR0002936,STU010804,PRG002,2024-12-18,Dropped,Fully Paid,19999
ENR0002937,STU010808,PRG002,2024-11-05,Completed,Fully Paid,19999
ENR0002938,STU010813,PRG001,2025-04-26,Completed,Fully Paid,24999
ENR0002939,STU010814,PRG007,2024-06-07,Completed,Fully Paid,17999
ENR0002940,STU010817,PRG011,2025-03-19,Completed,Fully Paid,3999
ENR0002941,STU010818,PRG007,2025-12-02,Completed,Fully Paid,17999
ENR0002942,STU010824,PRG009,2025-11-24,Completed,Fully Paid,4999
ENR0002943,STU010831,PRG001,2025-01-16,Completed,Fully Paid,24999
ENR0002944,STU010833,PRG006,2024-05-30,Completed,Fully Paid,12999
ENR0002945,STU010837,PRG004,2024-01-26,Completed,Fully Paid,27999
ENR0002946,STU010843,PRG001,2024-02-20,Completed,Fully Paid,24999
ENR0002947,STU010848,PRG009,2024-05-01,Completed,Fully Paid,4999
ENR0002948,STU010851,PRG009,2025-12-31,Completed,Partially Paid,2694
ENR0002949,STU010854,PRG004,2024-09-09,Completed,Fully Paid,27999
ENR0002950,STU010857,PRG008,2025-06-26,Completed,Fully Paid,9999
ENR0002951,STU010862,PRG011,2025-02-10,Completed,Fully Paid,3999
ENR0002952,STU010866,PRG001,2024-05-26,Completed,Fully Paid,24999
ENR0002953,STU010868,PRG006,2024-07-19,Completed,Partially Paid,5116
ENR0002954,STU010869,PRG002,2025-01-24,Completed,Pending,0
ENR0002955,STU010870,PRG003,2024-05-05,Completed,Fully Paid,32999
ENR0002956,STU010874,PRG006,2025-10-14,Completed,Fully Paid,12999
ENR0002957,STU010884,PRG001,2025-08-09,Completed,Fully Paid,24999
ENR0002958,STU010886,PRG001,2025-08-14,Completed,Refunded,0
ENR0002959,STU010892,PRG011,2024-10-31,Completed,Fully Paid,3999
ENR0002960,STU010896,PRG008,2024-11-10,Completed,Fully Paid,9999
ENR0002961,STU010905,PRG002,2025-12-31,Dropped,Fully Paid,19999
ENR0002962,STU010910,PRG009,2024-07-10,Completed,Fully Paid,4999
ENR0002963,STU010912,PRG009,2025-05-31,Completed,Fully Paid,4999
ENR0002964,STU010916,PRG009,2024-07-19,Completed,Fully Paid,4999
ENR0002965,STU010917,PRG010,2024-08-21,Dropped,Fully Paid,5999
ENR0002966,STU010920,PRG002,2025-03-22,Completed,Fully Paid,19999
ENR0002967,STU010924,PRG010,2024-04-17,Dropped,Partially Paid,3533
ENR0002968,STU010933,PRG010,2024-03-21,Completed,Fully Paid,5999
ENR0002969,STU010934,PRG002,2024-09-08,Completed,Fully Paid,19999
ENR0002970,STU010936,PRG006,2025-05-11,Completed,Fully Paid,12999
ENR0002971,STU010938,PRG007,2024-11-01,Completed,Fully Paid,17999
ENR0002972,STU010944,PRG010,2024-07-21,Completed,Fully Paid,5999
ENR0002973,STU010945,PRG002,2025-10-08,Completed,Fully Paid,19999
ENR0002974,STU010948,PRG001,2025-06-20,Completed,Fully Paid,24999
ENR0002975,STU010949,PRG008,2025-08-12,Completed,Fully Paid,9999
ENR0002976,STU010961,PRG004,2025-07-26,Completed,Partially Paid,15899
ENR0002977,STU010963,PRG010,2025-10-14,Completed,Fully Paid,5999
ENR0002978,STU010965,PRG003,2024-12-26,Dropped,Pending,0
ENR0002979,STU010975,PRG007,2025-10-31,Completed,Partially Paid,8521
ENR0002980,STU010988,PRG005,2024-05-11,Completed,Fully Paid,14999
ENR0002981,STU010990,PRG008,2024-02-06,Completed,Fully Paid,9999
ENR0002982,STU010994,PRG002,2025-01-28,Dropped,Fully Paid,19999
ENR0002983,STU010995,PRG011,2024-07-08,Completed,Fully Paid,3999
ENR0002984,STU010997,PRG005,2024-12-09,Completed,Fully Paid,14999
ENR0002985,STU010999,PRG012,2025-04-29,Completed,Pending,0
ENR0002986,STU011000,PRG001,2024-07-04,Completed,Fully Paid,24999
ENR0002987,STU011006,PRG010,2025-12-12,Completed,Fully Paid,5999
ENR0002988,STU011009,PRG005,2025-01-19,Completed,Fully Paid,14999
ENR0002989,STU011010,PRG001,2025-12-25,Completed,Pending,0
ENR0002990,STU011019,PRG010,2025-07-31,Dropped,Fully Paid,5999
ENR0002991,STU011020,PRG009,2024-06-06,Completed,Fully Paid,4999
ENR0002992,STU011021,PRG009,2025-07-23,Completed,Fully Paid,4999
ENR0002993,STU011028,PRG003,2024-11-20,Completed,Fully Paid,32999
ENR0002994,STU011036,PRG009,2024-08-30,Completed,Fully Paid,4999
ENR0002995,STU011039,PRG001,2024-06-15,Completed,Partially Paid,11268
ENR0002996,STU011040,PRG008,2025-01-16,Completed,Fully Paid,9999
ENR0002997,STU011042,PRG008,2024-12-19,Completed,Fully Paid,9999
ENR0002998,STU011047,PRG007,2025-03-05,Completed,Fully Paid,17999
ENR0002999,STU011051,PRG002,2025-12-27,Completed,Fully Paid,19999
ENR0003000,STU011053,PRG006,2025-06-11,Completed,Fully Paid,12999
ENR0003001,STU011054,PRG011,2025-08-02,Completed,Partially Paid,2328
ENR0003002,STU011063,PRG009,2024-04-24,Completed,Partially Paid,1808
ENR0003003,STU011069,PRG001,2025-07-31,Completed,Fully Paid,24999
ENR0003004,STU011077,PRG007,2024-11-09,Completed,Fully Paid,17999
ENR0003005,STU011084,PRG009,2025-01-08,Completed,Fully Paid,4999
ENR0003006,STU011086,PRG003,2025-08-30,Completed,Fully Paid,32999
ENR0003007,STU011088,PRG012,2024-02-22,Dropped,Fully Paid,21999
ENR0003008,STU011090,PRG001,2025-12-31,Completed,Fully Paid,24999
ENR0003009,STU011092,PRG003,2024-10-26,Dropped,Partially Paid,17037
ENR0003010,STU011094,PRG004,2025-10-11,Completed,Pending,0
ENR0003011,STU011096,PRG004,2025-06-28,Completed,Fully Paid,27999
ENR0003012,STU011099,PRG004,2025-05-01,Completed,Fully Paid,27999
ENR0003013,STU011107,PRG006,2024-06-25,Completed,Fully Paid,12999
ENR0003014,STU011118,PRG011,2024-09-15,Completed,Fully Paid,3999
ENR0003015,STU011124,PRG011,2024-12-16,Completed,Fully Paid,3999
ENR0003016,STU011125,PRG008,2024-11-20,Completed,Fully Paid,9999
ENR0003017,STU011130,PRG004,2025-01-10,Completed,Pending,0
ENR0003018,STU011133,PRG001,2024-12-28,Dropped,Fully Paid,24999
ENR0003019,STU011136,PRG001,2025-02-26,Completed,Fully Paid,24999
ENR0003020,STU011138,PRG002,2024-12-22,Completed,Fully Paid,19999
ENR0003021,STU011141,PRG003,2025-07-19,Completed,Partially Paid,16700
ENR0003022,STU011146,PRG006,2025-10-31,Completed,Refunded,0
ENR0003023,STU011150,PRG010,2024-06-04,Dropped,Refunded,0
ENR0003024,STU011154,PRG002,2024-04-12,Completed,Fully Paid,19999
ENR0003025,STU011156,PRG006,2024-06-08,Completed,Fully Paid,12999
ENR0003026,STU011160,PRG009,2024-10-20,Completed,Fully Paid,4999
ENR0003027,STU011161,PRG006,2025-07-01,Completed,Fully Paid,12999
ENR0003028,STU011168,PRG003,2025-03-28,Completed,Fully Paid,32999
ENR0003029,STU011173,PRG004,2024-07-08,Completed,Fully Paid,27999
ENR0003030,STU011178,PRG005,2024-12-08,Completed,Refunded,0
ENR0003031,STU011192,PRG012,2024-07-22,Completed,Fully Paid,21999
ENR0003032,STU011194,PRG006,2025-12-26,Completed,Partially Paid,7018
ENR0003033,STU011195,PRG001,2024-11-22,Completed,Fully Paid,24999
ENR0003034,STU011200,PRG010,2025-07-25,Completed,Fully Paid,5999
ENR0003035,STU011202,PRG011,2025-12-31,Completed,Fully Paid,3999
ENR0003036,STU011205,PRG012,2025-12-10,Dropped,Fully Paid,21999
ENR0003037,STU011209,PRG011,2025-07-05,Completed,Partially Paid,2760
ENR0003038,STU011210,PRG009,2025-01-23,Completed,Fully Paid,4999
ENR0003039,STU011211,PRG008,2024-05-01,Completed,Fully Paid,9999
ENR0003040,STU011212,PRG007,2025-07-02,Completed,Pending,0
ENR0003041,STU011216,PRG005,2025-12-31,Completed,Refunded,0
ENR0003042,STU011217,PRG012,2025-06-13,Completed,Fully Paid,21999
ENR0003043,STU011230,PRG001,2025-10-31,Completed,Fully Paid,24999
ENR0003044,STU011231,PRG002,2024-03-10,Completed,Fully Paid,19999
ENR0003045,STU011237,PRG011,2025-09-07,Completed,Fully Paid,3999
ENR0003046,STU011246,PRG005,2025-02-25,Completed,Fully Paid,14999
ENR0003047,STU011250,PRG002,2025-05-21,Completed,Partially Paid,12260
ENR0003048,STU011251,PRG010,2024-05-26,In Progress,Partially Paid,2540
ENR0003049,STU011271,PRG012,2024-05-14,Completed,Fully Paid,21999
ENR0003050,STU011274,PRG010,2025-06-08,In Progress,Pending,0
ENR0003051,STU011276,PRG008,2024-08-25,Completed,Fully Paid,9999
ENR0003052,STU011277,PRG002,2025-08-24,Completed,Fully Paid,19999
ENR0003053,STU011286,PRG005,2025-03-14,Completed,Fully Paid,14999
ENR0003054,STU011287,PRG005,2024-02-11,Completed,Partially Paid,4558
ENR0003055,STU011289,PRG006,2024-11-02,Completed,Fully Paid,12999
ENR0003056,STU011293,PRG001,2025-01-12,Completed,Fully Paid,24999
ENR0003057,STU011295,PRG010,2025-05-16,Completed,Fully Paid,5999
ENR0003058,STU011297,PRG010,2024-07-30,In Progress,Pending,0
ENR0003059,STU011298,PRG010,2024-10-04,Completed,Fully Paid,5999
ENR0003060,STU011304,PRG005,2024-10-29,Completed,Fully Paid,14999
ENR0003061,STU011307,PRG010,2024-11-13,Dropped,Fully Paid,5999
ENR0003062,STU011308,PRG012,2025-01-14,Completed,Fully Paid,21999
ENR0003063,STU011309,PRG001,2024-04-21,Completed,Fully Paid,24999
ENR0003064,STU011319,PRG010,2025-12-31,Completed,Fully Paid,5999
ENR0003065,STU011322,PRG008,2024-05-21,In Progress,Fully Paid,9999
ENR0003066,STU011326,PRG001,2024-11-03,Completed,Partially Paid,11434
ENR0003067,STU011328,PRG010,2024-08-19,Completed,Fully Paid,5999
ENR0003068,STU011329,PRG001,2024-10-18,Completed,Fully Paid,24999
ENR0003069,STU011334,PRG005,2024-10-30,Completed,Fully Paid,14999
ENR0003070,STU011336,PRG001,2025-02-14,Completed,Fully Paid,24999
ENR0003071,STU011337,PRG008,2024-09-17,Completed,Fully Paid,9999
ENR0003072,STU011339,PRG010,2024-08-06,Completed,Pending,0
ENR0003073,STU011342,PRG001,2025-02-22,Completed,Partially Paid,12321
ENR0003074,STU011345,PRG005,2024-10-14,Completed,Refunded,0
ENR0003075,STU011347,PRG009,2025-08-28,Completed,Refunded,0
ENR0003076,STU011348,PRG009,2024-03-23,Completed,Fully Paid,4999
ENR0003077,STU011349,PRG005,2024-07-13,Completed,Partially Paid,9053
ENR0003078,STU011355,PRG010,2024-02-21,Completed,Fully Paid,5999
ENR0003079,STU011362,PRG003,2024-11-18,Dropped,Fully Paid,32999
ENR0003080,STU011363,PRG004,2024-04-30,Completed,Fully Paid,27999
ENR0003081,STU011365,PRG004,2024-07-01,Completed,Fully Paid,27999
ENR0003082,STU011366,PRG004,2025-11-04,Completed,Fully Paid,27999
ENR0003083,STU011368,PRG001,2025-08-25,Completed,Pending,0
ENR0003084,STU011371,PRG002,2025-09-12,Completed,Fully Paid,19999
ENR0003085,STU011372,PRG010,2025-03-03,Completed,Fully Paid,5999
ENR0003086,STU011378,PRG002,2024-04-19,Completed,Pending,0
ENR0003087,STU011380,PRG010,2024-08-24,Completed,Fully Paid,5999
ENR0003088,STU011387,PRG007,2025-04-12,Dropped,Fully Paid,17999
ENR0003089,STU011389,PRG005,2025-06-05,Completed,Fully Paid,14999
ENR0003090,STU011394,PRG010,2024-10-16,Completed,Fully Paid,5999
ENR0003091,STU011395,PRG007,2025-08-28,Completed,Fully Paid,17999
ENR0003092,STU011401,PRG002,2024-10-05,Completed,Fully Paid,19999
ENR0003093,STU011403,PRG005,2025-02-09,Completed,Fully Paid,14999
ENR0003094,STU011405,PRG001,2024-11-02,Completed,Fully Paid,24999
ENR0003095,STU011411,PRG002,2025-01-07,Completed,Fully Paid,19999
ENR0003096,STU011413,PRG004,2025-07-28,Dropped,Fully Paid,27999
ENR0003097,STU011414,PRG009,2024-06-03,Completed,Pending,0
ENR0003098,STU011415,PRG008,2024-08-06,Completed,Partially Paid,6036
ENR0003099,STU011417,PRG010,2025-06-21,In Progress,Fully Paid,5999
ENR0003100,STU011418,PRG001,2025-07-20,Completed,Fully Paid,24999
ENR0003101,STU011419,PRG009,2025-09-05,Dropped,Partially Paid,1666
ENR0003102,STU011420,PRG011,2025-07-24,Completed,Fully Paid,3999
ENR0003103,STU011425,PRG003,2024-08-08,Completed,Fully Paid,32999
ENR0003104,STU011426,PRG004,2025-06-22,Completed,Fully Paid,27999
ENR0003105,STU011427,PRG011,2024-05-12,Completed,Refunded,0
ENR0003106,STU011428,PRG010,2024-02-27,Dropped,Fully Paid,5999
ENR0003107,STU011432,PRG006,2025-12-02,Completed,Pending,0
ENR0003108,STU011433,PRG008,2025-03-03,Completed,Fully Paid,9999
ENR0003109,STU011434,PRG010,2025-06-11,Dropped,Fully Paid,5999
ENR0003110,STU011435,PRG009,2024-03-15,Dropped,Fully Paid,4999
ENR0003111,STU011437,PRG006,2024-10-21,Completed,Pending,0
ENR0003112,STU011441,PRG005,2025-12-27,Completed,Partially Paid,9896
ENR0003113,STU011442,PRG003,2025-10-28,Completed,Fully Paid,32999
ENR0003114,STU011443,PRG001,2024-12-16,Dropped,Fully Paid,24999
ENR0003115,STU011445,PRG010,2024-06-13,Completed,Fully Paid,5999
ENR0003116,STU011449,PRG009,2025-08-28,Completed,Fully Paid,4999
ENR0003117,STU011453,PRG001,2025-10-16,Completed,Fully Paid,24999
ENR0003118,STU011455,PRG005,2024-06-06,Completed,Fully Paid,14999
ENR0003119,STU011457,PRG012,2025-02-17,Dropped,Fully Paid,21999
ENR0003120,STU011461,PRG002,2024-09-01,Completed,Fully Paid,19999
ENR0003121,STU011469,PRG001,2024-10-14,Dropped,Fully Paid,24999
ENR0003122,STU011470,PRG007,2024-09-12,Completed,Fully Paid,17999
ENR0003123,STU011472,PRG010,2024-07-22,Completed,Fully Paid,5999
ENR0003124,STU011477,PRG010,2025-09-13,Completed,Partially Paid,2168
ENR0003125,STU011479,PRG001,2025-07-21,Completed,Partially Paid,9474
ENR0003126,STU011481,PRG005,2025-04-18,Completed,Fully Paid,14999
ENR0003127,STU011483,PRG003,2025-01-29,Completed,Partially Paid,10885
ENR0003128,STU011487,PRG010,2025-01-08,Completed,Fully Paid,5999
ENR0003129,STU011490,PRG005,2024-03-12,Dropped,Fully Paid,14999
ENR0003130,STU011495,PRG007,2025-05-20,Dropped,Fully Paid,17999
ENR0003131,STU011497,PRG001,2025-06-29,Completed,Fully Paid,24999
ENR0003132,STU011505,PRG008,2024-10-18,Completed,Partially Paid,4112
ENR0003133,STU011511,PRG010,2025-08-04,In Progress,Fully Paid,5999
ENR0003134,STU011521,PRG008,2025-03-22,Completed,Fully Paid,9999
ENR0003135,STU011523,PRG001,2025-05-13,Completed,Fully Paid,24999
ENR0003136,STU011524,PRG010,2025-10-30,Completed,Pending,0
ENR0003137,STU011525,PRG010,2024-06-01,Completed,Partially Paid,3397
ENR0003138,STU011527,PRG001,2024-11-08,Completed,Fully Paid,24999
ENR0003139,STU011540,PRG010,2025-06-01,Dropped,Pending,0
ENR0003140,STU011541,PRG009,2025-10-18,Completed,Fully Paid,4999
ENR0003141,STU011550,PRG004,2024-04-22,Completed,Fully Paid,27999
ENR0003142,STU011553,PRG008,2025-09-06,Completed,Fully Paid,9999
ENR0003143,STU011561,PRG009,2025-05-12,Completed,Partially Paid,2157
ENR0003144,STU011570,PRG012,2025-02-27,Completed,Fully Paid,21999
ENR0003145,STU011578,PRG007,2025-09-26,Completed,Fully Paid,17999
ENR0003146,STU011585,PRG008,2025-01-07,Completed,Fully Paid,9999
ENR0003147,STU011589,PRG001,2024-04-21,Completed,Fully Paid,24999
ENR0003148,STU011595,PRG006,2025-07-17,Completed,Fully Paid,12999
ENR0003149,STU011598,PRG007,2025-02-08,Completed,Fully Paid,17999
ENR0003150,STU011599,PRG008,2024-06-14,Completed,Fully Paid,9999
ENR0003151,STU011600,PRG008,2024-10-20,Completed,Partially Paid,6268
ENR0003152,STU011602,PRG012,2025-07-22,Completed,Pending,0
ENR0003153,STU011612,PRG005,2025-05-13,Completed,Fully Paid,14999
ENR0003154,STU011614,PRG006,2024-09-12,Completed,Partially Paid,6673
ENR0003155,STU011616,PRG009,2024-10-18,Dropped,Fully Paid,4999
ENR0003156,STU011618,PRG010,2025-02-17,Completed,Fully Paid,5999
ENR0003157,STU011619,PRG011,2025-04-04,In Progress,Fully Paid,3999
ENR0003158,STU011626,PRG010,2024-07-02,Completed,Fully Paid,5999
ENR0003159,STU011629,PRG009,2025-12-27,Completed,Fully Paid,4999
ENR0003160,STU011632,PRG006,2025-09-08,Completed,Fully Paid,12999
ENR0003161,STU011634,PRG006,2025-02-14,Completed,Partially Paid,7201
ENR0003162,STU011642,PRG010,2024-05-30,Dropped,Fully Paid,5999
ENR0003163,STU011644,PRG006,2024-05-02,Dropped,Partially Paid,4954
ENR0003164,STU011649,PRG008,2025-12-20,Completed,Fully Paid,9999
ENR0003165,STU011652,PRG010,2025-12-27,In Progress,Fully Paid,5999
ENR0003166,STU011653,PRG008,2025-06-04,Completed,Fully Paid,9999
ENR0003167,STU011656,PRG001,2024-08-12,Completed,Refunded,0
ENR0003168,STU011657,PRG009,2024-07-02,Completed,Fully Paid,4999
ENR0003169,STU011672,PRG010,2025-07-22,Completed,Fully Paid,5999
ENR0003170,STU011673,PRG008,2024-06-19,In Progress,Fully Paid,9999
ENR0003171,STU011676,PRG001,2025-09-02,Completed,Partially Paid,13179
ENR0003172,STU011683,PRG007,2025-08-13,Completed,Fully Paid,17999
ENR0003173,STU011685,PRG010,2024-09-18,Completed,Partially Paid,1947
ENR0003174,STU011694,PRG010,2024-08-26,In Progress,Fully Paid,5999
ENR0003175,STU011697,PRG004,2025-07-19,Completed,Fully Paid,27999
ENR0003176,STU011703,PRG005,2024-05-14,Completed,Fully Paid,14999
ENR0003177,STU011704,PRG011,2024-11-13,Completed,Fully Paid,3999
ENR0003178,STU011709,PRG009,2025-08-09,Completed,Pending,0
ENR0003179,STU011711,PRG010,2024-12-27,Completed,Refunded,0
ENR0003180,STU011712,PRG002,2025-03-16,Completed,Fully Paid,19999
ENR0003181,STU011716,PRG008,2024-06-27,Completed,Pending,0
ENR0003182,STU011717,PRG005,2025-12-31,Completed,Fully Paid,14999
ENR0003183,STU011718,PRG004,2024-07-25,Dropped,Pending,0
ENR0003184,STU011719,PRG003,2024-06-16,Completed,Fully Paid,32999
ENR0003185,STU011721,PRG002,2025-09-11,Completed,Pending,0
ENR0003186,STU011722,PRG005,2024-06-04,Dropped,Pending,0
ENR0003187,STU011733,PRG005,2025-04-04,Completed,Pending,0
ENR0003188,STU011734,PRG006,2025-03-20,Dropped,Partially Paid,4633
ENR0003189,STU011737,PRG009,2024-07-27,Completed,Fully Paid,4999
ENR0003190,STU011738,PRG005,2025-12-31,Completed,Pending,0
ENR0003191,STU011740,PRG004,2025-03-21,Dropped,Partially Paid,14312
ENR0003192,STU011747,PRG006,2025-04-30,Dropped,Fully Paid,12999
ENR0003193,STU011754,PRG011,2025-09-08,Completed,Fully Paid,3999
ENR0003194,STU011757,PRG010,2024-01-30,Completed,Fully Paid,5999
ENR0003195,STU011758,PRG010,2024-01-30,In Progress,Fully Paid,5999
ENR0003196,STU011761,PRG007,2024-08-22,Dropped,Fully Paid,17999
ENR0003197,STU011774,PRG010,2025-07-15,Completed,Fully Paid,5999
ENR0003198,STU011782,PRG009,2025-07-15,Completed,Partially Paid,2685
ENR0003199,STU011783,PRG010,2024-07-16,Dropped,Fully Paid,5999
ENR0003200,STU011786,PRG002,2025-09-01,Completed,Fully Paid,19999
ENR0003201,STU011789,PRG002,2024-08-22,Completed,Fully Paid,19999
ENR0003202,STU011791,PRG011,2025-10-26,Completed,Fully Paid,3999
ENR0003203,STU011793,PRG004,2025-02-03,Completed,Fully Paid,27999
ENR0003204,STU011798,PRG006,2025-09-12,Dropped,Fully Paid,12999
ENR0003205,STU011802,PRG010,2024-06-08,Completed,Fully Paid,5999
ENR0003206,STU011803,PRG001,2024-04-29,Completed,Fully Paid,24999
ENR0003207,STU011806,PRG009,2025-03-29,Completed,Refunded,0
ENR0003208,STU011819,PRG001,2024-02-23,Dropped,Fully Paid,24999
ENR0003209,STU011820,PRG001,2024-08-17,Completed,Fully Paid,24999
ENR0003210,STU011833,PRG010,2025-06-11,Dropped,Fully Paid,5999
ENR0003211,STU011839,PRG009,2025-04-17,Completed,Fully Paid,4999
ENR0003212,STU011841,PRG011,2025-11-05,Completed,Refunded,0
ENR0003213,STU011848,PRG011,2024-04-29,Completed,Fully Paid,3999
ENR0003214,STU011850,PRG005,2024-01-17,Completed,Fully Paid,14999
ENR0003215,STU011852,PRG009,2025-03-20,Completed,Partially Paid,1982
ENR0003216,STU011857,PRG009,2024-06-25,Completed,Fully Paid,4999
ENR0003217,STU011859,PRG004,2025-07-15,Dropped,Fully Paid,27999
ENR0003218,STU011862,PRG009,2024-05-09,Completed,Fully Paid,4999
ENR0003219,STU011863,PRG011,2024-08-05,Completed,Fully Paid,3999
ENR0003220,STU011864,PRG001,2025-07-19,Completed,Fully Paid,24999
ENR0003221,STU011866,PRG007,2025-06-22,Completed,Fully Paid,17999
ENR0003222,STU011871,PRG004,2025-02-07,Completed,Fully Paid,27999
ENR0003223,STU011872,PRG004,2024-01-31,Completed,Partially Paid,11882
ENR0003224,STU011873,PRG007,2024-06-26,Completed,Fully Paid,17999
ENR0003225,STU011877,PRG009,2024-07-28,Completed,Fully Paid,4999
ENR0003226,STU011878,PRG008,2025-10-19,Completed,Fully Paid,9999
ENR0003227,STU011884,PRG010,2024-10-05,Completed,Fully Paid,5999
ENR0003228,STU011888,PRG003,2025-07-01,Dropped,Fully Paid,32999
ENR0003229,STU011893,PRG011,2025-05-23,Completed,Refunded,0
ENR0003230,STU011895,PRG006,2025-11-23,In Progress,Fully Paid,12999
ENR0003231,STU011900,PRG006,2025-06-18,In Progress,Fully Paid,12999
ENR0003232,STU011901,PRG001,2024-07-25,Dropped,Pending,0
ENR0003233,STU011905,PRG001,2024-06-15,Completed,Fully Paid,24999
ENR0003234,STU011911,PRG001,2024-08-09,In Progress,Refunded,0
ENR0003235,STU011912,PRG010,2025-10-10,In Progress,Pending,0
ENR0003236,STU011924,PRG004,2025-09-12,Completed,Pending,0
ENR0003237,STU011926,PRG007,2025-03-14,Completed,Fully Paid,17999
ENR0003238,STU011934,PRG011,2025-09-22,Completed,Fully Paid,3999
ENR0003239,STU011936,PRG004,2024-03-26,Completed,Fully Paid,27999
ENR0003240,STU011937,PRG012,2025-12-19,Completed,Fully Paid,21999
ENR0003241,STU011938,PRG005,2024-09-06,Completed,Refunded,0
ENR0003242,STU011941,PRG001,2024-10-13,Dropped,Fully Paid,24999
ENR0003243,STU011942,PRG010,2024-03-24,Completed,Refunded,0
ENR0003244,STU011947,PRG005,2025-01-24,Completed,Partially Paid,6206
ENR0003245,STU011949,PRG002,2025-11-22,Completed,Fully Paid,19999
ENR0003246,STU011952,PRG009,2025-02-11,Completed,Fully Paid,4999
ENR0003247,STU011953,PRG006,2024-05-22,Completed,Fully Paid,12999
ENR0003248,STU011960,PRG002,2024-06-02,Completed,Refunded,0
ENR0003249,STU011965,PRG002,2025-11-16,Completed,Fully Paid,19999
ENR0003250,STU011968,PRG001,2025-09-04,Completed,Fully Paid,24999
ENR0003251,STU011971,PRG011,2025-12-31,Completed,Partially Paid,2782
ENR0003252,STU011974,PRG011,2025-09-22,Completed,Fully Paid,3999
ENR0003253,STU011978,PRG001,2025-07-29,Completed,Fully Paid,24999
ENR0003254,STU011993,PRG009,2025-06-04,Completed,Fully Paid,4999
ENR0003255,STU011997,PRG005,2024-10-17,Completed,Partially Paid,7005
ENR0003256,STU012008,PRG009,2025-04-18,Completed,Fully Paid,4999
ENR0003257,STU012009,PRG001,2024-10-03,Completed,Fully Paid,24999
ENR0003258,STU012011,PRG002,2025-01-26,Completed,Fully Paid,19999
ENR0003259,STU012013,PRG012,2025-07-11,Completed,Partially Paid,15211
ENR0003260,STU012015,PRG004,2025-10-01,Dropped,Partially Paid,14367
ENR0003261,STU012016,PRG005,2025-07-08,Completed,Fully Paid,14999
ENR0003262,STU012022,PRG004,2024-09-08,Completed,Fully Paid,27999
ENR0003263,STU012027,PRG010,2025-06-21,Completed,Fully Paid,5999
ENR0003264,STU012032,PRG008,2025-04-15,Completed,Partially Paid,4618
ENR0003265,STU012036,PRG001,2024-08-08,Completed,Fully Paid,24999
ENR0003266,STU012037,PRG005,2025-05-01,In Progress,Fully Paid,14999
ENR0003267,STU012039,PRG003,2024-09-10,Completed,Fully Paid,32999
ENR0003268,STU012040,PRG012,2024-07-11,Completed,Fully Paid,21999
ENR0003269,STU012042,PRG001,2024-07-30,Dropped,Pending,0
ENR0003270,STU012045,PRG011,2025-08-22,Completed,Fully Paid,3999
ENR0003271,STU012046,PRG011,2025-07-02,Completed,Partially Paid,1220
ENR0003272,STU012053,PRG011,2025-01-30,Completed,Fully Paid,3999
ENR0003273,STU012055,PRG010,2025-11-15,Completed,Fully Paid,5999
ENR0003274,STU012066,PRG004,2025-10-18,In Progress,Fully Paid,27999
ENR0003275,STU012068,PRG002,2025-01-02,In Progress,Pending,0
ENR0003276,STU012070,PRG012,2024-03-04,Completed,Fully Paid,21999
ENR0003277,STU012071,PRG002,2024-05-31,Dropped,Pending,0
ENR0003278,STU012072,PRG011,2024-07-31,Completed,Partially Paid,2621
ENR0003279,STU012075,PRG003,2024-11-28,Completed,Refunded,0
ENR0003280,STU012081,PRG001,2025-07-17,Dropped,Pending,0
ENR0003281,STU012084,PRG008,2024-02-24,Completed,Fully Paid,9999
ENR0003282,STU012086,PRG012,2024-03-08,Completed,Fully Paid,21999
ENR0003283,STU012092,PRG002,2024-10-13,Completed,Fully Paid,19999
ENR0003284,STU012093,PRG005,2025-04-04,Completed,Partially Paid,6180
ENR0003285,STU012094,PRG001,2024-07-13,Completed,Refunded,0
ENR0003286,STU012098,PRG004,2024-02-19,Completed,Partially Paid,8521
ENR0003287,STU012099,PRG010,2025-07-30,In Progress,Partially Paid,4118
ENR0003288,STU012101,PRG011,2024-06-16,Completed,Partially Paid,2763
ENR0003289,STU012103,PRG008,2025-07-03,Completed,Partially Paid,6469
ENR0003290,STU012105,PRG001,2024-10-09,Completed,Fully Paid,24999
ENR0003291,STU012106,PRG002,2025-07-09,Completed,Fully Paid,19999
ENR0003292,STU012110,PRG008,2024-06-28,Completed,Fully Paid,9999
ENR0003293,STU012111,PRG010,2025-07-06,Completed,Partially Paid,3960
ENR0003294,STU012122,PRG003,2025-07-06,In Progress,Fully Paid,32999
ENR0003295,STU012125,PRG001,2025-06-07,Completed,Fully Paid,24999
ENR0003296,STU012134,PRG010,2025-01-29,Completed,Fully Paid,5999
ENR0003297,STU012137,PRG010,2025-01-29,Dropped,Fully Paid,5999
ENR0003298,STU012158,PRG010,2025-11-23,Completed,Refunded,0
ENR0003299,STU012167,PRG005,2025-11-15,Completed,Fully Paid,14999
ENR0003300,STU012170,PRG005,2024-02-14,Completed,Partially Paid,9283
ENR0003301,STU012179,PRG002,2025-02-17,Completed,Refunded,0
ENR0003302,STU012183,PRG004,2024-03-26,Completed,Fully Paid,27999
ENR0003303,STU012186,PRG009,2025-07-27,Completed,Fully Paid,4999
ENR0003304,STU012188,PRG012,2025-12-04,Completed,Fully Paid,21999
ENR0003305,STU012190,PRG006,2025-02-04,Dropped,Fully Paid,12999
ENR0003306,STU012192,PRG004,2025-10-12,Completed,Fully Paid,27999
ENR0003307,STU012195,PRG005,2025-07-22,Completed,Fully Paid,14999
ENR0003308,STU012204,PRG004,2025-02-21,Dropped,Fully Paid,27999
ENR0003309,STU012206,PRG007,2025-08-05,In Progress,Fully Paid,17999
ENR0003310,STU012213,PRG005,2024-07-11,Completed,Fully Paid,14999
ENR0003311,STU012219,PRG004,2025-08-15,Completed,Fully Paid,27999
ENR0003312,STU012222,PRG011,2025-12-09,Completed,Fully Paid,3999
ENR0003313,STU012226,PRG003,2025-10-02,In Progress,Fully Paid,32999
ENR0003314,STU012230,PRG010,2025-07-07,Completed,Partially Paid,4172
ENR0003315,STU012231,PRG001,2024-09-09,Completed,Fully Paid,24999
ENR0003316,STU012235,PRG004,2025-02-10,Completed,Fully Paid,27999
ENR0003317,STU012241,PRG007,2024-04-10,Completed,Fully Paid,17999
ENR0003318,STU012244,PRG002,2024-05-30,Completed,Partially Paid,8659
ENR0003319,STU012247,PRG001,2025-11-02,Completed,Fully Paid,24999
ENR0003320,STU012248,PRG001,2024-06-30,Completed,Partially Paid,15563
ENR0003321,STU012249,PRG002,2024-08-03,Completed,Fully Paid,19999
ENR0003322,STU012253,PRG007,2025-02-25,Completed,Fully Paid,17999
ENR0003323,STU012254,PRG007,2025-02-20,Completed,Fully Paid,17999
ENR0003324,STU012257,PRG010,2025-01-06,Completed,Fully Paid,5999
ENR0003325,STU012260,PRG009,2024-06-03,Completed,Fully Paid,4999
ENR0003326,STU012261,PRG002,2025-10-17,Completed,Fully Paid,19999
ENR0003327,STU012262,PRG001,2025-04-08,In Progress,Fully Paid,24999
ENR0003328,STU012265,PRG001,2024-10-29,Completed,Fully Paid,24999
ENR0003329,STU012268,PRG006,2024-11-10,Completed,Fully Paid,12999
ENR0003330,STU012269,PRG003,2025-10-14,Completed,Fully Paid,32999
ENR0003331,STU012270,PRG005,2024-06-28,Dropped,Fully Paid,14999
ENR0003332,STU012274,PRG011,2024-09-18,In Progress,Fully Paid,3999
ENR0003333,STU012279,PRG005,2025-04-27,Completed,Partially Paid,5910
ENR0003334,STU012283,PRG003,2024-07-03,Completed,Partially Paid,20230
ENR0003335,STU012284,PRG002,2024-09-20,Completed,Pending,0
ENR0003336,STU012295,PRG008,2024-04-03,Completed,Fully Paid,9999
ENR0003337,STU012296,PRG004,2025-02-01,Completed,Fully Paid,27999
ENR0003338,STU012298,PRG005,2025-09-26,Completed,Partially Paid,5233
ENR0003339,STU012305,PRG010,2024-07-10,Dropped,Fully Paid,5999
ENR0003340,STU012307,PRG003,2024-12-14,Completed,Fully Paid,32999
ENR0003341,STU012312,PRG005,2025-02-22,Completed,Fully Paid,14999
ENR0003342,STU012315,PRG009,2025-03-17,Completed,Fully Paid,4999
ENR0003343,STU012321,PRG007,2025-10-21,Completed,Fully Paid,17999
ENR0003344,STU012325,PRG002,2025-08-08,Completed,Fully Paid,19999
ENR0003345,STU012328,PRG011,2024-10-09,In Progress,Pending,0
ENR0003346,STU012330,PRG003,2024-10-06,Completed,Fully Paid,32999
ENR0003347,STU012334,PRG001,2025-12-21,In Progress,Fully Paid,24999
ENR0003348,STU012338,PRG010,2025-12-31,Completed,Fully Paid,5999
ENR0003349,STU012341,PRG005,2025-05-10,Completed,Fully Paid,14999
ENR0003350,STU012345,PRG002,2024-12-25,Completed,Fully Paid,19999
ENR0003351,STU012347,PRG011,2024-03-14,Completed,Fully Paid,3999
ENR0003352,STU012350,PRG001,2025-09-08,Completed,Fully Paid,24999
ENR0003353,STU012354,PRG008,2024-01-13,Completed,Fully Paid,9999
ENR0003354,STU012356,PRG001,2024-06-01,Completed,Fully Paid,24999
ENR0003355,STU012358,PRG001,2024-11-09,Dropped,Fully Paid,24999
ENR0003356,STU012364,PRG012,2024-10-16,Completed,Fully Paid,21999
ENR0003357,STU012369,PRG001,2024-04-01,Completed,Pending,0
ENR0003358,STU012375,PRG011,2024-10-23,Completed,Fully Paid,3999
ENR0003359,STU012376,PRG010,2024-05-21,Completed,Fully Paid,5999
ENR0003360,STU012379,PRG005,2024-07-14,Completed,Fully Paid,14999
ENR0003361,STU012384,PRG006,2025-10-08,Completed,Fully Paid,12999
ENR0003362,STU012386,PRG010,2025-12-31,Completed,Partially Paid,3477
ENR0003363,STU012392,PRG006,2025-12-31,Completed,Fully Paid,12999
ENR0003364,STU012393,PRG001,2024-09-16,Completed,Fully Paid,24999
ENR0003365,STU012397,PRG001,2024-06-22,Completed,Refunded,0
ENR0003366,STU012409,PRG010,2025-10-21,Completed,Fully Paid,5999
ENR0003367,STU012410,PRG005,2025-01-11,Completed,Partially Paid,8670
ENR0003368,STU012414,PRG011,2025-10-31,Completed,Refunded,0
ENR0003369,STU012416,PRG008,2024-07-29,Completed,Fully Paid,9999
ENR0003370,STU012424,PRG001,2024-05-15,Completed,Pending,0
ENR0003371,STU012425,PRG010,2025-12-31,Completed,Fully Paid,5999
ENR0003372,STU012428,PRG010,2025-02-20,Completed,Fully Paid,5999
ENR0003373,STU012435,PRG008,2025-09-22,Dropped,Fully Paid,9999
ENR0003374,STU012436,PRG010,2024-04-14,Dropped,Fully Paid,5999
ENR0003375,STU012440,PRG010,2025-03-14,Completed,Partially Paid,3500
ENR0003376,STU012443,PRG009,2024-12-20,Completed,Refunded,0
ENR0003377,STU012447,PRG008,2025-09-20,Completed,Fully Paid,9999
ENR0003378,STU012448,PRG003,2025-04-29,In Progress,Pending,0
ENR0003379,STU012455,PRG003,2025-10-23,Completed,Pending,0
ENR0003380,STU012458,PRG005,2024-09-06,Completed,Fully Paid,14999
ENR0003381,STU012461,PRG001,2025-12-31,Completed,Fully Paid,24999
ENR0003382,STU012462,PRG011,2025-12-31,Completed,Fully Paid,3999
ENR0003383,STU012468,PRG008,2024-03-24,Completed,Fully Paid,9999
ENR0003384,STU012472,PRG011,2024-04-04,Completed,Pending,0
ENR0003385,STU012473,PRG011,2025-02-19,Completed,Pending,0
ENR0003386,STU012477,PRG005,2025-10-25,Completed,Fully Paid,14999
ENR0003387,STU012478,PRG010,2025-01-23,Completed,Fully Paid,5999
ENR0003388,STU012481,PRG009,2025-02-27,Completed,Refunded,0
ENR0003389,STU012483,PRG004,2025-08-20,Completed,Fully Paid,27999
ENR0003390,STU012491,PRG001,2025-10-16,Completed,Partially Paid,10603
ENR0003391,STU012492,PRG008,2024-12-08,Completed,Fully Paid,9999
ENR0003392,STU012498,PRG005,2024-11-07,Completed,Fully Paid,14999
ENR0003393,STU012503,PRG009,2024-09-20,Completed,Fully Paid,4999
ENR0003394,STU012505,PRG001,2024-12-22,Completed,Fully Paid,24999
ENR0003395,STU012506,PRG003,2025-10-24,Completed,Partially Paid,19744
ENR0003396,STU012507,PRG009,2025-04-21,Completed,Refunded,0
ENR0003397,STU012510,PRG010,2025-09-02,Dropped,Fully Paid,5999
ENR0003398,STU012513,PRG009,2025-02-21,Completed,Fully Paid,4999
ENR0003399,STU012515,PRG003,2024-08-20,Completed,Fully Paid,32999
ENR0003400,STU012518,PRG010,2025-09-29,In Progress,Fully Paid,5999
ENR0003401,STU012522,PRG004,2025-06-03,In Progress,Fully Paid,27999
ENR0003402,STU012523,PRG008,2024-11-07,Completed,Fully Paid,9999
ENR0003403,STU012524,PRG009,2025-12-31,Completed,Fully Paid,4999
ENR0003404,STU012530,PRG006,2025-07-09,Completed,Refunded,0
ENR0003405,STU012531,PRG010,2025-11-25,In Progress,Fully Paid,5999
ENR0003406,STU012532,PRG001,2025-07-21,Completed,Fully Paid,24999
ENR0003407,STU012537,PRG004,2024-01-25,Dropped,Fully Paid,27999
ENR0003408,STU012538,PRG009,2025-12-25,Completed,Fully Paid,4999
ENR0003409,STU012539,PRG001,2024-10-24,Completed,Fully Paid,24999
ENR0003410,STU012541,PRG001,2025-09-20,Completed,Partially Paid,10745
ENR0003411,STU012542,PRG002,2024-04-11,Completed,Pending,0
ENR0003412,STU012544,PRG002,2025-05-02,Completed,Partially Paid,8746
ENR0003413,STU012546,PRG010,2024-09-04,Dropped,Fully Paid,5999
ENR0003414,STU012554,PRG002,2024-11-16,Completed,Pending,0
ENR0003415,STU012560,PRG005,2024-07-08,Completed,Fully Paid,14999
ENR0003416,STU012562,PRG001,2024-02-11,Completed,Pending,0
ENR0003417,STU012564,PRG009,2025-02-06,Completed,Fully Paid,4999
ENR0003418,STU012565,PRG011,2025-06-30,Completed,Fully Paid,3999
ENR0003419,STU012572,PRG010,2025-12-31,Dropped,Fully Paid,5999
ENR0003420,STU012574,PRG007,2025-06-14,Completed,Fully Paid,17999
ENR0003421,STU012577,PRG008,2025-05-20,Completed,Fully Paid,9999
ENR0003422,STU012580,PRG002,2025-07-12,Completed,Fully Paid,19999
ENR0003423,STU012582,PRG009,2025-08-04,Completed,Partially Paid,1789
ENR0003424,STU012584,PRG009,2024-03-14,In Progress,Fully Paid,4999
ENR0003425,STU012596,PRG007,2025-12-31,In Progress,Fully Paid,17999
ENR0003426,STU012602,PRG012,2024-07-22,Completed,Partially Paid,8657
ENR0003427,STU012604,PRG007,2025-11-18,Completed,Pending,0
ENR0003428,STU012606,PRG010,2025-11-07,Completed,Partially Paid,2691
ENR0003429,STU012612,PRG011,2024-04-24,Completed,Fully Paid,3999
ENR0003430,STU012614,PRG001,2024-08-25,In Progress,Fully Paid,24999
ENR0003431,STU012616,PRG006,2024-08-09,Completed,Fully Paid,12999
ENR0003432,STU012619,PRG006,2024-02-14,Completed,Fully Paid,12999
ENR0003433,STU012620,PRG005,2025-03-10,Completed,Fully Paid,14999
ENR0003434,STU012621,PRG009,2025-08-04,Completed,Pending,0
ENR0003435,STU012622,PRG002,2024-06-05,Completed,Partially Paid,7881
ENR0003436,STU012623,PRG012,2025-04-26,Completed,Fully Paid,21999
ENR0003437,STU012624,PRG005,2025-12-31,Completed,Fully Paid,14999
ENR0003438,STU012628,PRG008,2025-11-28,Completed,Fully Paid,9999
ENR0003439,STU012633,PRG001,2025-09-02,Completed,Fully Paid,24999
ENR0003440,STU012636,PRG009,2024-04-26,Completed,Partially Paid,1625
ENR0003441,STU012637,PRG008,2024-09-16,In Progress,Fully Paid,9999
ENR0003442,STU012638,PRG011,2024-04-01,Completed,Fully Paid,3999
ENR0003443,STU012639,PRG006,2025-01-13,Completed,Refunded,0
ENR0003444,STU012643,PRG010,2025-11-04,Completed,Fully Paid,5999
ENR0003445,STU012648,PRG012,2025-01-08,Completed,Pending,0
ENR0003446,STU012650,PRG010,2025-09-04,Completed,Fully Paid,5999
ENR0003447,STU012655,PRG002,2024-11-17,Completed,Fully Paid,19999
ENR0003448,STU012662,PRG003,2025-02-04,Completed,Partially Paid,22000
ENR0003449,STU012666,PRG007,2024-03-11,Completed,Fully Paid,17999
ENR0003450,STU012667,PRG002,2024-09-22,Completed,Fully Paid,19999
ENR0003451,STU012668,PRG009,2025-08-10,Completed,Fully Paid,4999
ENR0003452,STU012673,PRG010,2024-03-01,Dropped,Pending,0
ENR0003453,STU012675,PRG006,2024-06-09,Completed,Pending,0
ENR0003454,STU012676,PRG002,2025-05-30,Completed,Fully Paid,19999
ENR0003455,STU012686,PRG006,2024-07-22,Completed,Fully Paid,12999
ENR0003456,STU012690,PRG008,2024-10-19,Completed,Refunded,0
ENR0003457,STU012692,PRG005,2024-05-30,Dropped,Fully Paid,14999
ENR0003458,STU012693,PRG009,2024-07-12,Completed,Fully Paid,4999
ENR0003459,STU012697,PRG010,2024-12-14,Completed,Refunded,0
ENR0003460,STU012700,PRG008,2025-12-31,Completed,Refunded,0
ENR0003461,STU012701,PRG010,2024-02-05,Completed,Fully Paid,5999
ENR0003462,STU012702,PRG009,2025-04-06,Completed,Refunded,0
ENR0003463,STU012712,PRG004,2025-03-04,Completed,Fully Paid,27999
ENR0003464,STU012717,PRG011,2025-07-14,Completed,Partially Paid,1661
ENR0003465,STU012719,PRG002,2025-08-02,Completed,Fully Paid,19999
ENR0003466,STU012725,PRG009,2024-06-04,Completed,Fully Paid,4999
ENR0003467,STU012727,PRG002,2025-11-17,Completed,Fully Paid,19999
ENR0003468,STU012728,PRG009,2025-12-24,Completed,Fully Paid,4999
ENR0003469,STU012730,PRG001,2024-09-02,Completed,Fully Paid,24999
ENR0003470,STU012731,PRG009,2024-11-27,Completed,Fully Paid,4999
ENR0003471,STU012732,PRG002,2024-10-20,Completed,Fully Paid,19999
ENR0003472,STU012741,PRG008,2024-09-18,Completed,Fully Paid,9999
ENR0003473,STU012743,PRG002,2025-08-18,Completed,Fully Paid,19999
ENR0003474,STU012744,PRG010,2024-01-30,Dropped,Fully Paid,5999
ENR0003475,STU012749,PRG006,2025-03-23,Completed,Fully Paid,12999
ENR0003476,STU012754,PRG009,2025-12-31,Completed,Pending,0
ENR0003477,STU012756,PRG006,2025-06-25,Completed,Fully Paid,12999
ENR0003478,STU012757,PRG002,2024-02-23,Completed,Partially Paid,6899
ENR0003479,STU012761,PRG005,2025-02-18,Dropped,Partially Paid,4519
ENR0003480,STU012765,PRG011,2025-05-21,Completed,Partially Paid,1729
ENR0003481,STU012779,PRG001,2025-04-28,Completed,Pending,0
ENR0003482,STU012781,PRG005,2024-07-15,Completed,Pending,0
ENR0003483,STU012784,PRG009,2024-10-11,Completed,Partially Paid,2196
ENR0003484,STU012788,PRG001,2025-10-03,Completed,Pending,0
ENR0003485,STU012789,PRG002,2025-04-13,Completed,Partially Paid,7330
ENR0003486,STU012790,PRG001,2025-12-31,Dropped,Fully Paid,24999
ENR0003487,STU012792,PRG007,2024-08-20,Dropped,Fully Paid,17999
ENR0003488,STU012798,PRG002,2025-01-13,Dropped,Fully Paid,19999
ENR0003489,STU012802,PRG008,2025-07-29,Completed,Fully Paid,9999
ENR0003490,STU012805,PRG010,2024-08-24,In Progress,Fully Paid,5999
ENR0003491,STU012806,PRG008,2025-01-08,Dropped,Partially Paid,6979
ENR0003492,STU012807,PRG007,2024-10-14,Completed,Refunded,0
ENR0003493,STU012809,PRG004,2025-08-23,Completed,Fully Paid,27999
ENR0003494,STU012810,PRG002,2024-09-21,Completed,Partially Paid,10896
ENR0003495,STU012811,PRG009,2025-08-14,Completed,Partially Paid,2292
ENR0003496,STU012813,PRG001,2025-05-01,Completed,Fully Paid,24999
ENR0003497,STU012814,PRG009,2025-05-01,Completed,Fully Paid,4999
ENR0003498,STU012815,PRG012,2024-07-16,Completed,Fully Paid,21999
ENR0003499,STU012817,PRG004,2024-03-07,Completed,Fully Paid,27999
ENR0003500,STU012824,PRG010,2024-09-27,Completed,Fully Paid,5999
ENR0003501,STU012826,PRG001,2025-12-31,Dropped,Partially Paid,12986
ENR0003502,STU012829,PRG010,2025-06-21,Dropped,Fully Paid,5999
ENR0003503,STU012833,PRG010,2025-01-27,In Progress,Fully Paid,5999
ENR0003504,STU012837,PRG004,2024-09-01,Completed,Fully Paid,27999
ENR0003505,STU012840,PRG004,2024-02-03,Completed,Fully Paid,27999
ENR0003506,STU012841,PRG009,2025-07-26,Completed,Fully Paid,4999
ENR0003507,STU012842,PRG001,2024-07-18,Completed,Fully Paid,24999
ENR0003508,STU012844,PRG010,2024-11-13,Completed,Fully Paid,5999
ENR0003509,STU012847,PRG001,2024-02-11,Completed,Fully Paid,24999
ENR0003510,STU012849,PRG003,2024-12-17,Completed,Fully Paid,32999
ENR0003511,STU012851,PRG001,2024-07-15,Completed,Fully Paid,24999
ENR0003512,STU012854,PRG004,2025-06-14,Completed,Fully Paid,27999
ENR0003513,STU012861,PRG012,2024-11-26,Completed,Fully Paid,21999
ENR0003514,STU012862,PRG006,2025-12-31,Completed,Fully Paid,12999
ENR0003515,STU012867,PRG006,2024-05-13,Completed,Fully Paid,12999
ENR0003516,STU012876,PRG008,2025-06-12,Completed,Fully Paid,9999
ENR0003517,STU012883,PRG007,2025-12-15,Completed,Fully Paid,17999
ENR0003518,STU012884,PRG011,2025-08-21,Completed,Fully Paid,3999
ENR0003519,STU012892,PRG003,2024-07-31,Completed,Fully Paid,32999
ENR0003520,STU012898,PRG004,2025-07-06,Dropped,Fully Paid,27999
ENR0003521,STU012899,PRG006,2025-08-26,Completed,Fully Paid,12999
ENR0003522,STU012903,PRG001,2024-07-21,Completed,Partially Paid,11449
ENR0003523,STU012905,PRG012,2025-02-21,Completed,Fully Paid,21999
ENR0003524,STU012910,PRG004,2024-08-16,Dropped,Fully Paid,27999
ENR0003525,STU012911,PRG011,2024-09-24,Completed,Pending,0
ENR0003526,STU012914,PRG010,2025-12-31,Dropped,Partially Paid,2099
ENR0003527,STU012916,PRG001,2025-10-12,Completed,Fully Paid,24999
ENR0003528,STU012918,PRG002,2024-11-11,Completed,Fully Paid,19999
ENR0003529,STU012919,PRG005,2025-03-25,Completed,Fully Paid,14999
ENR0003530,STU012933,PRG009,2025-05-15,Completed,Fully Paid,4999
ENR0003531,STU012937,PRG008,2025-07-18,Completed,Fully Paid,9999
ENR0003532,STU012940,PRG010,2024-07-17,In Progress,Partially Paid,2827
ENR0003533,STU012941,PRG004,2025-12-31,Completed,Fully Paid,27999
ENR0003534,STU012945,PRG010,2025-03-26,Dropped,Fully Paid,5999
ENR0003535,STU012951,PRG003,2024-08-05,Completed,Fully Paid,32999
ENR0003536,STU012952,PRG001,2025-12-31,Completed,Partially Paid,10332
ENR0003537,STU012954,PRG002,2025-10-27,Completed,Partially Paid,11140
ENR0003538,STU012957,PRG001,2025-12-23,Completed,Fully Paid,24999
ENR0003539,STU012964,PRG003,2024-10-14,Completed,Partially Paid,18473
ENR0003540,STU012965,PRG011,2024-10-12,Completed,Refunded,0
ENR0003541,STU012967,PRG007,2025-05-25,Completed,Fully Paid,17999
ENR0003542,STU012985,PRG005,2025-01-18,Completed,Partially Paid,8237
ENR0003543,STU012990,PRG009,2025-02-28,Dropped,Pending,0
ENR0003544,STU012992,PRG002,2025-01-26,Completed,Fully Paid,19999
ENR0003545,STU012996,PRG001,2025-10-01,Completed,Fully Paid,24999
ENR0003546,STU012997,PRG006,2025-09-30,Completed,Partially Paid,4870
ENR0003547,STU012998,PRG009,2024-12-15,Completed,Fully Paid,4999
ENR0003548,STU012999,PRG003,2024-09-01,Completed,Pending,0
ENR0003549,STU013001,PRG011,2024-05-17,Completed,Partially Paid,1536
ENR0003550,STU013006,PRG007,2024-02-13,Completed,Fully Paid,17999
ENR0003551,STU013010,PRG003,2024-08-11,Completed,Fully Paid,32999
ENR0003552,STU013012,PRG002,2025-07-21,Completed,Fully Paid,19999
ENR0003553,STU013013,PRG001,2025-11-09,Dropped,Fully Paid,24999
ENR0003554,STU013016,PRG001,2025-05-06,Dropped,Fully Paid,24999
ENR0003555,STU013026,PRG009,2025-11-09,Completed,Partially Paid,3182
ENR0003556,STU013045,PRG010,2024-02-25,Completed,Pending,0
ENR0003557,STU013047,PRG002,2025-01-29,Completed,Pending,0
ENR0003558,STU013050,PRG002,2024-05-10,Completed,Refunded,0
ENR0003559,STU013051,PRG006,2025-10-08,Completed,Fully Paid,12999
ENR0003560,STU013053,PRG005,2025-08-09,Completed,Partially Paid,7471
ENR0003561,STU013058,PRG009,2025-10-18,Completed,Fully Paid,4999
ENR0003562,STU013064,PRG001,2025-10-06,Completed,Fully Paid,24999
ENR0003563,STU013065,PRG010,2025-01-10,Dropped,Fully Paid,5999
ENR0003564,STU013067,PRG009,2024-07-21,Completed,Fully Paid,4999
ENR0003565,STU013076,PRG007,2024-10-25,Completed,Fully Paid,17999
ENR0003566,STU013078,PRG003,2025-11-23,Dropped,Fully Paid,32999
ENR0003567,STU013082,PRG003,2024-12-14,Completed,Fully Paid,32999
ENR0003568,STU013089,PRG001,2025-08-24,Completed,Fully Paid,24999
ENR0003569,STU013090,PRG001,2025-02-03,In Progress,Fully Paid,24999
ENR0003570,STU013093,PRG009,2024-08-02,Completed,Fully Paid,4999
ENR0003571,STU013097,PRG002,2024-12-14,Completed,Fully Paid,19999
ENR0003572,STU013098,PRG009,2024-07-02,Completed,Partially Paid,3256
ENR0003573,STU013104,PRG003,2024-07-30,In Progress,Fully Paid,32999
ENR0003574,STU013115,PRG009,2025-10-03,Completed,Fully Paid,4999
ENR0003575,STU013116,PRG008,2024-06-22,Dropped,Fully Paid,9999
ENR0003576,STU013120,PRG009,2024-09-28,Completed,Fully Paid,4999
ENR0003577,STU013123,PRG008,2025-09-08,Completed,Fully Paid,9999
ENR0003578,STU013128,PRG009,2025-07-06,Completed,Fully Paid,4999
ENR0003579,STU013129,PRG009,2024-11-14,Completed,Fully Paid,4999
ENR0003580,STU013137,PRG002,2024-06-04,Completed,Partially Paid,10997
ENR0003581,STU013139,PRG010,2024-08-09,Dropped,Pending,0
ENR0003582,STU013141,PRG005,2025-03-19,In Progress,Fully Paid,14999
ENR0003583,STU013142,PRG001,2025-04-02,Dropped,Pending,0
ENR0003584,STU013149,PRG006,2025-11-08,Completed,Fully Paid,12999
ENR0003585,STU013155,PRG008,2024-05-02,Completed,Fully Paid,9999
ENR0003586,STU013157,PRG004,2025-07-03,Completed,Fully Paid,27999
ENR0003587,STU013159,PRG010,2025-08-03,In Progress,Fully Paid,5999
ENR0003588,STU013161,PRG010,2025-12-08,Completed,Fully Paid,5999
ENR0003589,STU013166,PRG003,2024-03-28,Completed,Fully Paid,32999
ENR0003590,STU013167,PRG001,2024-09-21,In Progress,Fully Paid,24999
ENR0003591,STU013168,PRG008,2024-07-02,Completed,Pending,0
ENR0003592,STU013171,PRG009,2025-12-05,Completed,Fully Paid,4999
ENR0003593,STU013173,PRG007,2025-10-16,Completed,Fully Paid,17999
ENR0003594,STU013179,PRG011,2025-07-02,Completed,Partially Paid,2402
ENR0003595,STU013181,PRG003,2024-01-22,Completed,Fully Paid,32999
ENR0003596,STU013182,PRG010,2024-07-10,Completed,Fully Paid,5999
ENR0003597,STU013191,PRG009,2024-12-31,Completed,Pending,0
ENR0003598,STU013192,PRG010,2024-10-30,In Progress,Fully Paid,5999
ENR0003599,STU013198,PRG002,2024-03-14,Completed,Fully Paid,19999
ENR0003600,STU013201,PRG009,2025-01-05,Completed,Fully Paid,4999
ENR0003601,STU013209,PRG003,2024-12-18,Completed,Pending,0
ENR0003602,STU013215,PRG011,2025-12-31,Completed,Fully Paid,3999
ENR0003603,STU013219,PRG011,2025-06-29,Completed,Refunded,0
ENR0003604,STU013220,PRG004,2025-09-24,Completed,Partially Paid,14734
ENR0003605,STU013224,PRG011,2025-12-29,Completed,Partially Paid,2068
ENR0003606,STU013225,PRG005,2025-01-24,Completed,Partially Paid,4541
ENR0003607,STU013229,PRG008,2024-11-02,Completed,Fully Paid,9999
ENR0003608,STU013230,PRG009,2025-11-07,Completed,Partially Paid,1775
ENR0003609,STU013233,PRG005,2025-03-15,Completed,Fully Paid,14999
ENR0003610,STU013234,PRG001,2025-02-27,Completed,Fully Paid,24999
ENR0003611,STU013240,PRG010,2024-03-07,Dropped,Fully Paid,5999
ENR0003612,STU013242,PRG001,2025-08-01,Completed,Fully Paid,24999
ENR0003613,STU013244,PRG010,2024-04-23,Completed,Fully Paid,5999
ENR0003614,STU013250,PRG010,2025-04-16,Completed,Fully Paid,5999
ENR0003615,STU013251,PRG005,2024-12-20,Completed,Fully Paid,14999
ENR0003616,STU013252,PRG006,2024-08-06,Completed,Fully Paid,12999
ENR0003617,STU013258,PRG003,2024-12-03,Completed,Fully Paid,32999
ENR0003618,STU013261,PRG002,2024-04-11,Completed,Pending,0
ENR0003619,STU013265,PRG005,2025-09-03,Completed,Fully Paid,14999
ENR0003620,STU013268,PRG005,2025-08-07,Dropped,Partially Paid,9494
ENR0003621,STU013270,PRG002,2024-02-24,Completed,Fully Paid,19999
ENR0003622,STU013274,PRG008,2024-05-29,Completed,Refunded,0
ENR0003623,STU013280,PRG005,2025-09-19,Completed,Fully Paid,14999
ENR0003624,STU013287,PRG012,2025-07-23,Dropped,Fully Paid,21999
ENR0003625,STU013296,PRG001,2025-11-21,Completed,Fully Paid,24999
ENR0003626,STU013297,PRG012,2024-02-28,Dropped,Fully Paid,21999
ENR0003627,STU013298,PRG009,2024-08-18,Completed,Fully Paid,4999
ENR0003628,STU013302,PRG001,2025-02-03,Completed,Fully Paid,24999
ENR0003629,STU013304,PRG002,2025-02-13,Completed,Fully Paid,19999
ENR0003630,STU013311,PRG003,2024-10-30,Completed,Fully Paid,32999
ENR0003631,STU013313,PRG010,2024-06-20,Completed,Fully Paid,5999
ENR0003632,STU013318,PRG003,2024-09-01,Completed,Partially Paid,16901
ENR0003633,STU013320,PRG001,2025-07-11,Dropped,Pending,0
ENR0003634,STU013321,PRG011,2025-05-02,Dropped,Fully Paid,3999
ENR0003635,STU013322,PRG012,2025-12-09,Completed,Fully Paid,21999
ENR0003636,STU013326,PRG008,2025-09-11,Completed,Fully Paid,9999
ENR0003637,STU013332,PRG008,2025-08-06,Dropped,Pending,0
ENR0003638,STU013335,PRG002,2024-12-28,Completed,Fully Paid,19999
ENR0003639,STU013338,PRG011,2025-09-13,Completed,Fully Paid,3999
ENR0003640,STU013339,PRG007,2024-09-17,Completed,Fully Paid,17999
ENR0003641,STU013340,PRG004,2025-06-01,Completed,Partially Paid,18512
ENR0003642,STU013342,PRG007,2024-05-15,Completed,Refunded,0
ENR0003643,STU013345,PRG012,2024-07-10,Completed,Fully Paid,21999
ENR0003644,STU013346,PRG003,2024-11-21,Completed,Partially Paid,19197
ENR0003645,STU013350,PRG001,2024-10-20,Completed,Fully Paid,24999
ENR0003646,STU013351,PRG006,2024-02-18,Dropped,Fully Paid,12999
ENR0003647,STU013356,PRG001,2025-01-10,In Progress,Pending,0
ENR0003648,STU013358,PRG008,2025-05-02,Completed,Fully Paid,9999
ENR0003649,STU013359,PRG005,2025-08-20,Completed,Fully Paid,14999
ENR0003650,STU013364,PRG010,2025-06-11,Completed,Fully Paid,5999
ENR0003651,STU013365,PRG005,2024-01-25,Completed,Partially Paid,6246
ENR0003652,STU013371,PRG012,2025-07-07,Completed,Fully Paid,21999
ENR0003653,STU013374,PRG002,2025-12-26,Completed,Fully Paid,19999
ENR0003654,STU013377,PRG003,2024-08-07,Completed,Fully Paid,32999
ENR0003655,STU013378,PRG009,2025-12-27,Completed,Fully Paid,4999
ENR0003656,STU013379,PRG010,2024-07-25,Dropped,Fully Paid,5999
ENR0003657,STU013380,PRG008,2024-06-08,Completed,Fully Paid,9999
ENR0003658,STU013384,PRG005,2025-11-10,Dropped,Fully Paid,14999
ENR0003659,STU013397,PRG001,2025-01-05,Completed,Fully Paid,24999
ENR0003660,STU013398,PRG010,2024-09-08,Dropped,Fully Paid,5999
ENR0003661,STU013404,PRG009,2025-12-31,Completed,Fully Paid,4999
ENR0003662,STU013407,PRG003,2025-07-31,Completed,Fully Paid,32999
ENR0003663,STU013416,PRG008,2024-12-08,Completed,Fully Paid,9999
ENR0003664,STU013419,PRG009,2025-01-28,Completed,Fully Paid,4999
ENR0003665,STU013420,PRG001,2025-01-27,Completed,Partially Paid,13381
ENR0003666,STU013446,PRG012,2025-04-30,Completed,Fully Paid,21999
ENR0003667,STU013448,PRG002,2025-02-15,Completed,Fully Paid,19999
ENR0003668,STU013457,PRG006,2025-12-11,Completed,Fully Paid,12999
ENR0003669,STU013458,PRG003,2024-07-31,Completed,Fully Paid,32999
ENR0003670,STU013463,PRG011,2025-07-20,Completed,Pending,0
ENR0003671,STU013464,PRG005,2024-03-11,Dropped,Fully Paid,14999
ENR0003672,STU013466,PRG009,2025-02-12,Completed,Fully Paid,4999
ENR0003673,STU013472,PRG011,2025-03-30,Completed,Fully Paid,3999
ENR0003674,STU013474,PRG001,2025-04-23,Completed,Partially Paid,13965
ENR0003675,STU013477,PRG009,2024-07-18,Completed,Fully Paid,4999
ENR0003676,STU013478,PRG002,2024-02-19,In Progress,Pending,0
ENR0003677,STU013480,PRG002,2024-11-10,Completed,Fully Paid,19999
ENR0003678,STU013487,PRG002,2024-02-01,Completed,Fully Paid,19999
ENR0003679,STU013501,PRG010,2025-09-04,Completed,Fully Paid,5999
ENR0003680,STU013502,PRG010,2025-12-18,Completed,Fully Paid,5999
ENR0003681,STU013507,PRG010,2024-03-12,Completed,Fully Paid,5999
ENR0003682,STU013508,PRG003,2024-07-17,Completed,Partially Paid,14585
ENR0003683,STU013510,PRG005,2024-03-09,Completed,Fully Paid,14999
ENR0003684,STU013511,PRG001,2025-12-21,Completed,Fully Paid,24999
ENR0003685,STU013532,PRG006,2025-12-31,Completed,Fully Paid,12999
ENR0003686,STU013541,PRG009,2025-09-12,Completed,Fully Paid,4999
ENR0003687,STU013542,PRG010,2025-07-11,Completed,Partially Paid,3019
ENR0003688,STU013546,PRG009,2025-02-13,Completed,Partially Paid,2488
ENR0003689,STU013547,PRG002,2025-01-06,Completed,Partially Paid,7463
ENR0003690,STU013551,PRG003,2025-05-02,Completed,Partially Paid,16765
ENR0003691,STU013554,PRG010,2024-12-24,Dropped,Fully Paid,5999
ENR0003692,STU013560,PRG003,2025-10-05,Completed,Fully Paid,32999
ENR0003693,STU013569,PRG002,2025-06-26,Completed,Partially Paid,13410
ENR0003694,STU013570,PRG012,2025-10-12,Completed,Fully Paid,21999
ENR0003695,STU013574,PRG004,2025-11-16,Completed,Fully Paid,27999
ENR0003696,STU013575,PRG010,2024-08-27,In Progress,Partially Paid,1883
ENR0003697,STU013580,PRG005,2025-10-22,Completed,Partially Paid,5636
ENR0003698,STU013582,PRG009,2024-08-20,Completed,Fully Paid,4999
ENR0003699,STU013592,PRG008,2024-10-03,Completed,Fully Paid,9999
ENR0003700,STU013601,PRG004,2025-07-22,Dropped,Refunded,0
ENR0003701,STU013602,PRG003,2025-12-03,Completed,Fully Paid,32999
ENR0003702,STU013604,PRG003,2025-03-30,Completed,Fully Paid,32999
ENR0003703,STU013614,PRG004,2024-12-20,Completed,Pending,0
ENR0003704,STU013615,PRG003,2025-10-01,Completed,Fully Paid,32999
ENR0003705,STU013620,PRG011,2024-05-28,Completed,Fully Paid,3999
ENR0003706,STU013623,PRG006,2024-10-25,Completed,Partially Paid,4383
ENR0003707,STU013635,PRG005,2024-06-17,Completed,Fully Paid,14999
ENR0003708,STU013640,PRG004,2025-03-23,Completed,Fully Paid,27999
ENR0003709,STU013645,PRG007,2024-06-10,Completed,Fully Paid,17999
ENR0003710,STU013649,PRG009,2025-12-31,Dropped,Fully Paid,4999
ENR0003711,STU013654,PRG002,2024-08-26,Completed,Fully Paid,19999
ENR0003712,STU013661,PRG009,2024-04-11,Completed,Fully Paid,4999
ENR0003713,STU013663,PRG011,2024-06-24,Completed,Fully Paid,3999
ENR0003714,STU013665,PRG009,2025-01-10,Completed,Fully Paid,4999
ENR0003715,STU013671,PRG002,2025-10-13,Completed,Fully Paid,19999
ENR0003716,STU013687,PRG004,2024-03-10,Completed,Fully Paid,27999
ENR0003717,STU013689,PRG006,2024-08-13,Dropped,Fully Paid,12999
ENR0003718,STU013691,PRG009,2025-05-20,Completed,Fully Paid,4999
ENR0003719,STU013696,PRG008,2024-04-19,Completed,Fully Paid,9999
ENR0003720,STU013702,PRG006,2025-08-01,Completed,Pending,0
ENR0003721,STU013708,PRG010,2024-03-28,Completed,Fully Paid,5999
ENR0003722,STU013709,PRG005,2025-11-30,Completed,Fully Paid,14999
ENR0003723,STU013714,PRG001,2024-10-07,Completed,Fully Paid,24999
ENR0003724,STU013715,PRG002,2024-06-28,Completed,Fully Paid,19999
ENR0003725,STU013717,PRG001,2025-10-27,Completed,Fully Paid,24999
ENR0003726,STU013729,PRG002,2024-10-14,Completed,Fully Paid,19999
ENR0003727,STU013732,PRG005,2025-04-30,Completed,Fully Paid,14999
ENR0003728,STU013734,PRG010,2024-08-02,Completed,Partially Paid,2122
ENR0003729,STU013740,PRG003,2025-08-18,Completed,Refunded,0
ENR0003730,STU013744,PRG009,2025-05-05,Completed,Refunded,0
ENR0003731,STU013745,PRG012,2024-10-07,Completed,Fully Paid,21999
ENR0003732,STU013748,PRG006,2024-04-12,Completed,Fully Paid,12999
ENR0003733,STU013750,PRG002,2025-05-13,Completed,Fully Paid,19999
ENR0003734,STU013752,PRG012,2025-12-31,Completed,Fully Paid,21999
ENR0003735,STU013754,PRG004,2025-06-08,Completed,Fully Paid,27999
ENR0003736,STU013756,PRG010,2024-09-18,Completed,Fully Paid,5999
ENR0003737,STU013758,PRG001,2024-11-22,Completed,Fully Paid,24999
ENR0003738,STU013759,PRG010,2025-03-09,Dropped,Fully Paid,5999
ENR0003739,STU013762,PRG003,2024-10-07,Completed,Fully Paid,32999
ENR0003740,STU013763,PRG011,2024-12-19,Completed,Fully Paid,3999
ENR0003741,STU013771,PRG008,2024-06-23,Completed,Fully Paid,9999
ENR0003742,STU013772,PRG001,2024-10-22,In Progress,Fully Paid,24999
ENR0003743,STU013773,PRG010,2025-03-14,In Progress,Fully Paid,5999
ENR0003744,STU013775,PRG010,2024-06-24,Dropped,Fully Paid,5999
ENR0003745,STU013784,PRG002,2024-08-26,Completed,Refunded,0
ENR0003746,STU013785,PRG007,2025-08-03,Completed,Fully Paid,17999
ENR0003747,STU013786,PRG003,2024-08-07,Completed,Fully Paid,32999
ENR0003748,STU013787,PRG007,2024-11-11,Completed,Fully Paid,17999
ENR0003749,STU013788,PRG009,2025-05-26,Completed,Fully Paid,4999
ENR0003750,STU013791,PRG010,2024-07-15,Completed,Fully Paid,5999
ENR0003751,STU013793,PRG006,2025-12-03,Completed,Partially Paid,8907
ENR0003752,STU013795,PRG004,2025-12-31,Dropped,Refunded,0
ENR0003753,STU013797,PRG004,2025-12-18,Completed,Pending,0
ENR0003754,STU013799,PRG009,2025-05-13,Dropped,Fully Paid,4999
ENR0003755,STU013804,PRG004,2024-06-22,Dropped,Fully Paid,27999
ENR0003756,STU013806,PRG002,2024-03-23,Completed,Fully Paid,19999
ENR0003757,STU013807,PRG010,2025-07-06,Completed,Fully Paid,5999
ENR0003758,STU013810,PRG002,2025-11-01,In Progress,Fully Paid,19999
ENR0003759,STU013812,PRG011,2025-01-22,Completed,Fully Paid,3999
ENR0003760,STU013813,PRG005,2025-11-22,In Progress,Partially Paid,8696
ENR0003761,STU013817,PRG009,2024-08-31,Completed,Fully Paid,4999
ENR0003762,STU013818,PRG006,2024-09-28,Dropped,Fully Paid,12999
ENR0003763,STU013820,PRG008,2025-06-14,Completed,Partially Paid,5026
ENR0003764,STU013827,PRG003,2025-12-31,Dropped,Fully Paid,32999
ENR0003765,STU013835,PRG010,2024-02-27,Dropped,Partially Paid,2245
ENR0003766,STU013839,PRG011,2024-03-20,Completed,Fully Paid,3999
ENR0003767,STU013844,PRG010,2024-12-26,Completed,Fully Paid,5999
ENR0003768,STU013850,PRG006,2025-07-19,Dropped,Fully Paid,12999
ENR0003769,STU013854,PRG008,2025-07-29,Completed,Fully Paid,9999
ENR0003770,STU013857,PRG007,2025-05-24,Completed,Partially Paid,11558
ENR0003771,STU013859,PRG005,2024-02-22,Completed,Fully Paid,14999
ENR0003772,STU013861,PRG011,2025-09-06,Completed,Pending,0
ENR0003773,STU013862,PRG002,2025-09-06,Completed,Fully Paid,19999
ENR0003774,STU013867,PRG001,2025-04-05,Completed,Fully Paid,24999
ENR0003775,STU013868,PRG003,2024-09-17,Completed,Fully Paid,32999
ENR0003776,STU013870,PRG012,2024-06-30,In Progress,Fully Paid,21999
ENR0003777,STU013878,PRG003,2025-05-22,Completed,Fully Paid,32999
ENR0003778,STU013879,PRG005,2025-09-01,Completed,Fully Paid,14999
ENR0003779,STU013883,PRG005,2024-06-04,Completed,Fully Paid,14999
ENR0003780,STU013890,PRG006,2025-10-27,Completed,Fully Paid,12999
ENR0003781,STU013891,PRG006,2024-06-07,Completed,Fully Paid,12999
ENR0003782,STU013892,PRG004,2024-07-14,Completed,Fully Paid,27999
ENR0003783,STU013897,PRG011,2025-01-28,Completed,Fully Paid,3999
ENR0003784,STU013902,PRG006,2025-07-13,Completed,Fully Paid,12999
ENR0003785,STU013908,PRG002,2025-10-07,Completed,Partially Paid,9424
ENR0003786,STU013911,PRG002,2025-08-24,Completed,Partially Paid,13578
ENR0003787,STU013917,PRG004,2025-02-08,Completed,Refunded,0
ENR0003788,STU013923,PRG008,2024-02-21,Completed,Fully Paid,9999
ENR0003789,STU013929,PRG011,2025-10-08,Completed,Fully Paid,3999
ENR0003790,STU013930,PRG010,2025-12-31,Completed,Fully Paid,5999
ENR0003791,STU013931,PRG004,2024-03-17,Completed,Fully Paid,27999
ENR0003792,STU013932,PRG001,2024-01-23,Completed,Fully Paid,24999
ENR0003793,STU013934,PRG010,2024-11-15,Dropped,Fully Paid,5999
ENR0003794,STU013937,PRG005,2025-03-13,Completed,Fully Paid,14999
ENR0003795,STU013938,PRG001,2025-03-21,Dropped,Fully Paid,24999
ENR0003796,STU013940,PRG005,2024-07-23,Completed,Fully Paid,14999
ENR0003797,STU013943,PRG011,2024-09-21,Completed,Partially Paid,2744
ENR0003798,STU013946,PRG009,2024-03-26,Dropped,Fully Paid,4999
ENR0003799,STU013947,PRG002,2024-08-14,Completed,Fully Paid,19999
ENR0003800,STU013951,PRG002,2025-07-22,Completed,Fully Paid,19999
ENR0003801,STU013954,PRG005,2024-10-01,Completed,Pending,0
ENR0003802,STU013965,PRG010,2025-08-31,Completed,Fully Paid,5999
ENR0003803,STU013970,PRG002,2024-07-16,Completed,Fully Paid,19999
ENR0003804,STU013974,PRG006,2025-09-19,Dropped,Fully Paid,12999
ENR0003805,STU013975,PRG009,2024-07-19,Dropped,Fully Paid,4999
ENR0003806,STU013976,PRG001,2025-09-02,Completed,Refunded,0
ENR0003807,STU013977,PRG001,2025-07-07,Completed,Fully Paid,24999
ENR0003808,STU013980,PRG001,2025-12-16,Dropped,Fully Paid,24999
ENR0003809,STU013983,PRG006,2025-02-20,Completed,Fully Paid,12999
ENR0003810,STU013985,PRG001,2025-07-31,Completed,Fully Paid,24999
ENR0003811,STU013986,PRG007,2025-08-20,Completed,Fully Paid,17999
ENR0003812,STU013991,PRG001,2024-09-05,Completed,Fully Paid,24999
ENR0003813,STU013999,PRG004,2024-06-25,Completed,Partially Paid,10827
ENR0003814,STU014000,PRG011,2025-04-16,Completed,Partially Paid,1622
ENR0003815,STU014001,PRG010,2025-10-04,In Progress,Fully Paid,5999
ENR0003816,STU014005,PRG009,2024-09-08,Completed,Fully Paid,4999
ENR0003817,STU014007,PRG005,2025-07-18,Completed,Fully Paid,14999
ENR0003818,STU014009,PRG005,2024-07-22,In Progress,Fully Paid,14999
ENR0003819,STU014012,PRG006,2024-03-30,Completed,Fully Paid,12999
ENR0003820,STU014014,PRG011,2025-05-25,Completed,Fully Paid,3999
ENR0003821,STU014015,PRG009,2025-07-23,Completed,Fully Paid,4999
ENR0003822,STU014018,PRG004,2025-04-04,Completed,Partially Paid,13684
ENR0003823,STU014020,PRG010,2025-11-10,Completed,Fully Paid,5999
ENR0003824,STU014023,PRG004,2024-08-14,Completed,Fully Paid,27999
ENR0003825,STU014027,PRG006,2024-07-09,Completed,Fully Paid,12999
ENR0003826,STU014032,PRG009,2025-10-17,Completed,Partially Paid,1512
ENR0003827,STU014033,PRG004,2025-09-18,Completed,Fully Paid,27999
ENR0003828,STU014041,PRG012,2025-12-18,Completed,Fully Paid,21999
ENR0003829,STU014045,PRG001,2024-10-07,Completed,Partially Paid,8867
ENR0003830,STU014046,PRG005,2025-08-28,Completed,Fully Paid,14999
ENR0003831,STU014054,PRG004,2025-04-04,Dropped,Fully Paid,27999
ENR0003832,STU014057,PRG005,2025-12-20,In Progress,Fully Paid,14999
ENR0003833,STU014061,PRG005,2025-03-06,Completed,Fully Paid,14999
ENR0003834,STU014064,PRG009,2024-05-11,Completed,Fully Paid,4999
ENR0003835,STU014066,PRG005,2025-07-31,Completed,Fully Paid,14999
ENR0003836,STU014067,PRG002,2024-12-15,Completed,Pending,0
ENR0003837,STU014077,PRG010,2024-11-24,Completed,Partially Paid,2361
ENR0003838,STU014079,PRG002,2025-10-16,Completed,Fully Paid,19999
ENR0003839,STU014080,PRG001,2025-05-05,Completed,Pending,0
ENR0003840,STU014087,PRG011,2025-04-20,Completed,Fully Paid,3999
ENR0003841,STU014089,PRG009,2024-07-28,Completed,Fully Paid,4999
ENR0003842,STU014092,PRG005,2025-06-15,Completed,Fully Paid,14999
ENR0003843,STU014093,PRG007,2025-01-11,Completed,Fully Paid,17999
ENR0003844,STU014108,PRG007,2025-06-01,Completed,Fully Paid,17999
ENR0003845,STU014109,PRG002,2025-04-10,Completed,Fully Paid,19999
ENR0003846,STU014110,PRG009,2025-01-18,Completed,Fully Paid,4999
ENR0003847,STU014112,PRG006,2025-10-09,Completed,Pending,0
ENR0003848,STU014114,PRG009,2025-01-01,Completed,Pending,0
ENR0003849,STU014115,PRG001,2025-03-15,Completed,Fully Paid,24999
ENR0003850,STU014118,PRG004,2025-09-06,Dropped,Partially Paid,17913
ENR0003851,STU014119,PRG002,2025-08-15,Completed,Fully Paid,19999
ENR0003852,STU014124,PRG001,2025-07-15,Completed,Fully Paid,24999
ENR0003853,STU014128,PRG001,2025-01-02,Completed,Fully Paid,24999
ENR0003854,STU014139,PRG005,2025-12-04,Completed,Fully Paid,14999
ENR0003855,STU014147,PRG009,2025-08-25,Completed,Pending,0
ENR0003856,STU014152,PRG012,2025-08-02,Completed,Fully Paid,21999
ENR0003857,STU014155,PRG001,2025-07-16,Dropped,Partially Paid,13807
ENR0003858,STU014157,PRG010,2025-08-05,Dropped,Fully Paid,5999
ENR0003859,STU014162,PRG005,2025-02-21,Dropped,Fully Paid,14999
ENR0003860,STU014166,PRG009,2025-11-21,Dropped,Fully Paid,4999
ENR0003861,STU014168,PRG001,2025-03-09,Completed,Fully Paid,24999
ENR0003862,STU014171,PRG005,2025-12-31,Completed,Fully Paid,14999
ENR0003863,STU014172,PRG010,2025-08-21,Completed,Fully Paid,5999
ENR0003864,STU014173,PRG009,2025-08-26,Completed,Fully Paid,4999
ENR0003865,STU014176,PRG003,2025-08-04,Completed,Fully Paid,32999
ENR0003866,STU014198,PRG005,2025-09-12,Completed,Fully Paid,14999
ENR0003867,STU014200,PRG001,2025-09-09,Dropped,Fully Paid,24999
ENR0003868,STU014202,PRG012,2024-08-18,Completed,Fully Paid,21999
ENR0003869,STU014203,PRG001,2025-01-28,Completed,Fully Paid,24999
ENR0003870,STU014206,PRG005,2025-12-29,Completed,Fully Paid,14999
ENR0003871,STU014209,PRG005,2025-06-29,Completed,Partially Paid,4616
ENR0003872,STU014210,PRG003,2025-06-12,Completed,Partially Paid,23095
ENR0003873,STU014221,PRG008,2025-05-23,Dropped,Fully Paid,9999
ENR0003874,STU014230,PRG009,2024-10-26,Completed,Fully Paid,4999
ENR0003875,STU014232,PRG002,2024-06-29,Completed,Partially Paid,7340
ENR0003876,STU014235,PRG011,2025-03-08,Completed,Fully Paid,3999
ENR0003877,STU014237,PRG005,2025-11-08,Completed,Fully Paid,14999
ENR0003878,STU014243,PRG007,2024-09-22,Completed,Partially Paid,11748
ENR0003879,STU014244,PRG011,2025-09-07,In Progress,Fully Paid,3999
ENR0003880,STU014246,PRG007,2025-07-07,Completed,Pending,0
ENR0003881,STU014251,PRG009,2025-08-19,Completed,Fully Paid,4999
ENR0003882,STU014259,PRG008,2024-11-11,In Progress,Fully Paid,9999
ENR0003883,STU014271,PRG011,2025-09-16,Completed,Partially Paid,1927
ENR0003884,STU014272,PRG009,2025-04-23,Completed,Partially Paid,2065
ENR0003885,STU014275,PRG007,2025-06-01,Dropped,Fully Paid,17999
ENR0003886,STU014276,PRG011,2025-08-10,Completed,Partially Paid,1742
ENR0003887,STU014280,PRG008,2025-02-27,Completed,Partially Paid,3927
ENR0003888,STU014282,PRG011,2025-07-31,Completed,Fully Paid,3999
ENR0003889,STU014286,PRG006,2025-01-24,Completed,Fully Paid,12999
ENR0003890,STU014292,PRG001,2024-04-20,Completed,Fully Paid,24999
ENR0003891,STU014295,PRG002,2025-10-10,Completed,Fully Paid,19999
ENR0003892,STU014300,PRG005,2024-02-06,Completed,Fully Paid,14999
ENR0003893,STU014304,PRG003,2025-01-27,Completed,Refunded,0
ENR0003894,STU014307,PRG004,2024-06-29,Completed,Fully Paid,27999
ENR0003895,STU014318,PRG011,2024-03-28,Completed,Refunded,0
ENR0003896,STU014319,PRG008,2025-05-06,Completed,Fully Paid,9999
ENR0003897,STU014320,PRG011,2025-08-26,Completed,Partially Paid,1761
ENR0003898,STU014321,PRG005,2025-01-08,Completed,Fully Paid,14999
ENR0003899,STU014323,PRG010,2025-12-21,In Progress,Fully Paid,5999
ENR0003900,STU014324,PRG005,2024-10-16,Completed,Partially Paid,7497
ENR0003901,STU014338,PRG010,2025-01-22,Completed,Fully Paid,5999
ENR0003902,STU014339,PRG009,2024-04-15,Completed,Fully Paid,4999
ENR0003903,STU014343,PRG004,2025-05-27,In Progress,Partially Paid,18523
ENR0003904,STU014347,PRG004,2024-10-27,Completed,Fully Paid,27999
ENR0003905,STU014350,PRG001,2025-03-19,Completed,Fully Paid,24999
ENR0003906,STU014353,PRG011,2024-07-17,Completed,Fully Paid,3999
ENR0003907,STU014356,PRG004,2024-12-17,Completed,Fully Paid,27999
ENR0003908,STU014358,PRG010,2025-08-31,Completed,Fully Paid,5999
ENR0003909,STU014361,PRG003,2025-01-14,In Progress,Fully Paid,32999
ENR0003910,STU014363,PRG001,2025-11-20,Completed,Pending,0
ENR0003911,STU014366,PRG010,2025-08-14,Completed,Fully Paid,5999
ENR0003912,STU014375,PRG002,2025-02-22,Completed,Refunded,0
ENR0003913,STU014377,PRG002,2025-07-14,Completed,Fully Paid,19999
ENR0003914,STU014382,PRG001,2025-10-04,Completed,Fully Paid,24999
ENR0003915,STU014388,PRG010,2025-06-10,In Progress,Fully Paid,5999
ENR0003916,STU014401,PRG011,2025-01-22,Completed,Fully Paid,3999
ENR0003917,STU014406,PRG007,2025-10-18,Completed,Pending,0
ENR0003918,STU014410,PRG001,2025-09-08,Completed,Fully Paid,24999
ENR0003919,STU014416,PRG002,2024-07-07,Completed,Pending,0
ENR0003920,STU014431,PRG004,2025-09-26,Completed,Pending,0
ENR0003921,STU014433,PRG010,2025-12-24,Dropped,Partially Paid,2868
ENR0003922,STU014441,PRG008,2024-09-07,Completed,Partially Paid,4885
ENR0003923,STU014445,PRG010,2025-08-13,Dropped,Partially Paid,3364
ENR0003924,STU014447,PRG007,2024-05-24,Completed,Refunded,0
ENR0003925,STU014453,PRG010,2025-11-07,In Progress,Partially Paid,3468
ENR0003926,STU014460,PRG006,2024-05-08,Completed,Partially Paid,5726
ENR0003927,STU014464,PRG004,2025-03-10,Completed,Fully Paid,27999
ENR0003928,STU014465,PRG001,2025-03-16,In Progress,Fully Paid,24999
ENR0003929,STU014467,PRG010,2024-09-17,Completed,Fully Paid,5999
ENR0003930,STU014468,PRG001,2025-12-30,Completed,Pending,0
ENR0003931,STU014475,PRG010,2024-06-06,Completed,Fully Paid,5999
ENR0003932,STU014477,PRG005,2024-06-23,Completed,Fully Paid,14999
ENR0003933,STU014478,PRG010,2024-02-16,Completed,Fully Paid,5999
ENR0003934,STU014481,PRG007,2025-12-31,Dropped,Fully Paid,17999
ENR0003935,STU014483,PRG009,2025-10-29,Completed,Fully Paid,4999
ENR0003936,STU014484,PRG001,2025-06-09,Completed,Partially Paid,12733
ENR0003937,STU014488,PRG010,2025-06-18,Completed,Fully Paid,5999
ENR0003938,STU014491,PRG001,2025-05-25,Dropped,Pending,0
ENR0003939,STU014494,PRG008,2024-01-25,In Progress,Fully Paid,9999
ENR0003940,STU014498,PRG011,2024-10-29,Completed,Fully Paid,3999
ENR0003941,STU014499,PRG001,2024-07-01,Dropped,Fully Paid,24999
ENR0003942,STU014500,PRG010,2024-06-08,In Progress,Partially Paid,2877
ENR0003943,STU014503,PRG011,2024-06-24,Completed,Fully Paid,3999
ENR0003944,STU014506,PRG011,2025-08-16,Completed,Fully Paid,3999
ENR0003945,STU014508,PRG005,2024-07-30,Completed,Fully Paid,14999
ENR0003946,STU014511,PRG009,2024-04-01,Completed,Refunded,0
ENR0003947,STU014512,PRG003,2025-06-18,In Progress,Fully Paid,32999
ENR0003948,STU014517,PRG011,2024-08-12,Completed,Pending,0
ENR0003949,STU014518,PRG009,2024-03-29,Completed,Fully Paid,4999
ENR0003950,STU014521,PRG001,2024-12-10,Dropped,Fully Paid,24999
ENR0003951,STU014522,PRG009,2025-01-07,Dropped,Partially Paid,1977
ENR0003952,STU014526,PRG001,2025-01-25,Completed,Partially Paid,17198
ENR0003953,STU014528,PRG002,2025-04-30,Completed,Fully Paid,19999
ENR0003954,STU014537,PRG005,2025-12-31,In Progress,Fully Paid,14999
ENR0003955,STU014538,PRG002,2025-07-30,Completed,Partially Paid,9710
ENR0003956,STU014540,PRG001,2025-05-10,Completed,Partially Paid,17160
ENR0003957,STU014545,PRG011,2025-03-31,Completed,Pending,0
ENR0003958,STU014547,PRG002,2025-07-23,Completed,Fully Paid,19999
ENR0003959,STU014552,PRG010,2025-08-20,Completed,Fully Paid,5999
ENR0003960,STU014554,PRG004,2024-07-07,Completed,Fully Paid,27999
ENR0003961,STU014558,PRG001,2025-09-23,Completed,Fully Paid,24999
ENR0003962,STU014561,PRG004,2025-02-07,Dropped,Fully Paid,27999
ENR0003963,STU014576,PRG010,2025-10-15,Completed,Fully Paid,5999
ENR0003964,STU014577,PRG008,2024-08-29,Completed,Fully Paid,9999
ENR0003965,STU014579,PRG010,2025-07-24,In Progress,Fully Paid,5999
ENR0003966,STU014587,PRG002,2024-06-28,Completed,Fully Paid,19999
ENR0003967,STU014593,PRG009,2024-03-11,Completed,Partially Paid,3489
ENR0003968,STU014595,PRG001,2025-12-31,Completed,Fully Paid,24999
ENR0003969,STU014603,PRG009,2025-07-16,Completed,Fully Paid,4999
ENR0003970,STU014604,PRG006,2025-11-24,Completed,Fully Paid,12999
ENR0003971,STU014608,PRG003,2025-10-29,Completed,Fully Paid,32999
ENR0003972,STU014610,PRG001,2024-03-30,Completed,Fully Paid,24999
ENR0003973,STU014611,PRG001,2025-06-30,Completed,Fully Paid,24999
ENR0003974,STU014615,PRG005,2025-05-04,Completed,Fully Paid,14999
ENR0003975,STU014626,PRG003,2025-10-06,Dropped,Fully Paid,32999
ENR0003976,STU014629,PRG003,2025-07-23,Completed,Partially Paid,19213
ENR0003977,STU014630,PRG010,2024-03-10,Completed,Partially Paid,1920
ENR0003978,STU014631,PRG008,2025-08-03,Completed,Fully Paid,9999
ENR0003979,STU014633,PRG007,2025-03-30,Completed,Fully Paid,17999
ENR0003980,STU014639,PRG002,2024-08-16,Completed,Fully Paid,19999
ENR0003981,STU014640,PRG007,2024-08-09,Completed,Fully Paid,17999
ENR0003982,STU014642,PRG009,2024-03-22,Completed,Fully Paid,4999
ENR0003983,STU014646,PRG008,2025-10-14,Completed,Fully Paid,9999
ENR0003984,STU014647,PRG012,2025-07-07,Completed,Partially Paid,9297
ENR0003985,STU014655,PRG001,2025-07-10,In Progress,Fully Paid,24999
ENR0003986,STU014656,PRG010,2024-10-23,Dropped,Fully Paid,5999
ENR0003987,STU014657,PRG002,2025-12-31,Dropped,Fully Paid,19999
ENR0003988,STU014659,PRG002,2025-01-28,Completed,Fully Paid,19999
ENR0003989,STU014661,PRG009,2025-07-11,Completed,Refunded,0
ENR0003990,STU014671,PRG007,2025-01-06,Completed,Fully Paid,17999
ENR0003991,STU014673,PRG009,2025-10-23,Completed,Fully Paid,4999
ENR0003992,STU014678,PRG003,2025-09-10,In Progress,Fully Paid,32999
ENR0003993,STU014680,PRG010,2024-06-10,Completed,Fully Paid,5999
ENR0003994,STU014684,PRG009,2025-08-02,Completed,Fully Paid,4999
ENR0003995,STU014686,PRG009,2025-05-12,Dropped,Fully Paid,4999
ENR0003996,STU014690,PRG001,2025-10-19,Dropped,Fully Paid,24999
ENR0003997,STU014693,PRG011,2025-02-20,Completed,Fully Paid,3999
ENR0003998,STU014696,PRG003,2024-03-01,Completed,Partially Paid,20460
ENR0003999,STU014698,PRG003,2024-01-28,Completed,Fully Paid,32999
ENR0004000,STU014701,PRG009,2024-11-05,Completed,Fully Paid,4999
ENR0004001,STU014704,PRG003,2024-11-29,In Progress,Partially Paid,14025
ENR0004002,STU014705,PRG004,2025-04-05,Completed,Fully Paid,27999
ENR0004003,STU014708,PRG002,2024-07-01,Completed,Partially Paid,13720
ENR0004004,STU014709,PRG001,2025-07-22,Completed,Fully Paid,24999
ENR0004005,STU014710,PRG009,2024-02-08,Completed,Fully Paid,4999
ENR0004006,STU014711,PRG005,2024-06-16,Completed,Fully Paid,14999
ENR0004007,STU014717,PRG005,2025-07-18,Dropped,Fully Paid,14999
ENR0004008,STU014718,PRG011,2025-05-20,In Progress,Fully Paid,3999
ENR0004009,STU014722,PRG001,2025-09-26,Dropped,Partially Paid,11560
ENR0004010,STU014725,PRG010,2025-08-23,Completed,Fully Paid,5999
ENR0004011,STU014726,PRG002,2025-12-05,Completed,Fully Paid,19999
ENR0004012,STU014731,PRG005,2024-09-09,Completed,Fully Paid,14999
ENR0004013,STU014732,PRG002,2025-08-28,Completed,Fully Paid,19999
ENR0004014,STU014738,PRG005,2025-02-11,Completed,Fully Paid,14999
ENR0004015,STU014739,PRG004,2024-08-12,In Progress,Partially Paid,10013
ENR0004016,STU014741,PRG010,2024-12-30,Completed,Fully Paid,5999
ENR0004017,STU014742,PRG010,2024-10-16,Completed,Partially Paid,3624
ENR0004018,STU014751,PRG012,2025-03-17,Completed,Fully Paid,21999
ENR0004019,STU014755,PRG005,2024-06-22,Completed,Fully Paid,14999
ENR0004020,STU014757,PRG011,2025-06-26,Completed,Fully Paid,3999
ENR0004021,STU014760,PRG001,2025-03-14,Completed,Partially Paid,16263
ENR0004022,STU014763,PRG002,2024-09-25,Completed,Pending,0
ENR0004023,STU014766,PRG009,2024-02-07,Completed,Fully Paid,4999
ENR0004024,STU014767,PRG002,2025-09-29,Completed,Partially Paid,12163
ENR0004025,STU014770,PRG003,2024-03-21,Completed,Refunded,0
ENR0004026,STU014771,PRG002,2025-10-15,Completed,Pending,0
ENR0004027,STU014775,PRG010,2025-03-27,Completed,Fully Paid,5999
ENR0004028,STU014786,PRG006,2025-09-09,Completed,Fully Paid,12999
ENR0004029,STU014795,PRG002,2025-11-15,Dropped,Fully Paid,19999
ENR0004030,STU014798,PRG010,2025-07-26,Completed,Fully Paid,5999
ENR0004031,STU014799,PRG011,2025-09-13,Completed,Fully Paid,3999
ENR0004032,STU014809,PRG011,2024-06-24,Completed,Partially Paid,2047
ENR0004033,STU014810,PRG009,2024-06-07,Dropped,Fully Paid,4999
ENR0004034,STU014814,PRG008,2025-10-25,Completed,Fully Paid,9999
ENR0004035,STU014818,PRG001,2025-02-05,Completed,Pending,0
ENR0004036,STU014824,PRG005,2025-10-30,Completed,Fully Paid,14999
ENR0004037,STU014825,PRG002,2024-04-04,Completed,Fully Paid,19999
ENR0004038,STU014826,PRG004,2025-12-31,Completed,Fully Paid,27999
ENR0004039,STU014831,PRG003,2024-05-22,Completed,Fully Paid,32999
ENR0004040,STU014834,PRG002,2024-08-12,Completed,Refunded,0
ENR0004041,STU014840,PRG005,2024-11-15,Completed,Fully Paid,14999
ENR0004042,STU014853,PRG004,2024-09-21,Completed,Fully Paid,27999
ENR0004043,STU014854,PRG008,2025-01-08,Completed,Fully Paid,9999
ENR0004044,STU014855,PRG003,2025-09-13,Completed,Fully Paid,32999
ENR0004045,STU014860,PRG002,2025-03-13,Completed,Fully Paid,19999
ENR0004046,STU014862,PRG009,2024-09-27,Completed,Fully Paid,4999
ENR0004047,STU014865,PRG004,2025-08-13,Completed,Fully Paid,27999
ENR0004048,STU014867,PRG005,2024-08-09,Completed,Fully Paid,14999
ENR0004049,STU014873,PRG006,2025-08-13,Completed,Partially Paid,4232
ENR0004050,STU014876,PRG007,2025-05-29,Completed,Fully Paid,17999
ENR0004051,STU014888,PRG001,2025-07-15,Completed,Partially Paid,8609
ENR0004052,STU014892,PRG011,2025-10-12,Completed,Fully Paid,3999
ENR0004053,STU014893,PRG010,2025-04-26,Dropped,Pending,0
ENR0004054,STU014894,PRG002,2025-01-05,Completed,Fully Paid,19999
ENR0004055,STU014902,PRG009,2024-07-08,Completed,Refunded,0
ENR0004056,STU014903,PRG004,2025-04-06,Completed,Fully Paid,27999
ENR0004057,STU014909,PRG011,2025-09-17,Completed,Fully Paid,3999
ENR0004058,STU014916,PRG009,2024-09-24,Completed,Fully Paid,4999
ENR0004059,STU014918,PRG005,2024-07-21,Completed,Partially Paid,5895
ENR0004060,STU014919,PRG001,2025-10-11,Completed,Partially Paid,15016
ENR0004061,STU014920,PRG010,2025-08-20,Dropped,Fully Paid,5999
ENR0004062,STU014921,PRG008,2025-10-27,Completed,Fully Paid,9999
ENR0004063,STU014926,PRG001,2024-05-12,Completed,Refunded,0
ENR0004064,STU014927,PRG004,2025-12-31,Completed,Fully Paid,27999
ENR0004065,STU014929,PRG005,2024-04-28,Completed,Fully Paid,14999
ENR0004066,STU014930,PRG011,2025-06-18,Completed,Partially Paid,1827
ENR0004067,STU014933,PRG003,2025-12-17,Completed,Refunded,0
ENR0004068,STU014938,PRG010,2025-07-11,Completed,Fully Paid,5999
ENR0004069,STU014941,PRG009,2024-05-13,Completed,Pending,0
ENR0004070,STU014944,PRG011,2024-06-23,Completed,Partially Paid,1344
ENR0004071,STU014946,PRG010,2025-05-21,Completed,Pending,0
ENR0004072,STU014947,PRG002,2025-11-01,Completed,Fully Paid,19999
ENR0004073,STU014954,PRG002,2025-08-19,Completed,Fully Paid,19999
ENR0004074,STU014956,PRG005,2025-12-11,Completed,Fully Paid,14999
ENR0004075,STU014958,PRG002,2025-12-23,Completed,Pending,0
ENR0004076,STU014962,PRG001,2024-06-17,Completed,Fully Paid,24999
ENR0004077,STU014966,PRG001,2025-12-31,Completed,Fully Paid,24999
ENR0004078,STU014972,PRG005,2024-06-06,Dropped,Pending,0
ENR0004079,STU014977,PRG010,2024-08-26,Completed,Fully Paid,5999
ENR0004080,STU014990,PRG009,2024-02-21,Completed,Pending,0
ENR0004081,STU014996,PRG004,2025-11-25,Completed,Fully Paid,27999
ENR0004082,STU015001,PRG009,2025-11-05,Completed,Fully Paid,4999
ENR0004083,STU015002,PRG009,2024-06-08,Completed,Refunded,0
ENR0004084,STU015003,PRG010,2024-10-09,Dropped,Fully Paid,5999
ENR0004085,STU015006,PRG006,2025-12-07,Completed,Fully Paid,12999
ENR0004086,STU015007,PRG002,2024-09-04,Completed,Fully Paid,19999
ENR0004087,STU015010,PRG007,2025-10-04,In Progress,Fully Paid,17999
ENR0004088,STU015014,PRG005,2024-01-24,Completed,Fully Paid,14999
ENR0004089,STU015023,PRG004,2025-12-31,In Progress,Fully Paid,27999
ENR0004090,STU015028,PRG009,2024-06-13,Completed,Fully Paid,4999
ENR0004091,STU015032,PRG009,2024-07-11,Completed,Fully Paid,4999
ENR0004092,STU015038,PRG006,2025-10-02,Completed,Fully Paid,12999
ENR0004093,STU015046,PRG002,2024-02-12,In Progress,Fully Paid,19999
ENR0004094,STU015052,PRG002,2025-01-14,Completed,Fully Paid,19999
ENR0004095,STU015055,PRG002,2025-12-31,Completed,Partially Paid,11071
ENR0004096,STU015060,PRG009,2025-01-19,Completed,Fully Paid,4999
ENR0004097,STU015062,PRG009,2025-06-11,Completed,Fully Paid,4999
ENR0004098,STU015072,PRG003,2024-10-04,Completed,Fully Paid,32999
ENR0004099,STU015077,PRG002,2025-06-27,Completed,Partially Paid,13110
ENR0004100,STU015082,PRG008,2025-12-31,Dropped,Fully Paid,9999
ENR0004101,STU015084,PRG003,2024-08-29,Completed,Fully Paid,32999
ENR0004102,STU015087,PRG001,2024-06-14,Dropped,Fully Paid,24999
ENR0004103,STU015089,PRG010,2025-12-31,Completed,Partially Paid,1988
ENR0004104,STU015093,PRG008,2024-03-18,Completed,Fully Paid,9999
ENR0004105,STU015100,PRG006,2025-01-31,Completed,Fully Paid,12999
ENR0004106,STU015106,PRG007,2024-07-26,Completed,Fully Paid,17999
ENR0004107,STU015111,PRG009,2025-07-19,Completed,Fully Paid,4999
ENR0004108,STU015116,PRG002,2024-03-02,Completed,Partially Paid,6962
ENR0004109,STU015118,PRG010,2025-10-18,Completed,Fully Paid,5999
ENR0004110,STU015122,PRG001,2025-02-14,Completed,Partially Paid,17362
ENR0004111,STU015125,PRG002,2024-02-02,Completed,Partially Paid,6644
ENR0004112,STU015127,PRG010,2025-11-18,Completed,Fully Paid,5999
ENR0004113,STU015128,PRG001,2024-08-08,Completed,Partially Paid,8786
ENR0004114,STU015133,PRG004,2025-04-28,Completed,Partially Paid,14664
ENR0004115,STU015134,PRG001,2025-11-28,Dropped,Fully Paid,24999
ENR0004116,STU015138,PRG010,2025-03-15,Completed,Fully Paid,5999
ENR0004117,STU015140,PRG002,2025-02-09,Completed,Fully Paid,19999
ENR0004118,STU015143,PRG008,2025-01-30,Completed,Fully Paid,9999
ENR0004119,STU015145,PRG001,2025-12-31,Dropped,Partially Paid,15969
ENR0004120,STU015147,PRG002,2025-12-31,Completed,Refunded,0
ENR0004121,STU015159,PRG009,2024-12-06,Dropped,Partially Paid,2932
ENR0004122,STU015164,PRG004,2024-09-02,Completed,Fully Paid,27999
ENR0004123,STU015168,PRG001,2025-04-10,Completed,Fully Paid,24999
ENR0004124,STU015170,PRG002,2025-06-27,Completed,Fully Paid,19999
ENR0004125,STU015173,PRG010,2025-03-17,Completed,Fully Paid,5999
ENR0004126,STU015175,PRG006,2024-11-02,Completed,Fully Paid,12999
ENR0004127,STU015176,PRG010,2025-07-03,Dropped,Fully Paid,5999
ENR0004128,STU015177,PRG004,2025-05-27,Completed,Fully Paid,27999
ENR0004129,STU015179,PRG011,2024-04-26,Completed,Fully Paid,3999
ENR0004130,STU015183,PRG008,2024-02-11,Completed,Fully Paid,9999
ENR0004131,STU015187,PRG010,2025-09-24,Completed,Pending,0
ENR0004132,STU015188,PRG010,2025-06-03,Completed,Fully Paid,5999
ENR0004133,STU015191,PRG008,2024-04-01,Dropped,Fully Paid,9999
ENR0004134,STU015193,PRG010,2025-06-13,In Progress,Fully Paid,5999
ENR0004135,STU015203,PRG010,2024-11-30,Completed,Pending,0
ENR0004136,STU015204,PRG008,2024-07-17,Completed,Fully Paid,9999
ENR0004137,STU015208,PRG001,2024-06-11,Completed,Fully Paid,24999
ENR0004138,STU015210,PRG009,2024-02-16,Completed,Fully Paid,4999
ENR0004139,STU015211,PRG001,2024-10-07,Completed,Fully Paid,24999
ENR0004140,STU015212,PRG005,2025-09-30,Dropped,Partially Paid,7523
ENR0004141,STU015214,PRG001,2025-09-19,Completed,Partially Paid,9183
ENR0004142,STU015215,PRG001,2024-12-12,Completed,Fully Paid,24999
ENR0004143,STU015216,PRG001,2024-01-08,Dropped,Fully Paid,24999
ENR0004144,STU015218,PRG008,2025-12-31,Completed,Fully Paid,9999
ENR0004145,STU015224,PRG005,2024-03-11,Completed,Fully Paid,14999
ENR0004146,STU015230,PRG001,2024-08-24,Completed,Fully Paid,24999
ENR0004147,STU015231,PRG001,2025-08-07,Dropped,Fully Paid,24999
ENR0004148,STU015233,PRG007,2024-02-11,Completed,Fully Paid,17999
ENR0004149,STU015235,PRG005,2025-06-10,Completed,Refunded,0
ENR0004150,STU015244,PRG003,2025-12-12,In Progress,Pending,0
ENR0004151,STU015247,PRG003,2024-11-17,Completed,Fully Paid,32999
ENR0004152,STU015253,PRG007,2025-12-12,Completed,Fully Paid,17999
ENR0004153,STU015255,PRG006,2025-06-16,Completed,Partially Paid,5410
ENR0004154,STU015257,PRG006,2025-06-04,In Progress,Fully Paid,12999
ENR0004155,STU015258,PRG001,2025-07-29,Completed,Fully Paid,24999
ENR0004156,STU015259,PRG010,2024-07-08,Completed,Partially Paid,2767
ENR0004157,STU015260,PRG001,2025-01-04,Dropped,Fully Paid,24999
ENR0004158,STU015264,PRG010,2025-01-11,In Progress,Fully Paid,5999
ENR0004159,STU015266,PRG007,2025-01-27,Completed,Partially Paid,11464
ENR0004160,STU015269,PRG009,2024-10-10,Completed,Fully Paid,4999
ENR0004161,STU015272,PRG001,2025-05-13,Completed,Fully Paid,24999
ENR0004162,STU015280,PRG003,2025-09-09,Dropped,Fully Paid,32999
ENR0004163,STU015281,PRG004,2025-08-21,Completed,Fully Paid,27999
ENR0004164,STU015283,PRG009,2025-05-11,Completed,Partially Paid,3120
ENR0004165,STU015287,PRG003,2025-10-12,Completed,Fully Paid,32999
ENR0004166,STU015289,PRG012,2025-08-12,Completed,Partially Paid,8948
ENR0004167,STU015290,PRG001,2025-02-15,Completed,Fully Paid,24999
ENR0004168,STU015294,PRG005,2025-11-01,Completed,Partially Paid,9115
ENR0004169,STU015296,PRG009,2024-07-31,Completed,Fully Paid,4999
ENR0004170,STU015297,PRG001,2024-06-11,Completed,Fully Paid,24999
ENR0004171,STU015298,PRG005,2025-07-27,Completed,Fully Paid,14999
ENR0004172,STU015300,PRG009,2024-06-20,Completed,Partially Paid,1886
ENR0004173,STU015303,PRG007,2024-09-26,In Progress,Partially Paid,7960
ENR0004174,STU015305,PRG006,2025-06-20,Completed,Fully Paid,12999
ENR0004175,STU015307,PRG009,2024-07-29,Completed,Fully Paid,4999
ENR0004176,STU015312,PRG005,2024-08-13,Completed,Fully Paid,14999
ENR0004177,STU015316,PRG012,2024-11-10,Completed,Fully Paid,21999
ENR0004178,STU015320,PRG001,2025-08-17,In Progress,Pending,0
ENR0004179,STU015328,PRG005,2025-08-13,Completed,Fully Paid,14999
ENR0004180,STU015339,PRG003,2025-11-06,Completed,Fully Paid,32999
ENR0004181,STU015345,PRG009,2024-02-09,Completed,Fully Paid,4999
ENR0004182,STU015346,PRG009,2025-04-01,Completed,Fully Paid,4999
ENR0004183,STU015349,PRG007,2025-10-07,Completed,Fully Paid,17999
ENR0004184,STU015352,PRG010,2024-12-24,Completed,Fully Paid,5999
ENR0004185,STU015357,PRG001,2025-02-16,Completed,Fully Paid,24999
ENR0004186,STU015358,PRG012,2024-04-11,Completed,Fully Paid,21999
ENR0004187,STU015362,PRG001,2024-11-16,Completed,Fully Paid,24999
ENR0004188,STU015369,PRG004,2024-03-19,Completed,Fully Paid,27999
ENR0004189,STU015370,PRG006,2024-09-11,In Progress,Fully Paid,12999
ENR0004190,STU015376,PRG010,2025-02-18,Completed,Fully Paid,5999
ENR0004191,STU015377,PRG010,2024-06-20,Completed,Partially Paid,4050
ENR0004192,STU015381,PRG007,2025-07-27,Completed,Fully Paid,17999
ENR0004193,STU015383,PRG004,2024-12-15,Completed,Fully Paid,27999
ENR0004194,STU015392,PRG001,2025-05-24,Dropped,Fully Paid,24999
ENR0004195,STU015395,PRG001,2024-04-27,Completed,Fully Paid,24999
ENR0004196,STU015404,PRG001,2025-01-01,Completed,Fully Paid,24999
ENR0004197,STU015416,PRG005,2025-08-23,Completed,Fully Paid,14999
ENR0004198,STU015417,PRG007,2024-05-09,Dropped,Pending,0
ENR0004199,STU015422,PRG008,2024-11-07,Completed,Fully Paid,9999
ENR0004200,STU015424,PRG001,2024-02-23,Completed,Fully Paid,24999
ENR0004201,STU015426,PRG008,2025-01-12,Dropped,Fully Paid,9999
ENR0004202,STU015427,PRG004,2024-06-04,Completed,Pending,0
ENR0004203,STU015429,PRG008,2025-07-29,Completed,Pending,0
ENR0004204,STU015434,PRG001,2024-09-28,Completed,Fully Paid,24999
ENR0004205,STU015437,PRG008,2025-04-10,Completed,Fully Paid,9999
ENR0004206,STU015444,PRG001,2025-03-02,In Progress,Partially Paid,11763
ENR0004207,STU015451,PRG006,2025-07-20,Completed,Partially Paid,6246
ENR0004208,STU015452,PRG010,2024-12-29,Completed,Fully Paid,5999
ENR0004209,STU015455,PRG002,2025-03-17,Completed,Fully Paid,19999
ENR0004210,STU015459,PRG003,2025-06-15,Completed,Fully Paid,32999
ENR0004211,STU015460,PRG010,2024-03-24,Dropped,Fully Paid,5999
ENR0004212,STU015461,PRG011,2025-03-26,Completed,Fully Paid,3999
ENR0004213,STU015465,PRG009,2024-09-17,Completed,Fully Paid,4999
ENR0004214,STU015471,PRG004,2024-10-04,Completed,Fully Paid,27999
ENR0004215,STU015472,PRG010,2025-10-01,In Progress,Fully Paid,5999
ENR0004216,STU015476,PRG002,2025-10-20,Completed,Fully Paid,19999
ENR0004217,STU015478,PRG010,2024-10-14,Completed,Pending,0
ENR0004218,STU015479,PRG001,2025-03-24,Completed,Pending,0
ENR0004219,STU015484,PRG007,2025-02-18,Completed,Fully Paid,17999
ENR0004220,STU015487,PRG002,2024-06-18,Completed,Fully Paid,19999
ENR0004221,STU015489,PRG008,2025-02-22,Completed,Fully Paid,9999
ENR0004222,STU015499,PRG012,2024-03-05,Completed,Pending,0
ENR0004223,STU015511,PRG001,2024-04-28,Completed,Fully Paid,24999
ENR0004224,STU015512,PRG007,2025-03-05,Completed,Fully Paid,17999
ENR0004225,STU015513,PRG002,2025-10-24,Completed,Fully Paid,19999
ENR0004226,STU015514,PRG008,2024-05-03,Completed,Fully Paid,9999
ENR0004227,STU015518,PRG006,2025-03-17,Completed,Fully Paid,12999
ENR0004228,STU015521,PRG001,2025-10-31,Completed,Fully Paid,24999
ENR0004229,STU015522,PRG002,2025-12-07,Dropped,Partially Paid,9150
ENR0004230,STU015524,PRG010,2025-12-31,Completed,Fully Paid,5999
ENR0004231,STU015526,PRG008,2025-06-23,Completed,Fully Paid,9999
ENR0004232,STU015530,PRG010,2025-05-21,Dropped,Fully Paid,5999
ENR0004233,STU015532,PRG009,2024-06-21,Completed,Partially Paid,2685
ENR0004234,STU015533,PRG004,2024-10-02,Completed,Fully Paid,27999
ENR0004235,STU015544,PRG003,2025-03-25,Completed,Fully Paid,32999
ENR0004236,STU015545,PRG009,2024-12-07,Completed,Fully Paid,4999
ENR0004237,STU015550,PRG001,2024-05-30,Completed,Fully Paid,24999
ENR0004238,STU015552,PRG002,2025-03-20,Completed,Fully Paid,19999
ENR0004239,STU015554,PRG011,2024-02-20,Completed,Fully Paid,3999
ENR0004240,STU015561,PRG012,2025-06-04,Completed,Fully Paid,21999
ENR0004241,STU015563,PRG006,2025-09-22,Completed,Fully Paid,12999
ENR0004242,STU015566,PRG008,2024-03-30,Completed,Partially Paid,4621
ENR0004243,STU015568,PRG012,2025-06-21,Completed,Partially Paid,10728
ENR0004244,STU015570,PRG001,2024-12-20,In Progress,Fully Paid,24999
ENR0004245,STU015573,PRG007,2025-12-31,Completed,Fully Paid,17999
ENR0004246,STU015577,PRG001,2025-08-21,In Progress,Fully Paid,24999
ENR0004247,STU015586,PRG002,2025-07-15,Completed,Fully Paid,19999
ENR0004248,STU015590,PRG005,2025-03-09,Dropped,Fully Paid,14999
ENR0004249,STU015596,PRG010,2025-05-27,Completed,Fully Paid,5999
ENR0004250,STU015609,PRG010,2025-05-27,Completed,Fully Paid,5999
ENR0004251,STU015614,PRG001,2024-05-16,In Progress,Fully Paid,24999
ENR0004252,STU015615,PRG008,2024-10-11,Completed,Fully Paid,9999
ENR0004253,STU015618,PRG005,2025-12-31,Completed,Pending,0
ENR0004254,STU015622,PRG002,2024-08-21,Completed,Fully Paid,19999
ENR0004255,STU015623,PRG012,2024-06-24,Completed,Fully Paid,21999
ENR0004256,STU015626,PRG004,2024-08-02,Completed,Fully Paid,27999
ENR0004257,STU015630,PRG003,2025-08-04,Completed,Refunded,0
ENR0004258,STU015632,PRG009,2024-10-31,Completed,Partially Paid,1553
ENR0004259,STU015635,PRG006,2025-10-23,Completed,Fully Paid,12999
ENR0004260,STU015638,PRG003,2024-08-04,Completed,Fully Paid,32999
ENR0004261,STU015641,PRG011,2024-08-12,Completed,Fully Paid,3999
ENR0004262,STU015644,PRG009,2025-09-01,Completed,Fully Paid,4999
ENR0004263,STU015655,PRG009,2025-10-09,Completed,Fully Paid,4999
ENR0004264,STU015657,PRG010,2024-03-03,Completed,Fully Paid,5999
ENR0004265,STU015658,PRG004,2025-05-03,Completed,Fully Paid,27999
ENR0004266,STU015661,PRG010,2025-06-28,In Progress,Partially Paid,2477
ENR0004267,STU015665,PRG007,2024-02-29,Completed,Fully Paid,17999
ENR0004268,STU015670,PRG008,2025-06-12,Completed,Fully Paid,9999
ENR0004269,STU015676,PRG011,2025-05-24,Completed,Fully Paid,3999
ENR0004270,STU015680,PRG006,2025-05-06,In Progress,Fully Paid,12999
ENR0004271,STU015683,PRG010,2025-08-21,Completed,Fully Paid,5999
ENR0004272,STU015690,PRG004,2025-04-26,Completed,Pending,0
ENR0004273,STU015691,PRG002,2024-07-04,In Progress,Fully Paid,19999
ENR0004274,STU015693,PRG010,2024-10-06,Completed,Fully Paid,5999
ENR0004275,STU015706,PRG009,2024-10-04,Completed,Fully Paid,4999
ENR0004276,STU015709,PRG010,2024-04-14,Completed,Fully Paid,5999
ENR0004277,STU015710,PRG001,2025-10-30,Completed,Fully Paid,24999
ENR0004278,STU015718,PRG009,2025-04-29,Completed,Fully Paid,4999
ENR0004279,STU015721,PRG002,2024-01-17,Completed,Fully Paid,19999
ENR0004280,STU015723,PRG004,2025-12-31,Completed,Fully Paid,27999
ENR0004281,STU015725,PRG009,2024-07-27,Completed,Fully Paid,4999
ENR0004282,STU015730,PRG008,2025-02-03,Completed,Fully Paid,9999
ENR0004283,STU015737,PRG009,2025-01-20,Completed,Fully Paid,4999
ENR0004284,STU015738,PRG004,2024-11-24,Dropped,Pending,0
ENR0004285,STU015740,PRG001,2025-03-30,Dropped,Fully Paid,24999
ENR0004286,STU015742,PRG006,2025-02-24,Completed,Fully Paid,12999
ENR0004287,STU015743,PRG007,2024-10-21,Completed,Fully Paid,17999
ENR0004288,STU015744,PRG008,2025-11-19,Completed,Fully Paid,9999
ENR0004289,STU015748,PRG003,2025-02-20,Completed,Partially Paid,18210
ENR0004290,STU015753,PRG003,2025-06-12,Completed,Fully Paid,32999
ENR0004291,STU015755,PRG010,2025-12-25,Completed,Fully Paid,5999
ENR0004292,STU015767,PRG009,2025-07-22,Completed,Fully Paid,4999
ENR0004293,STU015768,PRG010,2024-08-25,Completed,Fully Paid,5999
ENR0004294,STU015769,PRG005,2024-06-19,Completed,Fully Paid,14999
ENR0004295,STU015770,PRG007,2024-05-03,Completed,Fully Paid,17999
ENR0004296,STU015771,PRG001,2025-09-17,Completed,Fully Paid,24999
ENR0004297,STU015772,PRG001,2025-11-30,Completed,Fully Paid,24999
ENR0004298,STU015780,PRG004,2025-06-11,Completed,Fully Paid,27999
ENR0004299,STU015790,PRG010,2025-07-22,Completed,Fully Paid,5999
ENR0004300,STU015792,PRG011,2025-07-31,Completed,Fully Paid,3999
ENR0004301,STU015800,PRG010,2025-08-06,Completed,Fully Paid,5999
ENR0004302,STU015801,PRG011,2025-06-05,Completed,Refunded,0
ENR0004303,STU015807,PRG002,2025-01-22,Completed,Fully Paid,19999
ENR0004304,STU015808,PRG008,2025-08-04,Completed,Fully Paid,9999
ENR0004305,STU015809,PRG010,2025-04-09,Completed,Fully Paid,5999
ENR0004306,STU015811,PRG011,2025-03-24,Completed,Fully Paid,3999
ENR0004307,STU015821,PRG010,2025-01-14,In Progress,Fully Paid,5999
ENR0004308,STU015826,PRG003,2024-10-26,Dropped,Fully Paid,32999
ENR0004309,STU015833,PRG006,2024-07-06,Completed,Fully Paid,12999
ENR0004310,STU015841,PRG001,2025-12-09,Completed,Partially Paid,16612
ENR0004311,STU015845,PRG009,2024-03-19,Completed,Fully Paid,4999
ENR0004312,STU015846,PRG003,2024-04-15,Completed,Refunded,0
ENR0004313,STU015849,PRG003,2025-09-20,Completed,Fully Paid,32999
ENR0004314,STU015850,PRG002,2025-02-22,Completed,Pending,0
ENR0004315,STU015852,PRG007,2024-05-25,Completed,Pending,0
ENR0004316,STU015853,PRG010,2024-09-22,In Progress,Fully Paid,5999
ENR0004317,STU015856,PRG010,2025-08-20,Completed,Partially Paid,2004
ENR0004318,STU015862,PRG002,2025-02-13,Completed,Partially Paid,11444
ENR0004319,STU015865,PRG005,2024-07-25,Completed,Fully Paid,14999
ENR0004320,STU015867,PRG009,2024-05-28,Completed,Pending,0
ENR0004321,STU015868,PRG004,2024-09-26,Completed,Partially Paid,17288
ENR0004322,STU015870,PRG001,2025-03-22,Dropped,Pending,0
ENR0004323,STU015873,PRG005,2025-12-19,Completed,Fully Paid,14999
ENR0004324,STU015884,PRG001,2024-05-17,Dropped,Partially Paid,10471
ENR0004325,STU015885,PRG002,2024-11-21,Completed,Partially Paid,13357
ENR0004326,STU015887,PRG003,2025-06-29,Completed,Fully Paid,32999
ENR0004327,STU015888,PRG008,2025-09-14,Completed,Fully Paid,9999
ENR0004328,STU015892,PRG009,2024-12-15,Completed,Pending,0
ENR0004329,STU015895,PRG003,2025-11-03,Completed,Partially Paid,17106
ENR0004330,STU015900,PRG010,2025-09-03,Completed,Pending,0
ENR0004331,STU015901,PRG001,2025-07-25,Completed,Fully Paid,24999
ENR0004332,STU015903,PRG001,2024-10-15,Completed,Fully Paid,24999
ENR0004333,STU015904,PRG006,2024-10-10,Completed,Fully Paid,12999
ENR0004334,STU015905,PRG003,2024-10-17,Completed,Refunded,0
ENR0004335,STU015908,PRG002,2025-05-10,Completed,Fully Paid,19999
ENR0004336,STU015909,PRG009,2025-08-03,Completed,Fully Paid,4999
ENR0004337,STU015911,PRG005,2024-09-02,Completed,Pending,0
ENR0004338,STU015914,PRG010,2025-05-11,Completed,Partially Paid,1807
ENR0004339,STU015917,PRG001,2024-05-04,Completed,Fully Paid,24999
ENR0004340,STU015922,PRG009,2025-10-08,Completed,Fully Paid,4999
ENR0004341,STU015923,PRG010,2025-04-15,Completed,Fully Paid,5999
ENR0004342,STU015925,PRG004,2024-07-18,Completed,Partially Paid,10022
ENR0004343,STU015927,PRG010,2024-06-28,In Progress,Fully Paid,5999
ENR0004344,STU015930,PRG003,2025-02-28,Dropped,Fully Paid,32999
ENR0004345,STU015937,PRG001,2025-03-29,Dropped,Fully Paid,24999
ENR0004346,STU015938,PRG003,2025-12-03,Completed,Fully Paid,32999
ENR0004347,STU015939,PRG010,2025-05-21,Completed,Fully Paid,5999
ENR0004348,STU015940,PRG012,2024-11-30,Completed,Fully Paid,21999
ENR0004349,STU015942,PRG011,2025-03-20,Completed,Fully Paid,3999
ENR0004350,STU015954,PRG009,2025-12-31,Completed,Fully Paid,4999
ENR0004351,STU015955,PRG006,2024-04-20,Completed,Fully Paid,12999
ENR0004352,STU015958,PRG002,2025-04-19,Dropped,Fully Paid,19999
ENR0004353,STU015962,PRG009,2025-06-11,Completed,Fully Paid,4999
ENR0004354,STU015963,PRG001,2024-04-25,Completed,Fully Paid,24999
ENR0004355,STU015971,PRG012,2025-01-06,Completed,Fully Paid,21999
ENR0004356,STU015975,PRG002,2025-05-20,Completed,Fully Paid,19999
ENR0004357,STU015991,PRG008,2025-06-04,Completed,Fully Paid,9999
ENR0004358,STU015994,PRG009,2025-06-26,Completed,Fully Paid,4999
ENR0004359,STU015997,PRG010,2024-10-19,Completed,Fully Paid,5999
ENR0004360,STU015999,PRG005,2024-02-26,Completed,Fully Paid,14999
ENR0004361,STU016011,PRG010,2025-07-11,Dropped,Fully Paid,5999
ENR0004362,STU016012,PRG003,2024-08-30,Completed,Partially Paid,22986
ENR0004363,STU016014,PRG002,2025-04-08,Completed,Fully Paid,19999
ENR0004364,STU016023,PRG009,2025-09-29,Completed,Fully Paid,4999
ENR0004365,STU016039,PRG010,2024-12-21,Dropped,Fully Paid,5999
ENR0004366,STU016040,PRG006,2025-03-06,Completed,Fully Paid,12999
ENR0004367,STU016047,PRG011,2025-01-20,Completed,Fully Paid,3999
ENR0004368,STU016049,PRG001,2024-03-08,Dropped,Refunded,0
ENR0004369,STU016051,PRG012,2024-07-13,Completed,Fully Paid,21999
ENR0004370,STU016054,PRG009,2024-05-31,Completed,Partially Paid,3402
ENR0004371,STU016058,PRG002,2025-07-24,Completed,Fully Paid,19999
ENR0004372,STU016063,PRG009,2024-07-02,Completed,Fully Paid,4999
ENR0004373,STU016065,PRG009,2025-11-06,Completed,Fully Paid,4999
ENR0004374,STU016070,PRG001,2024-10-19,Completed,Fully Paid,24999
ENR0004375,STU016071,PRG002,2025-10-13,Completed,Partially Paid,6635
ENR0004376,STU016075,PRG007,2025-11-16,Completed,Fully Paid,17999
ENR0004377,STU016076,PRG007,2025-06-21,Completed,Fully Paid,17999
ENR0004378,STU016088,PRG005,2025-05-18,Completed,Partially Paid,8749
ENR0004379,STU016089,PRG001,2025-09-19,Completed,Pending,0
ENR0004380,STU016090,PRG002,2024-06-03,Completed,Fully Paid,19999
ENR0004381,STU016091,PRG009,2025-04-10,Completed,Fully Paid,4999
ENR0004382,STU016096,PRG010,2025-08-12,Completed,Fully Paid,5999
ENR0004383,STU016097,PRG007,2025-09-05,Dropped,Fully Paid,17999
ENR0004384,STU016105,PRG005,2024-11-08,Completed,Fully Paid,14999
ENR0004385,STU016108,PRG002,2025-05-26,In Progress,Pending,0
ENR0004386,STU016111,PRG009,2025-07-07,Completed,Pending,0
ENR0004387,STU016112,PRG010,2025-08-28,Dropped,Fully Paid,5999
ENR0004388,STU016117,PRG005,2025-05-09,Dropped,Fully Paid,14999
ENR0004389,STU016120,PRG011,2024-09-28,Completed,Fully Paid,3999
ENR0004390,STU016123,PRG007,2025-06-09,Completed,Fully Paid,17999
ENR0004391,STU016126,PRG003,2025-02-20,Completed,Fully Paid,32999
ENR0004392,STU016131,PRG003,2025-02-16,Dropped,Fully Paid,32999
ENR0004393,STU016132,PRG009,2025-04-11,Completed,Fully Paid,4999
ENR0004394,STU016139,PRG002,2025-11-29,Completed,Fully Paid,19999
ENR0004395,STU016140,PRG002,2025-03-15,Completed,Partially Paid,12781
ENR0004396,STU016142,PRG007,2025-06-07,Completed,Fully Paid,17999
ENR0004397,STU016145,PRG009,2024-12-07,Completed,Fully Paid,4999
ENR0004398,STU016150,PRG010,2025-08-15,Dropped,Fully Paid,5999
ENR0004399,STU016152,PRG008,2025-08-03,In Progress,Fully Paid,9999
ENR0004400,STU016154,PRG003,2025-05-07,Completed,Fully Paid,32999
ENR0004401,STU016159,PRG010,2025-05-24,Dropped,Fully Paid,5999
ENR0004402,STU016161,PRG005,2025-03-12,Completed,Fully Paid,14999
ENR0004403,STU016163,PRG002,2024-10-13,Completed,Fully Paid,19999
ENR0004404,STU016167,PRG001,2024-07-19,Dropped,Refunded,0
ENR0004405,STU016168,PRG012,2024-05-28,Completed,Refunded,0
ENR0004406,STU016171,PRG002,2024-04-10,Completed,Partially Paid,8672
ENR0004407,STU016172,PRG004,2025-10-21,Completed,Fully Paid,27999
ENR0004408,STU016176,PRG009,2024-08-14,Completed,Refunded,0
ENR0004409,STU016178,PRG003,2024-03-13,Completed,Fully Paid,32999
ENR0004410,STU016184,PRG009,2024-10-25,Completed,Fully Paid,4999
ENR0004411,STU016188,PRG003,2025-12-29,In Progress,Fully Paid,32999
ENR0004412,STU016197,PRG009,2024-08-18,Completed,Fully Paid,4999
ENR0004413,STU016203,PRG006,2024-08-28,Completed,Fully Paid,12999
ENR0004414,STU016209,PRG012,2025-02-26,Dropped,Fully Paid,21999
ENR0004415,STU016211,PRG006,2025-04-18,Completed,Pending,0
ENR0004416,STU016214,PRG005,2024-11-06,Dropped,Fully Paid,14999
ENR0004417,STU016222,PRG009,2025-12-10,Completed,Fully Paid,4999
ENR0004418,STU016229,PRG011,2024-07-02,Completed,Fully Paid,3999
ENR0004419,STU016231,PRG003,2025-12-02,In Progress,Fully Paid,32999
ENR0004420,STU016234,PRG009,2024-11-16,Completed,Pending,0
ENR0004421,STU016236,PRG001,2025-01-27,Completed,Fully Paid,24999
ENR0004422,STU016244,PRG002,2024-07-21,Completed,Fully Paid,19999
ENR0004423,STU016249,PRG004,2024-05-14,Dropped,Fully Paid,27999
ENR0004424,STU016260,PRG009,2025-03-20,In Progress,Fully Paid,4999
ENR0004425,STU016262,PRG001,2024-08-31,Completed,Refunded,0
ENR0004426,STU016264,PRG002,2025-02-03,Completed,Fully Paid,19999
ENR0004427,STU016266,PRG002,2024-02-27,Completed,Refunded,0
ENR0004428,STU016268,PRG006,2025-10-10,Completed,Refunded,0
ENR0004429,STU016269,PRG003,2024-08-23,Completed,Fully Paid,32999
ENR0004430,STU016272,PRG001,2025-06-21,Completed,Fully Paid,24999
ENR0004431,STU016277,PRG004,2025-09-17,Completed,Fully Paid,27999
ENR0004432,STU016278,PRG005,2024-05-24,Completed,Fully Paid,14999
ENR0004433,STU016279,PRG010,2025-07-12,Completed,Fully Paid,5999
ENR0004434,STU016281,PRG002,2025-11-02,Dropped,Fully Paid,19999
ENR0004435,STU016286,PRG001,2024-11-11,Completed,Fully Paid,24999
ENR0004436,STU016288,PRG001,2024-10-27,Completed,Fully Paid,24999
ENR0004437,STU016290,PRG009,2025-08-16,Completed,Pending,0
ENR0004438,STU016292,PRG005,2024-08-24,Completed,Partially Paid,9442
ENR0004439,STU016293,PRG004,2025-10-15,Completed,Fully Paid,27999
ENR0004440,STU016299,PRG003,2024-08-04,Completed,Partially Paid,15153
ENR0004441,STU016300,PRG001,2024-06-07,Completed,Refunded,0
ENR0004442,STU016301,PRG010,2025-02-26,Completed,Fully Paid,5999
ENR0004443,STU016303,PRG011,2024-02-05,Completed,Partially Paid,1271
ENR0004444,STU016311,PRG012,2025-09-12,Completed,Partially Paid,6853
ENR0004445,STU016313,PRG011,2025-05-28,Completed,Fully Paid,3999
ENR0004446,STU016316,PRG010,2024-09-11,Completed,Fully Paid,5999
ENR0004447,STU016317,PRG004,2024-11-02,Completed,Fully Paid,27999
ENR0004448,STU016320,PRG010,2024-11-29,Dropped,Refunded,0
ENR0004449,STU016326,PRG007,2024-09-04,Completed,Partially Paid,9768
ENR0004450,STU016331,PRG001,2025-09-07,Completed,Partially Paid,10727
ENR0004451,STU016333,PRG006,2025-08-03,Completed,Pending,0
ENR0004452,STU016336,PRG005,2025-11-24,Completed,Fully Paid,14999
ENR0004453,STU016337,PRG008,2025-09-21,Completed,Partially Paid,4790
ENR0004454,STU016342,PRG001,2025-07-23,Completed,Fully Paid,24999
ENR0004455,STU016347,PRG001,2025-10-06,Completed,Fully Paid,24999
ENR0004456,STU016355,PRG009,2025-02-10,Completed,Fully Paid,4999
ENR0004457,STU016357,PRG001,2024-02-11,Completed,Fully Paid,24999
ENR0004458,STU016359,PRG009,2024-08-26,Completed,Fully Paid,4999
ENR0004459,STU016362,PRG007,2025-02-22,Completed,Fully Paid,17999
ENR0004460,STU016366,PRG005,2025-11-13,Completed,Partially Paid,6816
ENR0004461,STU016371,PRG002,2024-05-19,Completed,Fully Paid,19999
ENR0004462,STU016375,PRG002,2024-02-27,Completed,Fully Paid,19999
ENR0004463,STU016376,PRG001,2024-12-04,Completed,Partially Paid,9873
ENR0004464,STU016383,PRG006,2025-09-08,In Progress,Partially Paid,5999
ENR0004465,STU016386,PRG008,2024-02-23,Completed,Fully Paid,9999
ENR0004466,STU016392,PRG009,2024-09-11,Completed,Fully Paid,4999
ENR0004467,STU016395,PRG002,2025-12-31,Completed,Fully Paid,19999
ENR0004468,STU016398,PRG001,2024-05-16,Dropped,Pending,0
ENR0004469,STU016401,PRG012,2025-09-17,Completed,Fully Paid,21999
ENR0004470,STU016403,PRG004,2025-01-04,Completed,Fully Paid,27999
ENR0004471,STU016408,PRG009,2025-11-29,Completed,Fully Paid,4999
ENR0004472,STU016409,PRG009,2025-03-03,Completed,Fully Paid,4999
ENR0004473,STU016410,PRG010,2025-10-18,Completed,Fully Paid,5999
ENR0004474,STU016412,PRG009,2025-12-15,Completed,Fully Paid,4999
ENR0004475,STU016414,PRG009,2024-04-29,Completed,Pending,0
ENR0004476,STU016415,PRG001,2024-10-12,Completed,Fully Paid,24999
ENR0004477,STU016416,PRG010,2025-10-23,Completed,Fully Paid,5999
ENR0004478,STU016419,PRG009,2025-02-21,Completed,Fully Paid,4999
ENR0004479,STU016426,PRG004,2024-10-20,Completed,Fully Paid,27999
ENR0004480,STU016433,PRG010,2024-12-27,In Progress,Fully Paid,5999
ENR0004481,STU016434,PRG009,2024-02-14,Completed,Partially Paid,2246
ENR0004482,STU016436,PRG009,2025-11-08,Completed,Pending,0
ENR0004483,STU016437,PRG001,2024-11-13,Completed,Fully Paid,24999
ENR0004484,STU016440,PRG010,2024-08-02,In Progress,Fully Paid,5999
ENR0004485,STU016442,PRG006,2024-08-22,Completed,Partially Paid,7200
ENR0004486,STU016447,PRG004,2025-09-26,In Progress,Fully Paid,27999
ENR0004487,STU016451,PRG010,2025-03-16,Completed,Fully Paid,5999
ENR0004488,STU016454,PRG005,2025-01-20,Completed,Fully Paid,14999
ENR0004489,STU016463,PRG002,2025-09-23,Completed,Fully Paid,19999
ENR0004490,STU016465,PRG011,2025-04-14,Completed,Fully Paid,3999
ENR0004491,STU016467,PRG012,2025-07-31,Dropped,Fully Paid,21999
ENR0004492,STU016471,PRG010,2025-08-22,Dropped,Fully Paid,5999
ENR0004493,STU016475,PRG009,2024-07-18,Completed,Fully Paid,4999
ENR0004494,STU016480,PRG009,2024-11-04,Dropped,Fully Paid,4999
ENR0004495,STU016481,PRG004,2024-08-06,Completed,Fully Paid,27999
ENR0004496,STU016482,PRG004,2024-07-10,Completed,Fully Paid,27999
ENR0004497,STU016484,PRG011,2024-12-20,Completed,Fully Paid,3999
ENR0004498,STU016486,PRG012,2024-11-26,Completed,Fully Paid,21999
ENR0004499,STU016489,PRG009,2024-01-31,Completed,Fully Paid,4999
ENR0004500,STU016490,PRG009,2025-05-24,Completed,Pending,0
ENR0004501,STU016501,PRG006,2025-06-08,Dropped,Fully Paid,12999
ENR0004502,STU016502,PRG005,2024-02-24,Completed,Fully Paid,14999
ENR0004503,STU016504,PRG006,2025-01-22,Completed,Partially Paid,5739
ENR0004504,STU016519,PRG007,2025-11-17,Completed,Fully Paid,17999
ENR0004505,STU016530,PRG009,2025-03-28,Completed,Fully Paid,4999
ENR0004506,STU016534,PRG001,2024-08-07,Completed,Fully Paid,24999
ENR0004507,STU016539,PRG009,2024-09-26,Completed,Fully Paid,4999
ENR0004508,STU016540,PRG009,2024-11-02,Completed,Fully Paid,4999
ENR0004509,STU016542,PRG008,2024-06-26,Completed,Partially Paid,6155
ENR0004510,STU016547,PRG011,2025-09-06,Completed,Fully Paid,3999
ENR0004511,STU016553,PRG003,2024-12-08,Completed,Fully Paid,32999
ENR0004512,STU016556,PRG007,2025-09-07,In Progress,Fully Paid,17999
ENR0004513,STU016558,PRG010,2024-11-10,Dropped,Refunded,0
ENR0004514,STU016565,PRG012,2025-06-22,Completed,Fully Paid,21999
ENR0004515,STU016566,PRG009,2025-01-14,Completed,Fully Paid,4999
ENR0004516,STU016567,PRG005,2025-07-09,Completed,Fully Paid,14999
ENR0004517,STU016569,PRG011,2024-09-09,Completed,Fully Paid,3999
ENR0004518,STU016574,PRG005,2024-08-11,Completed,Refunded,0
ENR0004519,STU016575,PRG001,2025-08-30,Completed,Fully Paid,24999
ENR0004520,STU016577,PRG002,2025-03-01,In Progress,Fully Paid,19999
ENR0004521,STU016579,PRG008,2024-12-20,Completed,Partially Paid,5199
ENR0004522,STU016580,PRG011,2025-08-02,Completed,Fully Paid,3999
ENR0004523,STU016581,PRG010,2024-09-18,In Progress,Fully Paid,5999
ENR0004524,STU016584,PRG004,2024-09-12,Completed,Partially Paid,13066
ENR0004525,STU016589,PRG011,2025-08-17,Completed,Pending,0
ENR0004526,STU016591,PRG001,2024-05-27,Completed,Fully Paid,24999
ENR0004527,STU016592,PRG009,2024-08-05,Completed,Fully Paid,4999
ENR0004528,STU016596,PRG002,2025-12-31,Completed,Fully Paid,19999
ENR0004529,STU016601,PRG002,2025-06-06,Completed,Partially Paid,11261
ENR0004530,STU016603,PRG007,2025-08-15,Completed,Fully Paid,17999
ENR0004531,STU016607,PRG001,2025-08-08,Completed,Fully Paid,24999
ENR0004532,STU016612,PRG005,2025-04-03,Completed,Fully Paid,14999
ENR0004533,STU016614,PRG002,2025-04-12,Completed,Fully Paid,19999
ENR0004534,STU016617,PRG006,2025-12-03,Dropped,Fully Paid,12999
ENR0004535,STU016619,PRG003,2025-09-19,Completed,Fully Paid,32999
ENR0004536,STU016630,PRG005,2025-02-25,Completed,Fully Paid,14999
ENR0004537,STU016635,PRG008,2025-08-11,Completed,Fully Paid,9999
ENR0004538,STU016637,PRG008,2024-12-04,Completed,Fully Paid,9999
ENR0004539,STU016638,PRG001,2024-10-16,Completed,Fully Paid,24999
ENR0004540,STU016640,PRG008,2025-04-22,Completed,Pending,0
ENR0004541,STU016644,PRG002,2024-09-10,Completed,Fully Paid,19999
ENR0004542,STU016652,PRG011,2024-06-03,Completed,Fully Paid,3999
ENR0004543,STU016654,PRG010,2025-06-11,In Progress,Fully Paid,5999
ENR0004544,STU016656,PRG005,2024-09-18,Completed,Fully Paid,14999
ENR0004545,STU016660,PRG004,2025-02-13,Completed,Pending,0
ENR0004546,STU016663,PRG002,2025-12-31,Completed,Fully Paid,19999
ENR0004547,STU016665,PRG009,2025-11-03,Completed,Refunded,0
ENR0004548,STU016668,PRG011,2024-10-17,Dropped,Fully Paid,3999
ENR0004549,STU016670,PRG002,2024-12-17,Completed,Fully Paid,19999
ENR0004550,STU016672,PRG010,2025-12-30,Completed,Fully Paid,5999
ENR0004551,STU016673,PRG001,2024-08-30,In Progress,Fully Paid,24999
ENR0004552,STU016674,PRG004,2025-05-12,Dropped,Fully Paid,27999
ENR0004553,STU016675,PRG012,2025-07-02,Dropped,Fully Paid,21999
ENR0004554,STU016676,PRG005,2025-01-15,Completed,Fully Paid,14999
ENR0004555,STU016678,PRG001,2025-02-06,Completed,Fully Paid,24999
ENR0004556,STU016683,PRG004,2025-12-31,Completed,Fully Paid,27999
ENR0004557,STU016684,PRG010,2025-01-25,Dropped,Partially Paid,2386
ENR0004558,STU016685,PRG011,2024-08-27,Completed,Partially Paid,1825
ENR0004559,STU016690,PRG009,2025-05-25,Completed,Partially Paid,2880
ENR0004560,STU016692,PRG006,2024-08-03,Completed,Fully Paid,12999
ENR0004561,STU016693,PRG005,2025-01-04,Completed,Fully Paid,14999
ENR0004562,STU016695,PRG001,2025-05-03,Completed,Fully Paid,24999
ENR0004563,STU016697,PRG006,2024-11-18,Dropped,Fully Paid,12999
ENR0004564,STU016700,PRG009,2025-12-31,Completed,Fully Paid,4999
ENR0004565,STU016702,PRG005,2024-05-12,Completed,Fully Paid,14999
ENR0004566,STU016703,PRG009,2025-08-05,Completed,Fully Paid,4999
ENR0004567,STU016705,PRG001,2025-02-17,Completed,Fully Paid,24999
ENR0004568,STU016706,PRG012,2025-06-23,Dropped,Fully Paid,21999
ENR0004569,STU016708,PRG010,2025-01-11,Completed,Fully Paid,5999
ENR0004570,STU016712,PRG009,2024-08-21,In Progress,Fully Paid,4999
ENR0004571,STU016714,PRG009,2025-04-30,Completed,Fully Paid,4999
ENR0004572,STU016728,PRG010,2025-03-08,Completed,Fully Paid,5999
ENR0004573,STU016730,PRG006,2025-08-04,Completed,Pending,0
ENR0004574,STU016741,PRG010,2025-12-21,Completed,Fully Paid,5999
ENR0004575,STU016743,PRG006,2025-06-01,Completed,Fully Paid,12999
ENR0004576,STU016750,PRG005,2024-12-10,Completed,Fully Paid,14999
ENR0004577,STU016756,PRG001,2025-09-14,Completed,Refunded,0
ENR0004578,STU016757,PRG010,2025-01-29,Dropped,Pending,0
ENR0004579,STU016760,PRG010,2025-10-10,In Progress,Fully Paid,5999
ENR0004580,STU016767,PRG010,2024-01-29,Completed,Fully Paid,5999
ENR0004581,STU016769,PRG009,2024-10-31,Completed,Fully Paid,4999
ENR0004582,STU016773,PRG009,2025-08-13,Completed,Fully Paid,4999
ENR0004583,STU016785,PRG011,2025-03-29,Completed,Partially Paid,2799
ENR0004584,STU016790,PRG008,2024-07-12,Dropped,Fully Paid,9999
ENR0004585,STU016791,PRG001,2025-10-09,Completed,Fully Paid,24999
ENR0004586,STU016794,PRG002,2024-10-19,Dropped,Fully Paid,19999
ENR0004587,STU016799,PRG006,2025-09-06,Completed,Fully Paid,12999
ENR0004588,STU016800,PRG008,2025-07-05,Completed,Fully Paid,9999
ENR0004589,STU016801,PRG010,2025-12-31,Completed,Fully Paid,5999
ENR0004590,STU016809,PRG010,2025-09-10,Completed,Fully Paid,5999
ENR0004591,STU016810,PRG003,2025-04-30,Completed,Partially Paid,20718
ENR0004592,STU016811,PRG002,2024-09-08,Completed,Fully Paid,19999
ENR0004593,STU016812,PRG004,2025-08-30,Completed,Fully Paid,27999
ENR0004594,STU016813,PRG002,2025-09-25,Completed,Fully Paid,19999
ENR0004595,STU016814,PRG008,2025-04-04,Completed,Partially Paid,6505
ENR0004596,STU016821,PRG009,2024-11-13,Completed,Fully Paid,4999
ENR0004597,STU016822,PRG002,2025-02-25,Dropped,Fully Paid,19999
ENR0004598,STU016823,PRG002,2025-08-05,Completed,Fully Paid,19999
ENR0004599,STU016824,PRG007,2025-04-06,Completed,Fully Paid,17999
ENR0004600,STU016830,PRG010,2025-12-04,Completed,Fully Paid,5999
ENR0004601,STU016835,PRG006,2025-02-21,Completed,Fully Paid,12999
ENR0004602,STU016842,PRG001,2025-02-20,Dropped,Refunded,0
ENR0004603,STU016850,PRG004,2024-07-03,Completed,Fully Paid,27999
ENR0004604,STU016854,PRG005,2025-10-03,Completed,Partially Paid,6636
ENR0004605,STU016857,PRG009,2024-12-04,Completed,Fully Paid,4999
ENR0004606,STU016859,PRG010,2024-02-14,Dropped,Fully Paid,5999
ENR0004607,STU016860,PRG004,2024-07-05,Dropped,Pending,0
ENR0004608,STU016861,PRG003,2025-12-31,Completed,Fully Paid,32999
ENR0004609,STU016862,PRG008,2024-07-19,Completed,Fully Paid,9999
ENR0004610,STU016865,PRG001,2025-06-02,In Progress,Fully Paid,24999
ENR0004611,STU016873,PRG002,2025-06-25,Completed,Fully Paid,19999
ENR0004612,STU016874,PRG002,2025-09-18,Completed,Fully Paid,19999
ENR0004613,STU016879,PRG009,2024-09-13,Completed,Fully Paid,4999
ENR0004614,STU016885,PRG004,2024-09-30,Completed,Partially Paid,12609
ENR0004615,STU016888,PRG001,2025-06-19,Completed,Fully Paid,24999
ENR0004616,STU016889,PRG010,2025-07-09,Completed,Fully Paid,5999
ENR0004617,STU016890,PRG010,2025-11-10,Dropped,Fully Paid,5999
ENR0004618,STU016891,PRG006,2024-10-01,Dropped,Partially Paid,7972
ENR0004619,STU016892,PRG009,2025-08-20,Completed,Fully Paid,4999
ENR0004620,STU016895,PRG001,2024-12-25,Completed,Fully Paid,24999
ENR0004621,STU016898,PRG006,2025-12-29,Completed,Fully Paid,12999
ENR0004622,STU016903,PRG009,2024-01-29,Completed,Fully Paid,4999
ENR0004623,STU016910,PRG004,2025-03-27,In Progress,Fully Paid,27999
ENR0004624,STU016914,PRG002,2024-05-22,Completed,Pending,0
ENR0004625,STU016915,PRG011,2025-02-02,Completed,Refunded,0
ENR0004626,STU016918,PRG009,2024-05-31,In Progress,Partially Paid,1658
ENR0004627,STU016919,PRG012,2024-07-21,Completed,Fully Paid,21999
ENR0004628,STU016923,PRG005,2024-08-14,Completed,Fully Paid,14999
ENR0004629,STU016926,PRG001,2025-06-14,Completed,Fully Paid,24999
ENR0004630,STU016929,PRG003,2025-04-08,In Progress,Fully Paid,32999
ENR0004631,STU016932,PRG011,2025-03-30,Completed,Fully Paid,3999
ENR0004632,STU016936,PRG001,2025-02-22,Completed,Fully Paid,24999
ENR0004633,STU016938,PRG009,2024-07-13,Completed,Partially Paid,1843
ENR0004634,STU016940,PRG002,2024-07-17,Completed,Partially Paid,9482
ENR0004635,STU016943,PRG005,2025-08-01,Completed,Fully Paid,14999
ENR0004636,STU016945,PRG001,2025-07-05,Completed,Fully Paid,24999
ENR0004637,STU016946,PRG002,2025-05-04,Completed,Fully Paid,19999
ENR0004638,STU016951,PRG012,2024-02-05,Completed,Partially Paid,13209
ENR0004639,STU016957,PRG002,2025-12-30,Completed,Pending,0
ENR0004640,STU016960,PRG003,2025-07-30,Completed,Partially Paid,18598
ENR0004641,STU016961,PRG012,2024-01-19,Completed,Fully Paid,21999
ENR0004642,STU016968,PRG001,2024-12-07,Completed,Fully Paid,24999
ENR0004643,STU016971,PRG007,2024-08-30,Completed,Refunded,0
ENR0004644,STU016977,PRG002,2024-09-18,Completed,Partially Paid,7606
ENR0004645,STU016978,PRG006,2024-05-29,Completed,Fully Paid,12999
ENR0004646,STU016981,PRG004,2024-07-03,Completed,Pending,0
ENR0004647,STU016987,PRG010,2024-06-22,In Progress,Fully Paid,5999
ENR0004648,STU016988,PRG008,2025-02-02,Completed,Pending,0
ENR0004649,STU016990,PRG006,2025-04-23,Completed,Fully Paid,12999
ENR0004650,STU016991,PRG009,2024-02-20,Completed,Fully Paid,4999
ENR0004651,STU016994,PRG004,2024-11-16,Completed,Refunded,0
ENR0004652,STU017000,PRG008,2025-04-24,Completed,Fully Paid,9999
ENR0004653,STU017002,PRG011,2025-11-02,Dropped,Fully Paid,3999
ENR0004654,STU017005,PRG011,2025-11-11,Completed,Fully Paid,3999
ENR0004655,STU017006,PRG002,2025-07-02,Completed,Fully Paid,19999
ENR0004656,STU017008,PRG001,2025-09-29,Completed,Fully Paid,24999
ENR0004657,STU017011,PRG005,2025-10-24,Completed,Fully Paid,14999
ENR0004658,STU017014,PRG004,2025-09-02,Completed,Partially Paid,19329
ENR0004659,STU017015,PRG010,2024-02-16,Completed,Fully Paid,5999
ENR0004660,STU017018,PRG010,2025-08-06,Completed,Partially Paid,3413
ENR0004661,STU017020,PRG008,2024-09-21,Completed,Fully Paid,9999
ENR0004662,STU017022,PRG009,2025-09-18,Completed,Partially Paid,1535
ENR0004663,STU017026,PRG002,2025-03-19,Completed,Fully Paid,19999
ENR0004664,STU017034,PRG011,2025-02-05,Completed,Fully Paid,3999
ENR0004665,STU017036,PRG010,2024-10-06,In Progress,Fully Paid,5999
ENR0004666,STU017046,PRG004,2025-02-19,Completed,Fully Paid,27999
ENR0004667,STU017050,PRG001,2025-07-24,Completed,Fully Paid,24999
ENR0004668,STU017057,PRG003,2025-12-31,Completed,Fully Paid,32999
ENR0004669,STU017061,PRG006,2025-03-27,Completed,Fully Paid,12999
ENR0004670,STU017063,PRG009,2024-03-04,Completed,Refunded,0
ENR0004671,STU017066,PRG010,2025-04-17,In Progress,Fully Paid,5999
ENR0004672,STU017077,PRG010,2025-06-22,Completed,Fully Paid,5999
ENR0004673,STU017080,PRG011,2024-04-25,Completed,Fully Paid,3999
ENR0004674,STU017085,PRG001,2025-12-27,Dropped,Fully Paid,24999
ENR0004675,STU017087,PRG011,2025-08-17,Completed,Partially Paid,2039
ENR0004676,STU017092,PRG002,2024-10-26,Completed,Fully Paid,19999
ENR0004677,STU017095,PRG005,2025-07-04,Completed,Fully Paid,14999
ENR0004678,STU017096,PRG010,2024-08-29,Dropped,Pending,0
ENR0004679,STU017103,PRG010,2024-09-03,Completed,Fully Paid,5999
ENR0004680,STU017105,PRG002,2025-02-09,Completed,Partially Paid,6030
ENR0004681,STU017107,PRG007,2024-03-20,Completed,Partially Paid,10673
ENR0004682,STU017118,PRG010,2024-09-04,Dropped,Pending,0
ENR0004683,STU017125,PRG003,2024-10-07,Completed,Fully Paid,32999
ENR0004684,STU017131,PRG010,2024-11-18,In Progress,Fully Paid,5999
ENR0004685,STU017140,PRG001,2024-10-05,Completed,Fully Paid,24999
ENR0004686,STU017141,PRG003,2024-08-20,Completed,Fully Paid,32999
ENR0004687,STU017142,PRG009,2025-03-28,Completed,Pending,0
ENR0004688,STU017143,PRG002,2025-03-09,Completed,Fully Paid,19999
ENR0004689,STU017146,PRG008,2024-10-23,Completed,Partially Paid,4827
ENR0004690,STU017151,PRG010,2025-12-31,Completed,Fully Paid,5999
ENR0004691,STU017152,PRG004,2025-10-23,Completed,Pending,0
ENR0004692,STU017156,PRG005,2025-12-02,In Progress,Fully Paid,14999
ENR0004693,STU017163,PRG005,2024-12-16,Completed,Fully Paid,14999
ENR0004694,STU017165,PRG010,2025-11-25,Completed,Fully Paid,5999
ENR0004695,STU017166,PRG010,2024-03-13,Completed,Fully Paid,5999
ENR0004696,STU017167,PRG005,2025-06-01,Completed,Refunded,0
ENR0004697,STU017168,PRG002,2024-07-06,Completed,Fully Paid,19999
ENR0004698,STU017173,PRG010,2024-11-23,Completed,Fully Paid,5999
ENR0004699,STU017180,PRG003,2024-06-09,Completed,Fully Paid,32999
ENR0004700,STU017183,PRG004,2025-01-26,Completed,Fully Paid,27999
ENR0004701,STU017192,PRG003,2024-06-12,In Progress,Fully Paid,32999
ENR0004702,STU017194,PRG008,2025-09-02,Completed,Fully Paid,9999
ENR0004703,STU017197,PRG011,2025-12-26,Completed,Fully Paid,3999
ENR0004704,STU017213,PRG005,2024-07-10,Completed,Fully Paid,14999
ENR0004705,STU017216,PRG006,2024-03-02,Completed,Fully Paid,12999
ENR0004706,STU017221,PRG010,2025-11-02,Completed,Partially Paid,2570
ENR0004707,STU017225,PRG005,2025-09-13,Dropped,Pending,0
ENR0004708,STU017228,PRG008,2025-10-23,Completed,Fully Paid,9999
ENR0004709,STU017236,PRG009,2024-09-13,Completed,Fully Paid,4999
ENR0004710,STU017238,PRG008,2024-10-19,Dropped,Fully Paid,9999
ENR0004711,STU017240,PRG009,2024-09-21,Completed,Fully Paid,4999
ENR0004712,STU017241,PRG002,2025-06-10,Completed,Fully Paid,19999
ENR0004713,STU017243,PRG004,2024-06-13,Dropped,Partially Paid,13815
ENR0004714,STU017250,PRG007,2025-10-12,Dropped,Fully Paid,17999
ENR0004715,STU017252,PRG009,2025-11-15,Completed,Fully Paid,4999
ENR0004716,STU017255,PRG011,2024-12-26,In Progress,Refunded,0
ENR0004717,STU017256,PRG011,2024-08-22,Completed,Fully Paid,3999
ENR0004718,STU017257,PRG011,2024-07-03,Completed,Fully Paid,3999
ENR0004719,STU017261,PRG005,2025-01-18,Dropped,Partially Paid,4932
ENR0004720,STU017262,PRG010,2025-07-27,Dropped,Partially Paid,3975
ENR0004721,STU017263,PRG009,2024-07-07,Completed,Fully Paid,4999
ENR0004722,STU017264,PRG003,2024-03-26,Completed,Fully Paid,32999
ENR0004723,STU017265,PRG003,2025-01-23,Completed,Fully Paid,32999
ENR0004724,STU017266,PRG010,2024-07-03,Completed,Fully Paid,5999
ENR0004725,STU017274,PRG008,2025-12-04,Completed,Partially Paid,4852
ENR0004726,STU017282,PRG009,2024-02-04,Completed,Fully Paid,4999
ENR0004727,STU017285,PRG001,2025-02-27,Completed,Partially Paid,8482
ENR0004728,STU017286,PRG010,2024-03-08,Completed,Fully Paid,5999
ENR0004729,STU017292,PRG003,2024-08-09,Dropped,Fully Paid,32999
ENR0004730,STU017302,PRG005,2024-03-22,Completed,Fully Paid,14999
ENR0004731,STU017309,PRG010,2025-07-11,In Progress,Fully Paid,5999
ENR0004732,STU017323,PRG004,2025-09-25,Completed,Fully Paid,27999
ENR0004733,STU017333,PRG012,2024-10-31,Completed,Fully Paid,21999
ENR0004734,STU017336,PRG002,2025-04-14,Completed,Fully Paid,19999
ENR0004735,STU017338,PRG004,2025-03-07,Completed,Pending,0
ENR0004736,STU017343,PRG008,2024-01-31,Completed,Partially Paid,3629
ENR0004737,STU017347,PRG006,2024-12-07,Completed,Partially Paid,6806
ENR0004738,STU017348,PRG005,2025-10-19,Completed,Fully Paid,14999
ENR0004739,STU017351,PRG011,2024-05-08,Completed,Fully Paid,3999
ENR0004740,STU017352,PRG006,2025-06-26,Completed,Pending,0
ENR0004741,STU017356,PRG008,2024-11-06,Completed,Fully Paid,9999
ENR0004742,STU017361,PRG009,2025-09-09,Dropped,Fully Paid,4999
ENR0004743,STU017362,PRG001,2024-02-10,Completed,Fully Paid,24999
ENR0004744,STU017363,PRG010,2024-06-28,Completed,Fully Paid,5999
ENR0004745,STU017367,PRG009,2025-11-01,Completed,Fully Paid,4999
ENR0004746,STU017371,PRG011,2024-07-29,Completed,Fully Paid,3999
ENR0004747,STU017374,PRG003,2024-06-25,Completed,Fully Paid,32999
ENR0004748,STU017375,PRG002,2025-05-02,Completed,Partially Paid,6214
ENR0004749,STU017376,PRG005,2025-01-27,Completed,Fully Paid,14999
ENR0004750,STU017377,PRG005,2025-02-16,Completed,Partially Paid,7562
ENR0004751,STU017381,PRG006,2025-02-26,Completed,Fully Paid,12999
ENR0004752,STU017383,PRG010,2024-07-05,In Progress,Fully Paid,5999
ENR0004753,STU017388,PRG001,2025-05-11,Completed,Fully Paid,24999
ENR0004754,STU017391,PRG002,2024-09-05,Completed,Fully Paid,19999
ENR0004755,STU017396,PRG011,2025-02-20,In Progress,Fully Paid,3999
ENR0004756,STU017401,PRG010,2024-03-25,In Progress,Partially Paid,3740
ENR0004757,STU017406,PRG009,2025-11-17,Completed,Fully Paid,4999
ENR0004758,STU017407,PRG010,2024-09-01,Dropped,Fully Paid,5999
ENR0004759,STU017408,PRG008,2025-11-28,Completed,Pending,0
ENR0004760,STU017410,PRG010,2025-07-12,Completed,Fully Paid,5999
ENR0004761,STU017412,PRG002,2024-06-03,Completed,Fully Paid,19999
ENR0004762,STU017413,PRG007,2025-11-14,Completed,Fully Paid,17999
ENR0004763,STU017414,PRG008,2025-04-01,Completed,Refunded,0
ENR0004764,STU017415,PRG007,2025-09-08,Completed,Partially Paid,7021
ENR0004765,STU017424,PRG006,2025-05-31,Completed,Fully Paid,12999
ENR0004766,STU017432,PRG010,2025-02-22,In Progress,Partially Paid,4166
ENR0004767,STU017436,PRG005,2024-05-26,Completed,Partially Paid,4938
ENR0004768,STU017447,PRG009,2024-02-26,Completed,Fully Paid,4999
ENR0004769,STU017448,PRG002,2024-04-18,Completed,Fully Paid,19999
ENR0004770,STU017453,PRG011,2025-11-11,Completed,Fully Paid,3999
ENR0004771,STU017454,PRG002,2024-08-01,Completed,Fully Paid,19999
ENR0004772,STU017456,PRG004,2024-08-30,Completed,Fully Paid,27999
ENR0004773,STU017459,PRG009,2025-07-14,Completed,Fully Paid,4999
ENR0004774,STU017464,PRG009,2024-05-25,Dropped,Fully Paid,4999
ENR0004775,STU017472,PRG010,2024-07-29,Completed,Partially Paid,4136
ENR0004776,STU017475,PRG003,2024-06-04,Dropped,Fully Paid,32999
ENR0004777,STU017484,PRG001,2025-05-17,Completed,Refunded,0
ENR0004778,STU017487,PRG006,2025-08-21,Completed,Fully Paid,12999
ENR0004779,STU017492,PRG002,2024-08-18,Completed,Fully Paid,19999
ENR0004780,STU017495,PRG010,2025-05-27,Dropped,Fully Paid,5999
ENR0004781,STU017497,PRG009,2024-06-18,Completed,Fully Paid,4999
ENR0004782,STU017498,PRG005,2024-06-12,Completed,Fully Paid,14999
ENR0004783,STU017500,PRG002,2025-06-11,Completed,Fully Paid,19999
ENR0004784,STU017510,PRG007,2024-06-07,Completed,Fully Paid,17999
ENR0004785,STU017512,PRG005,2024-09-30,Completed,Fully Paid,14999
ENR0004786,STU017518,PRG011,2024-07-22,Completed,Fully Paid,3999
ENR0004787,STU017522,PRG008,2024-08-10,Completed,Fully Paid,9999
ENR0004788,STU017529,PRG008,2025-04-01,Completed,Fully Paid,9999
ENR0004789,STU017535,PRG002,2025-08-29,Completed,Fully Paid,19999
ENR0004790,STU017537,PRG004,2024-12-07,Completed,Fully Paid,27999
ENR0004791,STU017544,PRG008,2024-01-11,Completed,Fully Paid,9999
ENR0004792,STU017546,PRG004,2025-04-16,Completed,Fully Paid,27999
ENR0004793,STU017552,PRG009,2024-11-01,Completed,Fully Paid,4999
ENR0004794,STU017553,PRG006,2024-11-29,Completed,Fully Paid,12999
ENR0004795,STU017554,PRG002,2025-05-05,Completed,Fully Paid,19999
ENR0004796,STU017556,PRG001,2025-06-03,Completed,Fully Paid,24999
ENR0004797,STU017557,PRG008,2024-06-19,Completed,Pending,0
ENR0004798,STU017563,PRG005,2024-04-20,Completed,Fully Paid,14999
ENR0004799,STU017565,PRG007,2025-09-10,Dropped,Fully Paid,17999
ENR0004800,STU017570,PRG009,2024-08-07,Completed,Partially Paid,1825
ENR0004801,STU017572,PRG010,2024-12-07,Dropped,Fully Paid,5999
ENR0004802,STU017573,PRG010,2024-07-04,In Progress,Pending,0
ENR0004803,STU017576,PRG010,2024-04-21,Completed,Fully Paid,5999
ENR0004804,STU017580,PRG009,2024-07-10,Completed,Fully Paid,4999
ENR0004805,STU017583,PRG009,2025-01-26,Completed,Partially Paid,2307
ENR0004806,STU017584,PRG005,2024-03-11,Dropped,Fully Paid,14999
ENR0004807,STU017587,PRG002,2024-07-08,Completed,Fully Paid,19999
ENR0004808,STU017591,PRG001,2025-10-14,Completed,Fully Paid,24999
ENR0004809,STU017599,PRG002,2025-03-14,Completed,Pending,0
ENR0004810,STU017600,PRG009,2024-06-17,Completed,Fully Paid,4999
ENR0004811,STU017602,PRG001,2025-11-23,Completed,Fully Paid,24999
ENR0004812,STU017605,PRG001,2024-07-28,Completed,Partially Paid,14441
ENR0004813,STU017614,PRG001,2025-09-16,Completed,Partially Paid,10664
ENR0004814,STU017628,PRG006,2025-03-14,Completed,Fully Paid,12999
ENR0004815,STU017629,PRG003,2025-12-31,Completed,Fully Paid,32999
ENR0004816,STU017633,PRG009,2025-10-02,Completed,Fully Paid,4999
ENR0004817,STU017635,PRG011,2025-08-10,Completed,Partially Paid,2283
ENR0004818,STU017637,PRG010,2024-09-28,In Progress,Fully Paid,5999
ENR0004819,STU017644,PRG011,2025-12-31,Completed,Fully Paid,3999
ENR0004820,STU017647,PRG006,2024-04-13,In Progress,Partially Paid,7699
ENR0004821,STU017649,PRG004,2024-09-27,Completed,Fully Paid,27999
ENR0004822,STU017650,PRG001,2024-02-29,Completed,Partially Paid,11834
ENR0004823,STU017652,PRG008,2025-11-21,Completed,Fully Paid,9999
ENR0004824,STU017656,PRG001,2025-02-26,Completed,Fully Paid,24999
ENR0004825,STU017661,PRG004,2024-07-14,Completed,Fully Paid,27999
ENR0004826,STU017665,PRG009,2025-01-10,Completed,Fully Paid,4999
ENR0004827,STU017667,PRG010,2025-01-26,Completed,Fully Paid,5999
ENR0004828,STU017668,PRG004,2025-06-06,Completed,Pending,0
ENR0004829,STU017669,PRG009,2024-11-07,Completed,Partially Paid,1756
ENR0004830,STU017675,PRG009,2024-10-06,Completed,Refunded,0
ENR0004831,STU017677,PRG004,2025-04-25,Completed,Fully Paid,27999
ENR0004832,STU017681,PRG002,2025-02-05,Dropped,Partially Paid,9199
ENR0004833,STU017690,PRG005,2025-05-09,Completed,Fully Paid,14999
ENR0004834,STU017691,PRG009,2024-07-16,In Progress,Fully Paid,4999
ENR0004835,STU017693,PRG008,2025-12-31,Completed,Refunded,0
ENR0004836,STU017695,PRG005,2024-06-01,Completed,Fully Paid,14999
ENR0004837,STU017697,PRG005,2025-04-07,Completed,Fully Paid,14999
ENR0004838,STU017706,PRG009,2025-08-24,Completed,Fully Paid,4999
ENR0004839,STU017710,PRG011,2025-08-02,Completed,Fully Paid,3999
ENR0004840,STU017711,PRG010,2025-12-08,Completed,Fully Paid,5999
ENR0004841,STU017715,PRG008,2025-05-31,Completed,Fully Paid,9999
ENR0004842,STU017716,PRG008,2024-08-10,Completed,Fully Paid,9999
ENR0004843,STU017723,PRG011,2025-11-15,Completed,Fully Paid,3999
ENR0004844,STU017724,PRG003,2025-06-14,Completed,Fully Paid,32999
ENR0004845,STU017725,PRG003,2025-03-04,Completed,Pending,0
ENR0004846,STU017726,PRG010,2025-04-28,Dropped,Pending,0
ENR0004847,STU017727,PRG004,2025-12-31,Completed,Fully Paid,27999
ENR0004848,STU017728,PRG005,2025-09-07,Completed,Fully Paid,14999
ENR0004849,STU017734,PRG010,2025-12-30,Dropped,Fully Paid,5999
ENR0004850,STU017739,PRG011,2025-09-04,In Progress,Partially Paid,2178
ENR0004851,STU017744,PRG009,2024-10-06,Completed,Fully Paid,4999
ENR0004852,STU017747,PRG001,2025-02-14,Completed,Fully Paid,24999
ENR0004853,STU017748,PRG008,2025-07-12,Completed,Fully Paid,9999
ENR0004854,STU017750,PRG011,2024-11-30,Completed,Refunded,0
ENR0004855,STU017751,PRG009,2024-08-07,Completed,Fully Paid,4999
ENR0004856,STU017753,PRG010,2025-10-04,In Progress,Fully Paid,5999
ENR0004857,STU017755,PRG001,2025-12-23,Completed,Refunded,0
ENR0004858,STU017767,PRG011,2025-10-30,Completed,Fully Paid,3999
ENR0004859,STU017781,PRG011,2024-11-19,Completed,Partially Paid,2083
ENR0004860,STU017782,PRG006,2025-01-29,Completed,Partially Paid,5713
ENR0004861,STU017783,PRG002,2024-11-15,Completed,Fully Paid,19999
ENR0004862,STU017788,PRG005,2024-07-26,Completed,Fully Paid,14999
ENR0004863,STU017797,PRG002,2025-12-31,Completed,Fully Paid,19999
ENR0004864,STU017800,PRG002,2025-03-31,Completed,Fully Paid,19999
ENR0004865,STU017810,PRG002,2025-03-11,Completed,Fully Paid,19999
ENR0004866,STU017812,PRG009,2024-07-25,Completed,Partially Paid,3440
ENR0004867,STU017815,PRG006,2025-08-31,Completed,Fully Paid,12999
ENR0004868,STU017816,PRG008,2025-03-11,Completed,Fully Paid,9999
ENR0004869,STU017818,PRG004,2025-05-31,Completed,Partially Paid,11792
ENR0004870,STU017829,PRG012,2024-03-24,Completed,Fully Paid,21999
ENR0004871,STU017832,PRG003,2024-01-27,Completed,Partially Paid,14969
ENR0004872,STU017836,PRG010,2024-12-13,Completed,Pending,0
ENR0004873,STU017846,PRG006,2024-03-08,Completed,Fully Paid,12999
ENR0004874,STU017847,PRG009,2024-02-08,Completed,Fully Paid,4999
ENR0004875,STU017854,PRG010,2024-08-09,Dropped,Fully Paid,5999
ENR0004876,STU017855,PRG005,2025-06-23,Completed,Fully Paid,14999
ENR0004877,STU017857,PRG011,2024-11-19,Completed,Fully Paid,3999
ENR0004878,STU017859,PRG006,2025-05-14,Completed,Fully Paid,12999
ENR0004879,STU017861,PRG004,2024-08-03,Completed,Fully Paid,27999
ENR0004880,STU017868,PRG001,2024-09-20,Dropped,Fully Paid,24999
ENR0004881,STU017873,PRG003,2025-08-28,Dropped,Refunded,0
ENR0004882,STU017878,PRG004,2025-02-04,In Progress,Fully Paid,27999
ENR0004883,STU017880,PRG006,2025-08-30,Completed,Partially Paid,4429
ENR0004884,STU017881,PRG002,2024-03-14,Completed,Partially Paid,6885
ENR0004885,STU017883,PRG003,2024-03-03,In Progress,Refunded,0
ENR0004886,STU017885,PRG009,2024-10-16,Completed,Fully Paid,4999
ENR0004887,STU017886,PRG003,2024-06-28,Dropped,Fully Paid,32999
ENR0004888,STU017887,PRG003,2024-08-04,Completed,Fully Paid,32999
ENR0004889,STU017897,PRG011,2025-08-17,Completed,Fully Paid,3999
ENR0004890,STU017903,PRG009,2024-08-15,Completed,Fully Paid,4999
ENR0004891,STU017918,PRG001,2025-03-27,Completed,Fully Paid,24999
ENR0004892,STU017923,PRG011,2025-06-25,In Progress,Fully Paid,3999
ENR0004893,STU017928,PRG003,2024-10-21,Completed,Fully Paid,32999
ENR0004894,STU017930,PRG009,2024-04-26,Completed,Fully Paid,4999
ENR0004895,STU017938,PRG010,2025-06-15,Completed,Fully Paid,5999
ENR0004896,STU017941,PRG008,2025-05-19,Completed,Fully Paid,9999
ENR0004897,STU017947,PRG009,2024-07-02,Completed,Fully Paid,4999
ENR0004898,STU017949,PRG006,2024-06-16,Completed,Fully Paid,12999
ENR0004899,STU017950,PRG005,2024-07-25,Completed,Fully Paid,14999
ENR0004900,STU017952,PRG009,2025-10-19,Completed,Fully Paid,4999
ENR0004901,STU017953,PRG009,2025-12-31,Completed,Pending,0
ENR0004902,STU017955,PRG005,2025-08-06,Completed,Fully Paid,14999
ENR0004903,STU017958,PRG007,2024-05-16,Completed,Partially Paid,8004
ENR0004904,STU017961,PRG001,2025-07-14,Completed,Fully Paid,24999
ENR0004905,STU017962,PRG007,2025-12-31,Dropped,Fully Paid,17999
ENR0004906,STU017969,PRG003,2024-09-11,Completed,Fully Paid,32999
ENR0004907,STU017976,PRG002,2024-03-02,Completed,Fully Paid,19999
ENR0004908,STU017977,PRG008,2025-03-02,In Progress,Fully Paid,9999
ENR0004909,STU017981,PRG001,2025-04-27,Completed,Fully Paid,24999
ENR0004910,STU017986,PRG005,2025-09-07,Completed,Fully Paid,14999
ENR0004911,STU017989,PRG010,2024-06-19,Completed,Partially Paid,3756
ENR0004912,STU017991,PRG012,2024-07-31,Completed,Partially Paid,11397
ENR0004913,STU017995,PRG003,2025-12-19,Completed,Fully Paid,32999
ENR0004914,STU018000,PRG007,2024-10-09,Completed,Fully Paid,17999
ENR0004915,STU018001,PRG001,2024-08-07,Dropped,Fully Paid,24999
ENR0004916,STU018002,PRG001,2024-09-15,Completed,Partially Paid,12878
ENR0004917,STU018008,PRG003,2025-11-02,Dropped,Fully Paid,32999
ENR0004918,STU018011,PRG009,2025-10-23,Dropped,Fully Paid,4999
ENR0004919,STU018015,PRG002,2025-03-26,Completed,Fully Paid,19999
ENR0004920,STU018020,PRG012,2025-02-24,Completed,Fully Paid,21999
ENR0004921,STU018022,PRG001,2025-03-07,Completed,Partially Paid,15885
ENR0004922,STU018027,PRG003,2025-11-15,Completed,Fully Paid,32999
ENR0004923,STU018036,PRG005,2024-08-29,Completed,Fully Paid,14999
ENR0004924,STU018038,PRG009,2025-05-17,Completed,Partially Paid,2690
ENR0004925,STU018041,PRG010,2025-06-09,Completed,Fully Paid,5999
ENR0004926,STU018042,PRG002,2024-07-16,In Progress,Pending,0
ENR0004927,STU018043,PRG001,2024-05-28,Completed,Fully Paid,24999
ENR0004928,STU018045,PRG010,2024-06-04,Completed,Fully Paid,5999
ENR0004929,STU018047,PRG010,2025-02-07,Completed,Fully Paid,5999
ENR0004930,STU018049,PRG011,2025-03-09,Completed,Fully Paid,3999
ENR0004931,STU018054,PRG002,2024-03-23,Completed,Fully Paid,19999
ENR0004932,STU018058,PRG007,2024-08-22,Completed,Fully Paid,17999
ENR0004933,STU018059,PRG006,2024-03-04,Completed,Fully Paid,12999
ENR0004934,STU018060,PRG002,2024-01-31,Completed,Fully Paid,19999
ENR0004935,STU018063,PRG003,2025-10-07,Dropped,Fully Paid,32999
ENR0004936,STU018065,PRG005,2025-05-05,In Progress,Fully Paid,14999
ENR0004937,STU018069,PRG011,2024-04-22,Completed,Fully Paid,3999
ENR0004938,STU018070,PRG008,2025-11-20,Completed,Fully Paid,9999
ENR0004939,STU018079,PRG001,2025-05-03,Dropped,Pending,0
ENR0004940,STU018080,PRG005,2025-04-13,Completed,Fully Paid,14999
ENR0004941,STU018084,PRG012,2024-06-14,Completed,Fully Paid,21999
ENR0004942,STU018085,PRG001,2024-12-09,Completed,Fully Paid,24999
ENR0004943,STU018098,PRG004,2025-09-09,Completed,Fully Paid,27999
ENR0004944,STU018100,PRG005,2025-02-12,Completed,Fully Paid,14999
ENR0004945,STU018106,PRG004,2025-02-01,Completed,Fully Paid,27999
ENR0004946,STU018109,PRG003,2025-11-28,Completed,Fully Paid,32999
ENR0004947,STU018110,PRG001,2025-11-06,Completed,Fully Paid,24999
ENR0004948,STU018113,PRG007,2025-07-26,Completed,Fully Paid,17999
ENR0004949,STU018114,PRG004,2024-09-30,Completed,Fully Paid,27999
ENR0004950,STU018123,PRG005,2025-08-17,Completed,Fully Paid,14999
ENR0004951,STU018132,PRG011,2024-05-07,Completed,Partially Paid,2465
ENR0004952,STU018139,PRG007,2024-05-26,Completed,Fully Paid,17999
ENR0004953,STU018140,PRG008,2025-08-03,Completed,Partially Paid,6064
ENR0004954,STU018142,PRG001,2024-06-05,Completed,Fully Paid,24999
ENR0004955,STU018143,PRG010,2025-09-05,Dropped,Fully Paid,5999
ENR0004956,STU018149,PRG009,2025-04-02,Completed,Fully Paid,4999
ENR0004957,STU018152,PRG005,2025-08-28,Completed,Partially Paid,6079
ENR0004958,STU018156,PRG002,2025-08-07,Completed,Partially Paid,7237
ENR0004959,STU018160,PRG002,2025-06-19,Completed,Fully Paid,19999
ENR0004960,STU018161,PRG009,2025-06-29,Dropped,Fully Paid,4999
ENR0004961,STU018168,PRG001,2024-10-27,Completed,Pending,0
ENR0004962,STU018174,PRG002,2024-05-08,Completed,Pending,0
ENR0004963,STU018176,PRG004,2025-08-22,Completed,Fully Paid,27999
ENR0004964,STU018178,PRG008,2024-05-08,Completed,Fully Paid,9999
ENR0004965,STU018181,PRG001,2025-04-08,Completed,Refunded,0
ENR0004966,STU018195,PRG002,2024-10-31,Dropped,Fully Paid,19999
ENR0004967,STU018197,PRG009,2025-01-14,Completed,Fully Paid,4999
ENR0004968,STU018199,PRG010,2025-05-13,Completed,Fully Paid,5999
ENR0004969,STU018202,PRG004,2024-09-01,Completed,Fully Paid,27999
ENR0004970,STU018207,PRG012,2024-08-14,Completed,Refunded,0
ENR0004971,STU018210,PRG011,2025-03-18,Completed,Fully Paid,3999
ENR0004972,STU018216,PRG008,2024-02-04,Completed,Fully Paid,9999
ENR0004973,STU018219,PRG002,2024-02-07,Dropped,Fully Paid,19999
ENR0004974,STU018222,PRG010,2025-11-08,Completed,Fully Paid,5999
ENR0004975,STU018224,PRG010,2025-05-30,Completed,Partially Paid,2997
ENR0004976,STU018230,PRG009,2025-03-23,Completed,Fully Paid,4999
ENR0004977,STU018237,PRG005,2024-11-27,Completed,Fully Paid,14999
ENR0004978,STU018243,PRG010,2025-08-04,Completed,Partially Paid,4179
ENR0004979,STU018248,PRG009,2024-06-16,Completed,Pending,0
ENR0004980,STU018255,PRG010,2025-01-30,Completed,Pending,0
ENR0004981,STU018256,PRG006,2025-06-04,In Progress,Refunded,0
ENR0004982,STU018262,PRG009,2024-08-01,Completed,Fully Paid,4999
ENR0004983,STU018264,PRG009,2024-07-31,Completed,Pending,0
ENR0004984,STU018265,PRG006,2024-12-14,Completed,Fully Paid,12999
ENR0004985,STU018267,PRG005,2025-06-22,Completed,Fully Paid,14999
ENR0004986,STU018268,PRG009,2025-12-31,Completed,Fully Paid,4999
ENR0004987,STU018270,PRG006,2024-09-03,Dropped,Fully Paid,12999
ENR0004988,STU018277,PRG011,2025-01-24,Completed,Partially Paid,1558
ENR0004989,STU018280,PRG011,2024-03-02,Completed,Pending,0
ENR0004990,STU018287,PRG012,2024-02-10,In Progress,Fully Paid,21999
ENR0004991,STU018299,PRG009,2025-11-13,Completed,Fully Paid,4999
ENR0004992,STU018302,PRG010,2024-03-11,Completed,Fully Paid,5999
ENR0004993,STU018313,PRG002,2025-07-16,Completed,Fully Paid,19999
ENR0004994,STU018314,PRG001,2025-07-16,Completed,Fully Paid,24999
ENR0004995,STU018320,PRG011,2025-10-19,Completed,Fully Paid,3999
ENR0004996,STU018321,PRG001,2025-12-31,Completed,Refunded,0
ENR0004997,STU018329,PRG009,2024-08-10,Completed,Refunded,0
ENR0004998,STU018330,PRG010,2024-03-30,Completed,Fully Paid,5999
ENR0004999,STU018332,PRG009,2025-06-15,Dropped,Refunded,0
ENR0005000,STU018337,PRG005,2025-07-28,Completed,Fully Paid,14999
ENR0005001,STU018348,PRG006,2025-11-05,Completed,Fully Paid,12999
ENR0005002,STU018364,PRG001,2025-03-06,Completed,Fully Paid,24999
ENR0005003,STU018369,PRG011,2025-06-27,Completed,Partially Paid,2577
ENR0005004,STU018379,PRG005,2025-07-16,Completed,Partially Paid,10352
ENR0005005,STU018380,PRG004,2024-02-26,Completed,Fully Paid,27999
ENR0005006,STU018381,PRG001,2024-11-12,Completed,Fully Paid,24999
ENR0005007,STU018385,PRG011,2025-04-15,Completed,Fully Paid,3999
ENR0005008,STU018388,PRG010,2025-12-31,Completed,Pending,0
ENR0005009,STU018390,PRG010,2024-01-29,Completed,Fully Paid,5999
ENR0005010,STU018395,PRG011,2025-05-06,Completed,Partially Paid,1959
ENR0005011,STU018397,PRG001,2025-01-22,Completed,Fully Paid,24999
ENR0005012,STU018398,PRG009,2025-05-28,Completed,Fully Paid,4999
ENR0005013,STU018400,PRG004,2025-11-06,Completed,Fully Paid,27999
ENR0005014,STU018405,PRG001,2025-01-10,In Progress,Fully Paid,24999
ENR0005015,STU018409,PRG009,2024-11-06,In Progress,Fully Paid,4999
ENR0005016,STU018424,PRG001,2024-05-10,Completed,Fully Paid,24999
ENR0005017,STU018426,PRG010,2024-05-18,Dropped,Fully Paid,5999
ENR0005018,STU018430,PRG001,2024-05-13,Completed,Pending,0
ENR0005019,STU018433,PRG009,2024-07-08,Completed,Pending,0
ENR0005020,STU018436,PRG002,2024-03-05,Completed,Fully Paid,19999
ENR0005021,STU018439,PRG009,2025-02-12,Completed,Fully Paid,4999
ENR0005022,STU018442,PRG005,2025-11-07,Dropped,Pending,0
ENR0005023,STU018444,PRG004,2025-03-27,Dropped,Fully Paid,27999
ENR0005024,STU018446,PRG011,2024-09-05,Completed,Fully Paid,3999
ENR0005025,STU018450,PRG010,2025-08-15,Completed,Fully Paid,5999
ENR0005026,STU018455,PRG009,2025-04-27,Completed,Partially Paid,1506
ENR0005027,STU018457,PRG006,2025-08-17,Dropped,Fully Paid,12999
ENR0005028,STU018474,PRG004,2024-01-29,Completed,Pending,0
ENR0005029,STU018476,PRG003,2024-10-14,Completed,Fully Paid,32999
ENR0005030,STU018484,PRG002,2025-06-09,Completed,Pending,0
ENR0005031,STU018487,PRG008,2025-06-12,Completed,Fully Paid,9999
ENR0005032,STU018494,PRG011,2024-08-13,Completed,Fully Paid,3999
ENR0005033,STU018499,PRG010,2025-11-04,Completed,Fully Paid,5999
ENR0005034,STU018502,PRG001,2024-09-22,Completed,Fully Paid,24999
ENR0005035,STU018503,PRG009,2024-10-03,Completed,Partially Paid,2121
ENR0005036,STU018506,PRG011,2024-08-10,Completed,Pending,0
ENR0005037,STU018508,PRG010,2024-11-02,Completed,Fully Paid,5999
ENR0005038,STU018519,PRG002,2025-09-14,Completed,Refunded,0
ENR0005039,STU018533,PRG001,2024-02-28,Completed,Partially Paid,11507
ENR0005040,STU018534,PRG004,2024-11-16,Completed,Fully Paid,27999
ENR0005041,STU018536,PRG010,2025-03-20,Completed,Fully Paid,5999
ENR0005042,STU018538,PRG001,2025-02-27,Completed,Fully Paid,24999
ENR0005043,STU018540,PRG006,2025-10-10,Completed,Fully Paid,12999
ENR0005044,STU018542,PRG001,2024-02-23,Completed,Fully Paid,24999
ENR0005045,STU018544,PRG009,2024-07-11,Completed,Fully Paid,4999
ENR0005046,STU018553,PRG001,2024-08-17,Completed,Fully Paid,24999
ENR0005047,STU018555,PRG003,2024-04-07,Completed,Fully Paid,32999
ENR0005048,STU018556,PRG002,2025-03-28,Completed,Partially Paid,12540
ENR0005049,STU018557,PRG008,2024-04-29,Completed,Fully Paid,9999
ENR0005050,STU018560,PRG007,2024-11-27,Completed,Fully Paid,17999
ENR0005051,STU018562,PRG010,2024-08-01,Completed,Partially Paid,1819
ENR0005052,STU018564,PRG007,2024-11-02,Completed,Fully Paid,17999
ENR0005053,STU018565,PRG005,2025-08-22,Completed,Fully Paid,14999
ENR0005054,STU018567,PRG003,2024-02-21,Completed,Fully Paid,32999
ENR0005055,STU018572,PRG002,2025-09-26,Completed,Partially Paid,6516
ENR0005056,STU018573,PRG003,2024-02-06,Completed,Partially Paid,20611
ENR0005057,STU018576,PRG004,2024-09-28,Completed,Fully Paid,27999
ENR0005058,STU018577,PRG009,2024-07-10,Completed,Fully Paid,4999
ENR0005059,STU018581,PRG007,2025-03-31,Dropped,Fully Paid,17999
ENR0005060,STU018583,PRG010,2024-08-21,Dropped,Fully Paid,5999
ENR0005061,STU018594,PRG009,2024-12-02,Completed,Fully Paid,4999
ENR0005062,STU018595,PRG005,2024-05-23,Completed,Fully Paid,14999
ENR0005063,STU018601,PRG010,2024-03-01,In Progress,Partially Paid,3119
ENR0005064,STU018609,PRG002,2025-06-26,Dropped,Fully Paid,19999
ENR0005065,STU018613,PRG010,2024-11-21,Completed,Fully Paid,5999
ENR0005066,STU018614,PRG008,2025-12-22,Completed,Fully Paid,9999
ENR0005067,STU018615,PRG002,2024-03-21,Dropped,Fully Paid,19999
ENR0005068,STU018627,PRG010,2025-10-01,Completed,Partially Paid,3233
ENR0005069,STU018630,PRG004,2024-09-24,Dropped,Fully Paid,27999
ENR0005070,STU018631,PRG001,2025-11-10,Completed,Fully Paid,24999
ENR0005071,STU018634,PRG003,2025-04-20,Completed,Fully Paid,32999
ENR0005072,STU018640,PRG009,2024-08-02,Completed,Fully Paid,4999
ENR0005073,STU018644,PRG011,2024-04-02,Completed,Fully Paid,3999
ENR0005074,STU018650,PRG010,2025-08-19,Completed,Fully Paid,5999
ENR0005075,STU018651,PRG011,2025-09-10,Completed,Fully Paid,3999
ENR0005076,STU018656,PRG009,2024-09-11,Completed,Fully Paid,4999
ENR0005077,STU018657,PRG011,2024-07-29,Completed,Fully Paid,3999
ENR0005078,STU018663,PRG005,2024-07-06,Completed,Fully Paid,14999
ENR0005079,STU018667,PRG001,2025-02-06,Completed,Fully Paid,24999
ENR0005080,STU018671,PRG005,2025-08-20,Completed,Partially Paid,7213
ENR0005081,STU018672,PRG009,2025-12-31,Completed,Partially Paid,3013
ENR0005082,STU018681,PRG007,2025-03-10,In Progress,Fully Paid,17999
ENR0005083,STU018686,PRG001,2025-10-19,Dropped,Partially Paid,12875
ENR0005084,STU018687,PRG003,2025-01-11,Completed,Fully Paid,32999
ENR0005085,STU018696,PRG006,2024-09-26,In Progress,Fully Paid,12999
ENR0005086,STU018699,PRG009,2025-12-31,In Progress,Fully Paid,4999
ENR0005087,STU018706,PRG012,2024-11-02,Completed,Fully Paid,21999
ENR0005088,STU018715,PRG009,2025-06-15,Completed,Fully Paid,4999
ENR0005089,STU018717,PRG009,2025-12-31,Completed,Fully Paid,4999
ENR0005090,STU018718,PRG011,2025-07-31,Completed,Fully Paid,3999
ENR0005091,STU018724,PRG011,2025-04-17,Completed,Fully Paid,3999
ENR0005092,STU018725,PRG001,2025-10-20,Completed,Fully Paid,24999
ENR0005093,STU018735,PRG002,2024-03-29,Dropped,Partially Paid,10266
ENR0005094,STU018741,PRG006,2024-09-07,Completed,Fully Paid,12999
ENR0005095,STU018745,PRG011,2024-09-02,Completed,Fully Paid,3999
ENR0005096,STU018746,PRG002,2024-10-15,Completed,Partially Paid,10347
ENR0005097,STU018750,PRG010,2024-03-31,Dropped,Fully Paid,5999
ENR0005098,STU018755,PRG001,2024-12-17,Dropped,Fully Paid,24999
ENR0005099,STU018759,PRG010,2025-02-02,Completed,Fully Paid,5999
ENR0005100,STU018760,PRG004,2025-06-15,Completed,Fully Paid,27999
ENR0005101,STU018768,PRG010,2025-07-05,Dropped,Fully Paid,5999
ENR0005102,STU018769,PRG004,2024-08-17,Dropped,Fully Paid,27999
ENR0005103,STU018770,PRG009,2024-08-11,Completed,Fully Paid,4999
ENR0005104,STU018772,PRG001,2025-08-09,Completed,Fully Paid,24999
ENR0005105,STU018774,PRG010,2025-08-27,Completed,Fully Paid,5999
ENR0005106,STU018775,PRG010,2025-06-03,Completed,Fully Paid,5999
ENR0005107,STU018778,PRG009,2025-01-17,Completed,Fully Paid,4999
ENR0005108,STU018780,PRG003,2025-11-23,Dropped,Fully Paid,32999
ENR0005109,STU018791,PRG001,2025-04-04,Completed,Fully Paid,24999
ENR0005110,STU018793,PRG010,2025-09-24,Completed,Partially Paid,3787
ENR0005111,STU018794,PRG010,2024-06-14,Dropped,Fully Paid,5999
ENR0005112,STU018799,PRG007,2025-02-03,Completed,Fully Paid,17999
ENR0005113,STU018800,PRG010,2024-10-16,Completed,Pending,0
ENR0005114,STU018802,PRG010,2025-08-28,In Progress,Fully Paid,5999
ENR0005115,STU018820,PRG008,2025-03-11,Completed,Fully Paid,9999
ENR0005116,STU018821,PRG001,2025-05-15,Completed,Partially Paid,8802
ENR0005117,STU018824,PRG003,2024-08-29,Completed,Partially Paid,18979
ENR0005118,STU018830,PRG008,2024-07-29,Completed,Fully Paid,9999
ENR0005119,STU018833,PRG005,2024-06-25,Dropped,Fully Paid,14999
ENR0005120,STU018834,PRG001,2024-10-14,Completed,Fully Paid,24999
ENR0005121,STU018835,PRG011,2025-06-30,Completed,Fully Paid,3999
ENR0005122,STU018839,PRG001,2024-05-14,Completed,Fully Paid,24999
ENR0005123,STU018843,PRG001,2025-11-30,Completed,Fully Paid,24999
ENR0005124,STU018849,PRG010,2025-07-19,Completed,Fully Paid,5999
ENR0005125,STU018851,PRG010,2024-09-25,Completed,Fully Paid,5999
ENR0005126,STU018857,PRG005,2024-05-31,Completed,Fully Paid,14999
ENR0005127,STU018859,PRG012,2025-08-21,Completed,Fully Paid,21999
ENR0005128,STU018861,PRG001,2025-07-11,Completed,Partially Paid,14245
ENR0005129,STU018862,PRG004,2024-11-18,Completed,Fully Paid,27999
ENR0005130,STU018866,PRG007,2025-11-26,Completed,Fully Paid,17999
ENR0005131,STU018874,PRG010,2024-05-25,Completed,Fully Paid,5999
ENR0005132,STU018875,PRG010,2024-08-19,Dropped,Pending,0
ENR0005133,STU018876,PRG009,2025-05-13,Completed,Fully Paid,4999
ENR0005134,STU018877,PRG008,2025-11-21,Completed,Fully Paid,9999
ENR0005135,STU018882,PRG001,2025-08-01,Dropped,Fully Paid,24999
ENR0005136,STU018883,PRG010,2025-09-04,Dropped,Pending,0
ENR0005137,STU018884,PRG001,2025-12-31,Completed,Fully Paid,24999
ENR0005138,STU018887,PRG009,2025-05-20,Dropped,Fully Paid,4999
ENR0005139,STU018891,PRG001,2025-09-15,Completed,Fully Paid,24999
ENR0005140,STU018896,PRG007,2025-08-11,Completed,Fully Paid,17999
ENR0005141,STU018905,PRG002,2025-08-29,Completed,Fully Paid,19999
ENR0005142,STU018908,PRG002,2025-06-11,Completed,Fully Paid,19999
ENR0005143,STU018912,PRG002,2025-07-26,Completed,Partially Paid,11699
ENR0005144,STU018914,PRG005,2025-06-30,Completed,Fully Paid,14999
ENR0005145,STU018915,PRG005,2024-10-17,Completed,Pending,0
ENR0005146,STU018916,PRG011,2024-12-08,In Progress,Fully Paid,3999
ENR0005147,STU018917,PRG003,2025-08-21,In Progress,Fully Paid,32999
ENR0005148,STU018919,PRG008,2025-12-31,Dropped,Fully Paid,9999
ENR0005149,STU018920,PRG010,2025-01-22,Dropped,Pending,0
ENR0005150,STU018931,PRG001,2024-09-07,Completed,Partially Paid,9768
ENR0005151,STU018932,PRG005,2025-03-19,Completed,Fully Paid,14999
ENR0005152,STU018933,PRG006,2025-08-08,Completed,Fully Paid,12999
ENR0005153,STU018936,PRG010,2025-04-08,Completed,Fully Paid,5999
ENR0005154,STU018940,PRG001,2024-07-19,Completed,Refunded,0
ENR0005155,STU018941,PRG012,2025-03-15,Completed,Fully Paid,21999
ENR0005156,STU018942,PRG004,2025-08-28,Completed,Fully Paid,27999
ENR0005157,STU018945,PRG003,2025-04-09,Completed,Fully Paid,32999
ENR0005158,STU018947,PRG010,2025-03-09,In Progress,Fully Paid,5999
ENR0005159,STU018948,PRG001,2024-03-10,Completed,Fully Paid,24999
ENR0005160,STU018949,PRG001,2025-09-15,Completed,Pending,0
ENR0005161,STU018956,PRG010,2024-02-05,Completed,Fully Paid,5999
ENR0005162,STU018963,PRG001,2025-11-21,Completed,Fully Paid,24999
ENR0005163,STU018971,PRG002,2024-04-29,Completed,Fully Paid,19999
ENR0005164,STU018977,PRG002,2025-08-07,Completed,Fully Paid,19999
ENR0005165,STU018978,PRG005,2025-07-24,Completed,Fully Paid,14999
ENR0005166,STU018979,PRG002,2025-01-08,Completed,Fully Paid,19999
ENR0005167,STU018989,PRG011,2025-07-16,Completed,Fully Paid,3999
ENR0005168,STU018994,PRG009,2025-08-09,Completed,Pending,0
ENR0005169,STU018998,PRG011,2024-03-22,Completed,Fully Paid,3999
ENR0005170,STU018999,PRG011,2024-05-16,Completed,Fully Paid,3999
ENR0005171,STU019001,PRG008,2024-06-28,Completed,Pending,0
ENR0005172,STU019002,PRG004,2025-06-26,Completed,Partially Paid,15553
ENR0005173,STU019005,PRG001,2025-05-01,Completed,Pending,0
ENR0005174,STU019008,PRG001,2025-10-23,Dropped,Fully Paid,24999
ENR0005175,STU019010,PRG001,2024-07-18,Completed,Fully Paid,24999
ENR0005176,STU019012,PRG008,2025-12-27,Completed,Fully Paid,9999
ENR0005177,STU019014,PRG004,2024-07-31,Completed,Partially Paid,15398
ENR0005178,STU019018,PRG008,2024-10-18,Completed,Refunded,0
ENR0005179,STU019021,PRG004,2025-03-14,Dropped,Partially Paid,17218
ENR0005180,STU019022,PRG010,2024-10-01,Dropped,Fully Paid,5999
ENR0005181,STU019026,PRG004,2025-11-27,Completed,Pending,0
ENR0005182,STU019027,PRG007,2025-12-31,Completed,Fully Paid,17999
ENR0005183,STU019030,PRG001,2025-02-16,Completed,Fully Paid,24999
ENR0005184,STU019031,PRG006,2024-12-02,Completed,Fully Paid,12999
ENR0005185,STU019033,PRG007,2024-08-07,Dropped,Partially Paid,10959
ENR0005186,STU019034,PRG003,2025-11-20,Completed,Partially Paid,19240
ENR0005187,STU019041,PRG004,2025-06-03,Completed,Fully Paid,27999
ENR0005188,STU019043,PRG007,2024-05-22,Completed,Fully Paid,17999
ENR0005189,STU019044,PRG002,2024-09-10,Completed,Fully Paid,19999
ENR0005190,STU019045,PRG002,2025-06-10,Completed,Refunded,0
ENR0005191,STU019046,PRG002,2025-10-17,Completed,Fully Paid,19999
ENR0005192,STU019049,PRG011,2025-02-22,Completed,Partially Paid,1767
ENR0005193,STU019052,PRG007,2024-11-20,Completed,Fully Paid,17999
ENR0005194,STU019057,PRG009,2025-08-02,Completed,Fully Paid,4999
ENR0005195,STU019058,PRG005,2024-07-09,Completed,Partially Paid,5095
ENR0005196,STU019073,PRG010,2024-02-25,Dropped,Fully Paid,5999
ENR0005197,STU019074,PRG012,2025-03-05,Completed,Fully Paid,21999
ENR0005198,STU019080,PRG010,2025-08-17,Dropped,Fully Paid,5999
ENR0005199,STU019081,PRG010,2024-05-03,Dropped,Fully Paid,5999
ENR0005200,STU019083,PRG007,2025-01-16,Completed,Fully Paid,17999
ENR0005201,STU019085,PRG002,2025-10-18,Completed,Fully Paid,19999
ENR0005202,STU019088,PRG001,2025-10-11,Completed,Fully Paid,24999
ENR0005203,STU019101,PRG001,2024-08-09,In Progress,Fully Paid,24999
ENR0005204,STU019103,PRG003,2025-07-14,Completed,Fully Paid,32999
ENR0005205,STU019107,PRG001,2024-03-17,Completed,Pending,0
ENR0005206,STU019108,PRG010,2024-11-09,Completed,Fully Paid,5999
ENR0005207,STU019109,PRG012,2024-08-08,Completed,Fully Paid,21999
ENR0005208,STU019118,PRG005,2024-04-26,Completed,Fully Paid,14999
ENR0005209,STU019126,PRG002,2025-12-31,Completed,Pending,0
ENR0005210,STU019127,PRG006,2024-11-18,Completed,Partially Paid,4623
ENR0005211,STU019131,PRG010,2025-05-16,Dropped,Fully Paid,5999
ENR0005212,STU019132,PRG010,2025-09-05,Completed,Fully Paid,5999
ENR0005213,STU019137,PRG005,2025-07-23,Completed,Fully Paid,14999
ENR0005214,STU019139,PRG005,2025-04-03,Completed,Fully Paid,14999
ENR0005215,STU019144,PRG005,2024-02-19,Completed,Fully Paid,14999
ENR0005216,STU019145,PRG006,2024-11-03,Completed,Fully Paid,12999
ENR0005217,STU019147,PRG007,2024-03-25,Completed,Partially Paid,7739
ENR0005218,STU019156,PRG007,2025-05-14,Dropped,Fully Paid,17999
ENR0005219,STU019165,PRG004,2025-03-14,Completed,Partially Paid,8642
ENR0005220,STU019167,PRG007,2024-05-01,Completed,Fully Paid,17999
ENR0005221,STU019169,PRG009,2025-06-18,Completed,Fully Paid,4999
ENR0005222,STU019175,PRG010,2025-08-12,Completed,Fully Paid,5999
ENR0005223,STU019176,PRG009,2025-04-28,Dropped,Fully Paid,4999
ENR0005224,STU019177,PRG010,2025-07-09,Completed,Partially Paid,3647
ENR0005225,STU019181,PRG005,2025-03-10,Completed,Fully Paid,14999
ENR0005226,STU019182,PRG007,2025-06-05,Completed,Fully Paid,17999
ENR0005227,STU019190,PRG011,2025-09-02,Completed,Fully Paid,3999
ENR0005228,STU019194,PRG009,2025-09-29,Completed,Refunded,0
ENR0005229,STU019216,PRG009,2025-05-07,Completed,Partially Paid,2939
ENR0005230,STU019221,PRG009,2025-10-12,Completed,Pending,0
ENR0005231,STU019222,PRG011,2025-12-31,Completed,Fully Paid,3999
ENR0005232,STU019223,PRG010,2024-09-28,Dropped,Fully Paid,5999
ENR0005233,STU019227,PRG010,2025-02-13,Completed,Fully Paid,5999
ENR0005234,STU019228,PRG003,2025-06-29,Dropped,Partially Paid,17316
ENR0005235,STU019229,PRG004,2024-10-14,Completed,Fully Paid,27999
ENR0005236,STU019239,PRG001,2025-12-31,Completed,Pending,0
ENR0005237,STU019246,PRG005,2025-10-27,Completed,Fully Paid,14999
ENR0005238,STU019250,PRG004,2024-06-17,Completed,Fully Paid,27999
ENR0005239,STU019259,PRG007,2024-07-07,Dropped,Refunded,0
ENR0005240,STU019263,PRG011,2024-10-14,Completed,Fully Paid,3999
ENR0005241,STU019273,PRG005,2025-12-28,Completed,Fully Paid,14999
ENR0005242,STU019275,PRG008,2025-06-09,Completed,Fully Paid,9999
ENR0005243,STU019282,PRG011,2024-06-23,Completed,Fully Paid,3999
ENR0005244,STU019285,PRG008,2025-02-07,Completed,Fully Paid,9999
ENR0005245,STU019290,PRG010,2025-08-25,Completed,Fully Paid,5999
ENR0005246,STU019293,PRG009,2024-12-20,Completed,Fully Paid,4999
ENR0005247,STU019294,PRG012,2024-08-28,Completed,Fully Paid,21999
ENR0005248,STU019296,PRG005,2024-10-04,Completed,Fully Paid,14999
ENR0005249,STU019309,PRG001,2024-02-14,Completed,Fully Paid,24999
ENR0005250,STU019311,PRG001,2025-10-02,Completed,Fully Paid,24999
ENR0005251,STU019313,PRG002,2024-09-14,Completed,Fully Paid,19999
ENR0005252,STU019316,PRG005,2025-02-04,Completed,Fully Paid,14999
ENR0005253,STU019318,PRG002,2025-10-26,Completed,Fully Paid,19999
ENR0005254,STU019319,PRG010,2025-08-05,Completed,Fully Paid,5999
ENR0005255,STU019322,PRG010,2024-06-12,Completed,Fully Paid,5999
ENR0005256,STU019323,PRG011,2025-05-19,Completed,Fully Paid,3999
ENR0005257,STU019328,PRG005,2025-02-22,Completed,Fully Paid,14999
ENR0005258,STU019329,PRG011,2024-03-16,Completed,Fully Paid,3999
ENR0005259,STU019330,PRG010,2024-12-31,Dropped,Fully Paid,5999
ENR0005260,STU019331,PRG006,2025-03-14,Dropped,Fully Paid,12999
ENR0005261,STU019335,PRG002,2024-12-19,Completed,Fully Paid,19999
ENR0005262,STU019338,PRG002,2025-12-02,Completed,Fully Paid,19999
ENR0005263,STU019339,PRG011,2025-11-27,Completed,Fully Paid,3999
ENR0005264,STU019352,PRG010,2024-07-23,Completed,Partially Paid,2515
ENR0005265,STU019363,PRG010,2025-07-26,Completed,Fully Paid,5999
ENR0005266,STU019364,PRG003,2025-12-31,Completed,Fully Paid,32999
ENR0005267,STU019370,PRG008,2025-02-22,Completed,Fully Paid,9999
ENR0005268,STU019371,PRG002,2025-09-08,Completed,Fully Paid,19999
ENR0005269,STU019374,PRG001,2024-03-01,Completed,Fully Paid,24999
ENR0005270,STU019376,PRG005,2024-06-28,Completed,Fully Paid,14999
ENR0005271,STU019383,PRG011,2025-04-07,Completed,Fully Paid,3999
ENR0005272,STU019386,PRG009,2025-04-06,Completed,Fully Paid,4999
ENR0005273,STU019387,PRG005,2025-09-01,Completed,Fully Paid,14999
ENR0005274,STU019390,PRG002,2025-01-01,Completed,Fully Paid,19999
ENR0005275,STU019392,PRG007,2025-06-02,Completed,Fully Paid,17999
ENR0005276,STU019396,PRG001,2024-12-27,Completed,Fully Paid,24999
ENR0005277,STU019408,PRG005,2025-09-29,Completed,Partially Paid,4614
ENR0005278,STU019409,PRG005,2025-07-30,Completed,Fully Paid,14999
ENR0005279,STU019412,PRG010,2025-02-20,Completed,Partially Paid,2120
ENR0005280,STU019416,PRG011,2025-05-22,Completed,Partially Paid,1831
ENR0005281,STU019420,PRG004,2025-02-23,Completed,Partially Paid,11972
ENR0005282,STU019422,PRG002,2024-09-26,Completed,Partially Paid,10583
ENR0005283,STU019424,PRG005,2025-01-24,Completed,Pending,0
ENR0005284,STU019430,PRG008,2024-02-26,Completed,Fully Paid,9999
ENR0005285,STU019431,PRG010,2024-09-04,Dropped,Fully Paid,5999
ENR0005286,STU019436,PRG011,2024-07-11,Completed,Fully Paid,3999
ENR0005287,STU019437,PRG002,2025-11-12,Completed,Fully Paid,19999
ENR0005288,STU019438,PRG012,2024-06-07,In Progress,Fully Paid,21999
ENR0005289,STU019444,PRG002,2024-11-29,Completed,Fully Paid,19999
ENR0005290,STU019445,PRG005,2025-04-27,Completed,Fully Paid,14999
ENR0005291,STU019446,PRG001,2025-05-16,Dropped,Pending,0
ENR0005292,STU019458,PRG002,2024-04-18,Completed,Fully Paid,19999
ENR0005293,STU019459,PRG009,2025-04-07,Completed,Fully Paid,4999
ENR0005294,STU019463,PRG001,2025-05-23,Completed,Fully Paid,24999
ENR0005295,STU019470,PRG010,2024-09-21,Completed,Fully Paid,5999
ENR0005296,STU019471,PRG011,2025-05-29,Completed,Fully Paid,3999
ENR0005297,STU019472,PRG009,2024-10-20,Completed,Fully Paid,4999
ENR0005298,STU019476,PRG011,2025-02-16,Completed,Fully Paid,3999
ENR0005299,STU019477,PRG002,2025-11-04,Completed,Partially Paid,10998
ENR0005300,STU019480,PRG009,2025-07-15,Completed,Pending,0
ENR0005301,STU019482,PRG010,2025-06-23,Completed,Partially Paid,2351
ENR0005302,STU019489,PRG010,2025-04-17,Dropped,Fully Paid,5999
ENR0005303,STU019490,PRG001,2025-02-23,Completed,Fully Paid,24999
ENR0005304,STU019496,PRG002,2024-03-18,Completed,Fully Paid,19999
ENR0005305,STU019509,PRG011,2024-09-22,Completed,Fully Paid,3999
ENR0005306,STU019521,PRG001,2024-03-13,Completed,Fully Paid,24999
ENR0005307,STU019523,PRG010,2024-03-19,Completed,Fully Paid,5999
ENR0005308,STU019530,PRG002,2025-06-11,Completed,Partially Paid,8373
ENR0005309,STU019534,PRG006,2025-12-30,Completed,Fully Paid,12999
ENR0005310,STU019536,PRG010,2024-02-12,Completed,Fully Paid,5999
ENR0005311,STU019545,PRG001,2024-04-29,Completed,Fully Paid,24999
ENR0005312,STU019546,PRG009,2024-11-22,In Progress,Partially Paid,2334
ENR0005313,STU019547,PRG008,2024-08-08,Completed,Fully Paid,9999
ENR0005314,STU019550,PRG007,2024-08-26,Completed,Fully Paid,17999
ENR0005315,STU019555,PRG010,2024-12-22,Dropped,Fully Paid,5999
ENR0005316,STU019561,PRG006,2025-01-29,Completed,Partially Paid,5881
ENR0005317,STU019562,PRG001,2024-10-22,Completed,Partially Paid,10962
ENR0005318,STU019563,PRG008,2025-03-23,Completed,Fully Paid,9999
ENR0005319,STU019567,PRG005,2024-12-20,Completed,Fully Paid,14999
ENR0005320,STU019572,PRG008,2024-02-03,Completed,Fully Paid,9999
ENR0005321,STU019573,PRG007,2024-11-30,Completed,Fully Paid,17999
ENR0005322,STU019577,PRG006,2025-07-09,In Progress,Fully Paid,12999
ENR0005323,STU019583,PRG012,2024-02-25,Completed,Fully Paid,21999
ENR0005324,STU019584,PRG001,2025-10-05,Completed,Partially Paid,8875
ENR0005325,STU019590,PRG009,2024-06-29,Completed,Fully Paid,4999
ENR0005326,STU019591,PRG006,2025-02-11,Completed,Partially Paid,6947
ENR0005327,STU019593,PRG009,2025-05-05,Completed,Refunded,0
ENR0005328,STU019595,PRG012,2025-05-20,Dropped,Fully Paid,21999
ENR0005329,STU019599,PRG001,2024-12-03,Dropped,Fully Paid,24999
ENR0005330,STU019602,PRG011,2024-08-30,Completed,Fully Paid,3999
ENR0005331,STU019603,PRG008,2024-09-19,Completed,Fully Paid,9999
ENR0005332,STU019607,PRG004,2025-11-28,Completed,Pending,0
ENR0005333,STU019608,PRG010,2024-10-28,In Progress,Fully Paid,5999
ENR0005334,STU019611,PRG002,2024-06-03,Completed,Fully Paid,19999
ENR0005335,STU019616,PRG010,2024-01-25,Completed,Fully Paid,5999
ENR0005336,STU019619,PRG010,2025-12-07,Completed,Fully Paid,5999
ENR0005337,STU019630,PRG009,2024-03-05,Completed,Fully Paid,4999
ENR0005338,STU019636,PRG003,2025-10-07,Completed,Partially Paid,22456
ENR0005339,STU019637,PRG012,2024-07-04,Completed,Fully Paid,21999
ENR0005340,STU019639,PRG001,2025-03-11,Completed,Fully Paid,24999
ENR0005341,STU019650,PRG011,2025-08-06,Completed,Fully Paid,3999
ENR0005342,STU019653,PRG001,2025-06-12,Completed,Fully Paid,24999
ENR0005343,STU019654,PRG006,2025-09-08,Completed,Fully Paid,12999
ENR0005344,STU019656,PRG012,2024-12-10,Completed,Fully Paid,21999
ENR0005345,STU019664,PRG010,2024-11-22,Completed,Fully Paid,5999
ENR0005346,STU019667,PRG005,2024-04-23,Completed,Partially Paid,10021
ENR0005347,STU019671,PRG009,2024-12-26,Completed,Fully Paid,4999
ENR0005348,STU019674,PRG001,2024-08-26,Dropped,Fully Paid,24999
ENR0005349,STU019677,PRG002,2025-08-20,Completed,Fully Paid,19999
ENR0005350,STU019680,PRG012,2025-10-16,Completed,Fully Paid,21999
ENR0005351,STU019682,PRG001,2025-10-15,Completed,Fully Paid,24999
ENR0005352,STU019684,PRG009,2025-07-20,Completed,Pending,0
ENR0005353,STU019689,PRG007,2024-10-05,Dropped,Partially Paid,8728
ENR0005354,STU019692,PRG009,2025-02-23,Completed,Fully Paid,4999
ENR0005355,STU019701,PRG002,2025-06-08,Completed,Fully Paid,19999
ENR0005356,STU019704,PRG001,2025-10-09,Completed,Fully Paid,24999
ENR0005357,STU019705,PRG002,2024-10-08,Completed,Partially Paid,10492
ENR0005358,STU019706,PRG001,2025-07-05,Completed,Fully Paid,24999
ENR0005359,STU019709,PRG003,2024-02-21,Completed,Fully Paid,32999
ENR0005360,STU019715,PRG004,2024-04-12,Dropped,Fully Paid,27999
ENR0005361,STU019717,PRG008,2024-07-11,Dropped,Refunded,0
ENR0005362,STU019721,PRG008,2025-03-02,Completed,Fully Paid,9999
ENR0005363,STU019725,PRG012,2025-09-07,Completed,Fully Paid,21999
ENR0005364,STU019728,PRG008,2024-07-14,In Progress,Pending,0
ENR0005365,STU019729,PRG001,2025-07-27,Completed,Partially Paid,13610
ENR0005366,STU019732,PRG011,2025-01-01,Completed,Fully Paid,3999
ENR0005367,STU019733,PRG004,2025-07-12,Completed,Fully Paid,27999
ENR0005368,STU019734,PRG004,2025-02-26,Completed,Fully Paid,27999
ENR0005369,STU019744,PRG003,2024-09-30,Completed,Fully Paid,32999
ENR0005370,STU019747,PRG001,2024-02-10,Completed,Pending,0
ENR0005371,STU019748,PRG006,2025-08-12,Completed,Partially Paid,5755
ENR0005372,STU019750,PRG007,2025-01-02,Completed,Fully Paid,17999
ENR0005373,STU019757,PRG011,2024-08-19,Completed,Fully Paid,3999
ENR0005374,STU019761,PRG009,2025-08-28,Completed,Partially Paid,3311
ENR0005375,STU019763,PRG005,2024-09-24,Completed,Fully Paid,14999
ENR0005376,STU019766,PRG006,2024-11-29,Completed,Pending,0
ENR0005377,STU019771,PRG008,2024-03-16,In Progress,Fully Paid,9999
ENR0005378,STU019772,PRG010,2025-11-10,Completed,Fully Paid,5999
ENR0005379,STU019774,PRG009,2025-11-11,Completed,Fully Paid,4999
ENR0005380,STU019778,PRG006,2024-08-22,Completed,Fully Paid,12999
ENR0005381,STU019784,PRG005,2024-11-09,Dropped,Pending,0
ENR0005382,STU019788,PRG010,2025-04-02,Dropped,Partially Paid,2509
ENR0005383,STU019790,PRG010,2025-07-18,In Progress,Fully Paid,5999
ENR0005384,STU019791,PRG007,2024-09-12,Completed,Fully Paid,17999
ENR0005385,STU019794,PRG011,2025-09-13,Completed,Pending,0
ENR0005386,STU019815,PRG001,2025-11-30,Completed,Fully Paid,24999
ENR0005387,STU019820,PRG001,2025-12-31,Dropped,Fully Paid,24999
ENR0005388,STU019822,PRG004,2025-11-24,Completed,Fully Paid,27999
ENR0005389,STU019824,PRG003,2024-10-22,Completed,Refunded,0
ENR0005390,STU019825,PRG008,2025-12-31,In Progress,Partially Paid,6533
ENR0005391,STU019834,PRG010,2025-08-11,Completed,Fully Paid,5999
ENR0005392,STU019841,PRG003,2025-01-28,Completed,Fully Paid,32999
ENR0005393,STU019842,PRG007,2024-08-15,Completed,Fully Paid,17999
ENR0005394,STU019844,PRG009,2024-03-11,Completed,Pending,0
ENR0005395,STU019846,PRG002,2025-04-29,Completed,Fully Paid,19999
ENR0005396,STU019851,PRG006,2024-04-09,Completed,Partially Paid,6577
ENR0005397,STU019853,PRG009,2025-02-25,Completed,Pending,0
ENR0005398,STU019857,PRG004,2024-10-21,Completed,Fully Paid,27999
ENR0005399,STU019867,PRG003,2025-07-12,Completed,Fully Paid,32999
ENR0005400,STU019868,PRG003,2024-03-26,Completed,Fully Paid,32999
ENR0005401,STU019869,PRG001,2024-06-04,Completed,Pending,0
ENR0005402,STU019870,PRG001,2025-07-27,Completed,Pending,0
ENR0005403,STU019881,PRG005,2024-08-13,Completed,Fully Paid,14999
ENR0005404,STU019887,PRG011,2025-01-23,Completed,Fully Paid,3999
ENR0005405,STU019889,PRG010,2025-03-31,Completed,Fully Paid,5999
ENR0005406,STU019892,PRG002,2025-07-19,Completed,Pending,0
ENR0005407,STU019895,PRG006,2024-04-27,Completed,Fully Paid,12999
ENR0005408,STU019901,PRG009,2025-09-28,Completed,Fully Paid,4999
ENR0005409,STU019902,PRG011,2025-09-24,Completed,Partially Paid,1935
ENR0005410,STU019905,PRG004,2024-09-17,Completed,Fully Paid,27999
ENR0005411,STU019915,PRG009,2025-02-18,Completed,Fully Paid,4999
ENR0005412,STU019930,PRG002,2025-08-13,In Progress,Fully Paid,19999
ENR0005413,STU019932,PRG002,2025-07-22,Completed,Refunded,0
ENR0005414,STU019935,PRG010,2025-12-18,Dropped,Fully Paid,5999
ENR0005415,STU019937,PRG005,2025-12-31,Completed,Fully Paid,14999
ENR0005416,STU019939,PRG010,2025-12-30,Dropped,Fully Paid,5999
ENR0005417,STU019940,PRG002,2024-12-05,Completed,Fully Paid,19999
ENR0005418,STU019941,PRG002,2024-03-12,Completed,Fully Paid,19999
ENR0005419,STU019942,PRG010,2025-09-18,Completed,Fully Paid,5999
ENR0005420,STU019943,PRG001,2025-04-13,Completed,Fully Paid,24999
ENR0005421,STU019947,PRG009,2025-11-09,Completed,Fully Paid,4999
ENR0005422,STU019950,PRG012,2025-07-23,Completed,Fully Paid,21999
ENR0005423,STU019955,PRG001,2025-12-31,Dropped,Partially Paid,13487
ENR0005424,STU019957,PRG006,2024-10-23,Dropped,Refunded,0
ENR0005425,STU019962,PRG009,2025-06-04,Dropped,Fully Paid,4999
ENR0005426,STU019968,PRG009,2024-12-23,Completed,Partially Paid,2022
ENR0005427,STU019970,PRG010,2024-01-29,Completed,Refunded,0
ENR0005428,STU019972,PRG009,2024-07-27,Dropped,Partially Paid,3163
ENR0005429,STU019973,PRG008,2025-10-30,In Progress,Fully Paid,9999
ENR0005430,STU019976,PRG011,2024-12-25,Completed,Fully Paid,3999
ENR0005431,STU019979,PRG007,2025-01-29,Completed,Fully Paid,17999
ENR0005432,STU019987,PRG010,2024-12-25,Dropped,Fully Paid,5999
ENR0005433,STU019992,PRG004,2024-06-18,Completed,Fully Paid,27999
ENR0005434,STU019994,PRG008,2025-03-04,Completed,Partially Paid,5806
ENR0005435,STU019998,PRG012,2024-12-30,Completed,Fully Paid,21999
ENR0005436,STU020002,PRG012,2024-08-06,Completed,Partially Paid,14117
ENR0005437,STU020006,PRG007,2025-12-23,Completed,Partially Paid,6948
ENR0005438,STU020012,PRG009,2025-11-06,Completed,Fully Paid,4999
ENR0005439,STU020016,PRG002,2025-08-02,Completed,Fully Paid,19999
ENR0005440,STU020018,PRG010,2024-10-30,Dropped,Fully Paid,5999
ENR0005441,STU020022,PRG005,2025-11-26,Completed,Pending,0
ENR0005442,STU020024,PRG005,2024-06-13,Completed,Fully Paid,14999
ENR0005443,STU020027,PRG004,2024-06-03,Dropped,Partially Paid,17361
ENR0005444,STU020030,PRG003,2024-08-07,Completed,Refunded,0
ENR0005445,STU020033,PRG009,2025-02-25,Completed,Fully Paid,4999
ENR0005446,STU020034,PRG004,2025-05-16,Completed,Pending,0
ENR0005447,STU020043,PRG005,2025-04-28,Completed,Pending,0
ENR0005448,STU020044,PRG001,2025-08-23,Completed,Partially Paid,13750
ENR0005449,STU020046,PRG001,2024-06-15,Completed,Pending,0
ENR0005450,STU020052,PRG005,2025-09-28,Completed,Fully Paid,14999
ENR0005451,STU020056,PRG011,2025-06-22,Dropped,Fully Paid,3999
ENR0005452,STU020057,PRG012,2024-06-01,Dropped,Fully Paid,21999
ENR0005453,STU020061,PRG009,2025-04-21,Completed,Fully Paid,4999
ENR0005454,STU020068,PRG002,2025-05-29,Completed,Partially Paid,10681
ENR0005455,STU020069,PRG001,2025-06-29,Dropped,Pending,0
ENR0005456,STU020076,PRG010,2024-02-03,Completed,Fully Paid,5999
ENR0005457,STU020080,PRG006,2025-12-09,Completed,Fully Paid,12999
ENR0005458,STU020082,PRG009,2025-01-31,Completed,Pending,0
ENR0005459,STU020088,PRG006,2025-12-31,Completed,Partially Paid,3917
ENR0005460,STU020092,PRG008,2024-12-24,Completed,Pending,0
ENR0005461,STU020095,PRG008,2024-10-27,Completed,Fully Paid,9999
ENR0005462,STU020097,PRG003,2024-05-23,Completed,Fully Paid,32999
ENR0005463,STU020098,PRG007,2024-01-16,Completed,Fully Paid,17999
ENR0005464,STU020108,PRG012,2025-04-23,Completed,Fully Paid,21999
ENR0005465,STU020113,PRG002,2024-06-18,Completed,Fully Paid,19999
ENR0005466,STU020117,PRG003,2024-05-21,Completed,Fully Paid,32999
ENR0005467,STU020119,PRG002,2024-12-18,Completed,Fully Paid,19999
ENR0005468,STU020120,PRG010,2025-06-19,Completed,Fully Paid,5999
ENR0005469,STU020125,PRG008,2025-09-16,Completed,Partially Paid,5640
ENR0005470,STU020132,PRG010,2025-11-15,Completed,Pending,0
ENR0005471,STU020134,PRG008,2024-09-07,Completed,Refunded,0
ENR0005472,STU020139,PRG004,2025-01-24,Completed,Partially Paid,15770
ENR0005473,STU020144,PRG009,2024-09-02,Completed,Fully Paid,4999
ENR0005474,STU020148,PRG009,2025-12-31,Completed,Fully Paid,4999
ENR0005475,STU020149,PRG008,2025-12-31,Completed,Pending,0
ENR0005476,STU020150,PRG007,2025-12-11,Dropped,Fully Paid,17999
ENR0005477,STU020159,PRG002,2025-08-11,Completed,Fully Paid,19999
ENR0005478,STU020160,PRG009,2024-03-10,Completed,Partially Paid,2230
ENR0005479,STU020163,PRG012,2025-12-25,Completed,Pending,0
ENR0005480,STU020164,PRG005,2024-03-26,In Progress,Fully Paid,14999
ENR0005481,STU020165,PRG005,2025-06-19,Completed,Fully Paid,14999
ENR0005482,STU020166,PRG009,2025-04-03,Completed,Partially Paid,1722
ENR0005483,STU020169,PRG009,2024-07-03,Completed,Fully Paid,4999
ENR0005484,STU020172,PRG008,2025-04-10,Completed,Fully Paid,9999
ENR0005485,STU020178,PRG009,2025-08-01,Completed,Pending,0
ENR0005486,STU020192,PRG005,2024-11-27,Completed,Fully Paid,14999
ENR0005487,STU020194,PRG010,2024-11-26,Completed,Partially Paid,2111
ENR0005488,STU020200,PRG012,2025-08-01,In Progress,Refunded,0
ENR0005489,STU020201,PRG006,2025-11-10,Completed,Fully Paid,12999
ENR0005490,STU020203,PRG011,2024-09-09,Completed,Fully Paid,3999
ENR0005491,STU020206,PRG011,2025-03-08,Completed,Fully Paid,3999
ENR0005492,STU020217,PRG005,2024-02-09,Completed,Partially Paid,6404
ENR0005493,STU020221,PRG010,2025-10-17,Completed,Partially Paid,2928
ENR0005494,STU020222,PRG010,2025-07-08,Dropped,Refunded,0
ENR0005495,STU020223,PRG004,2025-03-26,Completed,Fully Paid,27999
ENR0005496,STU020225,PRG009,2025-03-09,Completed,Fully Paid,4999
ENR0005497,STU020226,PRG011,2025-02-11,Completed,Fully Paid,3999
ENR0005498,STU020230,PRG006,2024-10-18,Completed,Fully Paid,12999
ENR0005499,STU020232,PRG005,2025-11-04,Completed,Fully Paid,14999
ENR0005500,STU020238,PRG001,2025-01-04,Completed,Fully Paid,24999
ENR0005501,STU020241,PRG010,2025-04-18,Completed,Pending,0
ENR0005502,STU020244,PRG010,2025-09-24,Completed,Fully Paid,5999
ENR0005503,STU020246,PRG010,2024-04-30,Completed,Fully Paid,5999
ENR0005504,STU020255,PRG001,2025-10-26,Completed,Pending,0
ENR0005505,STU020260,PRG009,2024-03-07,Completed,Fully Paid,4999
ENR0005506,STU020261,PRG006,2024-10-25,Completed,Fully Paid,12999
ENR0005507,STU020266,PRG002,2025-12-31,Completed,Fully Paid,19999
ENR0005508,STU020279,PRG010,2025-06-22,Completed,Pending,0
ENR0005509,STU020292,PRG011,2025-12-02,Completed,Fully Paid,3999
ENR0005510,STU020297,PRG008,2025-10-08,Dropped,Fully Paid,9999
ENR0005511,STU020300,PRG001,2025-05-14,Completed,Refunded,0
ENR0005512,STU020305,PRG011,2024-11-01,Completed,Fully Paid,3999
ENR0005513,STU020311,PRG006,2025-10-22,Completed,Fully Paid,12999
ENR0005514,STU020312,PRG006,2025-10-22,Dropped,Partially Paid,7168
ENR0005515,STU020313,PRG011,2025-07-09,Completed,Partially Paid,1684
ENR0005516,STU020316,PRG003,2025-10-12,Completed,Fully Paid,32999
ENR0005517,STU020318,PRG010,2024-09-13,Dropped,Fully Paid,5999
ENR0005518,STU020330,PRG009,2024-12-17,Completed,Fully Paid,4999
ENR0005519,STU020331,PRG010,2024-10-08,Completed,Fully Paid,5999
ENR0005520,STU020333,PRG007,2024-10-27,Completed,Fully Paid,17999
ENR0005521,STU020335,PRG010,2025-12-31,Completed,Fully Paid,5999
ENR0005522,STU020337,PRG006,2025-02-11,Completed,Refunded,0
ENR0005523,STU020340,PRG003,2025-10-26,Completed,Pending,0
ENR0005524,STU020348,PRG009,2025-03-15,Completed,Fully Paid,4999
ENR0005525,STU020349,PRG008,2024-11-19,Completed,Fully Paid,9999
ENR0005526,STU020350,PRG001,2024-03-02,Completed,Pending,0
ENR0005527,STU020352,PRG002,2025-08-16,Completed,Fully Paid,19999
ENR0005528,STU020353,PRG009,2024-08-02,Completed,Fully Paid,4999
ENR0005529,STU020368,PRG008,2025-01-05,Dropped,Fully Paid,9999
ENR0005530,STU020370,PRG001,2025-05-15,Completed,Fully Paid,24999
ENR0005531,STU020373,PRG009,2024-02-18,Completed,Fully Paid,4999
ENR0005532,STU020385,PRG005,2024-02-18,Completed,Fully Paid,14999
ENR0005533,STU020391,PRG006,2025-07-29,Completed,Fully Paid,12999
ENR0005534,STU020393,PRG003,2024-01-14,Dropped,Pending,0
ENR0005535,STU020400,PRG002,2025-12-31,Completed,Fully Paid,19999
ENR0005536,STU020409,PRG006,2025-09-09,In Progress,Fully Paid,12999
ENR0005537,STU020411,PRG004,2025-07-07,Completed,Partially Paid,12826
ENR0005538,STU020412,PRG003,2025-06-09,Completed,Fully Paid,32999
ENR0005539,STU020416,PRG002,2024-10-06,Completed,Fully Paid,19999
ENR0005540,STU020417,PRG010,2025-05-01,In Progress,Fully Paid,5999
ENR0005541,STU020419,PRG004,2025-08-03,Completed,Refunded,0
ENR0005542,STU020420,PRG004,2025-05-29,Completed,Fully Paid,27999
ENR0005543,STU020421,PRG002,2024-03-04,Completed,Fully Paid,19999
ENR0005544,STU020425,PRG001,2024-11-15,Dropped,Fully Paid,24999
ENR0005545,STU020428,PRG008,2025-04-05,Completed,Fully Paid,9999
ENR0005546,STU020429,PRG003,2025-06-14,Completed,Fully Paid,32999
ENR0005547,STU020432,PRG006,2025-06-19,Completed,Fully Paid,12999
ENR0005548,STU020435,PRG010,2024-03-15,Completed,Fully Paid,5999
ENR0005549,STU020436,PRG004,2025-01-08,Dropped,Refunded,0
ENR0005550,STU020437,PRG005,2024-02-25,Completed,Fully Paid,14999
ENR0005551,STU020438,PRG002,2024-11-29,Completed,Fully Paid,19999
ENR0005552,STU020446,PRG010,2025-09-10,In Progress,Fully Paid,5999
ENR0005553,STU020448,PRG001,2025-11-16,Completed,Fully Paid,24999
ENR0005554,STU020459,PRG001,2025-08-22,Completed,Fully Paid,24999
ENR0005555,STU020462,PRG010,2025-09-03,Dropped,Fully Paid,5999
ENR0005556,STU020463,PRG012,2025-06-07,Completed,Fully Paid,21999
ENR0005557,STU020470,PRG006,2025-05-19,Completed,Fully Paid,12999
ENR0005558,STU020471,PRG005,2024-03-09,In Progress,Fully Paid,14999
ENR0005559,STU020478,PRG002,2025-09-07,In Progress,Partially Paid,10294
ENR0005560,STU020479,PRG007,2025-11-22,Completed,Partially Paid,5686
ENR0005561,STU020486,PRG005,2025-06-22,Completed,Fully Paid,14999
ENR0005562,STU020488,PRG006,2025-12-31,Completed,Fully Paid,12999
ENR0005563,STU020489,PRG001,2025-04-24,Completed,Pending,0
ENR0005564,STU020490,PRG007,2024-06-08,Completed,Fully Paid,17999
ENR0005565,STU020497,PRG002,2024-02-29,Completed,Partially Paid,13055
ENR0005566,STU020498,PRG002,2025-03-31,Completed,Fully Paid,19999
ENR0005567,STU020501,PRG010,2024-08-24,Completed,Fully Paid,5999
ENR0005568,STU020503,PRG009,2024-07-04,Completed,Pending,0
ENR0005569,STU020504,PRG004,2025-07-14,Completed,Partially Paid,15162
ENR0005570,STU020510,PRG011,2025-07-28,Completed,Fully Paid,3999
ENR0005571,STU020511,PRG009,2024-11-27,Completed,Fully Paid,4999
ENR0005572,STU020514,PRG005,2025-04-22,Completed,Fully Paid,14999
ENR0005573,STU020519,PRG011,2024-06-13,Completed,Fully Paid,3999
ENR0005574,STU020522,PRG007,2025-08-14,Completed,Fully Paid,17999
ENR0005575,STU020527,PRG012,2025-05-08,Completed,Fully Paid,21999
ENR0005576,STU020533,PRG010,2025-04-29,In Progress,Refunded,0
ENR0005577,STU020535,PRG003,2025-08-12,Completed,Fully Paid,32999
ENR0005578,STU020537,PRG005,2024-02-28,Completed,Partially Paid,10349
ENR0005579,STU020539,PRG005,2024-10-23,Completed,Fully Paid,14999
ENR0005580,STU020542,PRG005,2025-09-01,Completed,Fully Paid,14999
ENR0005581,STU020544,PRG007,2025-10-02,Completed,Fully Paid,17999
ENR0005582,STU020548,PRG006,2024-08-21,In Progress,Partially Paid,7704
ENR0005583,STU020550,PRG005,2024-08-17,Completed,Partially Paid,4767
ENR0005584,STU020554,PRG003,2024-08-05,Completed,Fully Paid,32999
ENR0005585,STU020556,PRG012,2025-06-14,Completed,Fully Paid,21999
ENR0005586,STU020557,PRG002,2024-02-11,Completed,Fully Paid,19999
ENR0005587,STU020561,PRG006,2025-10-08,Completed,Fully Paid,12999
ENR0005588,STU020562,PRG005,2025-07-12,Dropped,Partially Paid,10366
ENR0005589,STU020565,PRG010,2024-03-05,Completed,Partially Paid,3732
ENR0005590,STU020570,PRG010,2024-05-05,Completed,Fully Paid,5999
ENR0005591,STU020572,PRG010,2024-07-12,In Progress,Pending,0
ENR0005592,STU020573,PRG010,2025-08-19,Dropped,Fully Paid,5999
ENR0005593,STU020574,PRG009,2024-10-12,Completed,Partially Paid,1646
ENR0005594,STU020575,PRG005,2025-08-12,Completed,Pending,0
ENR0005595,STU020577,PRG005,2024-07-04,Completed,Fully Paid,14999
ENR0005596,STU020581,PRG003,2025-08-15,Completed,Fully Paid,32999
ENR0005597,STU020585,PRG011,2024-03-06,In Progress,Fully Paid,3999
ENR0005598,STU020586,PRG006,2025-12-01,Completed,Fully Paid,12999
ENR0005599,STU020588,PRG009,2025-07-15,Completed,Refunded,0
ENR0005600,STU020589,PRG004,2025-12-24,Completed,Fully Paid,27999
ENR0005601,STU020591,PRG001,2025-07-18,Dropped,Fully Paid,24999
ENR0005602,STU020593,PRG002,2024-05-04,Completed,Fully Paid,19999
ENR0005603,STU020594,PRG010,2025-08-29,Dropped,Partially Paid,2011
ENR0005604,STU020597,PRG004,2024-06-22,Completed,Fully Paid,27999
ENR0005605,STU020598,PRG012,2025-11-25,Completed,Fully Paid,21999
ENR0005606,STU020600,PRG009,2024-07-22,Completed,Partially Paid,2793
ENR0005607,STU020601,PRG011,2025-07-15,Completed,Fully Paid,3999
ENR0005608,STU020603,PRG010,2025-09-17,Completed,Fully Paid,5999
ENR0005609,STU020609,PRG005,2025-05-04,Completed,Partially Paid,7399
ENR0005610,STU020611,PRG010,2024-10-09,In Progress,Pending,0
ENR0005611,STU020614,PRG008,2025-03-21,Completed,Fully Paid,9999
ENR0005612,STU020616,PRG001,2025-10-13,Completed,Fully Paid,24999
ENR0005613,STU020618,PRG004,2025-07-12,Completed,Pending,0
ENR0005614,STU020620,PRG012,2025-04-30,Dropped,Partially Paid,14716
ENR0005615,STU020622,PRG010,2024-03-14,Completed,Pending,0
ENR0005616,STU020626,PRG005,2025-12-30,Completed,Fully Paid,14999
ENR0005617,STU020628,PRG009,2024-10-20,Completed,Fully Paid,4999
ENR0005618,STU020630,PRG008,2025-06-09,Completed,Fully Paid,9999
ENR0005619,STU020631,PRG012,2024-08-28,Dropped,Refunded,0
ENR0005620,STU020632,PRG010,2024-06-01,Completed,Fully Paid,5999
ENR0005621,STU020633,PRG003,2024-04-23,Dropped,Fully Paid,32999
ENR0005622,STU020637,PRG009,2025-01-13,Completed,Fully Paid,4999
ENR0005623,STU020639,PRG010,2024-04-08,Completed,Fully Paid,5999
ENR0005624,STU020642,PRG002,2025-04-13,Completed,Fully Paid,19999
ENR0005625,STU020646,PRG010,2025-12-31,Completed,Fully Paid,5999
ENR0005626,STU020649,PRG009,2025-07-21,Completed,Fully Paid,4999
ENR0005627,STU020652,PRG006,2024-09-24,Completed,Refunded,0
ENR0005628,STU020653,PRG001,2025-07-26,Completed,Fully Paid,24999
ENR0005629,STU020654,PRG009,2025-01-25,In Progress,Fully Paid,4999
ENR0005630,STU020658,PRG010,2024-08-02,Completed,Fully Paid,5999
ENR0005631,STU020664,PRG004,2024-11-03,Completed,Fully Paid,27999
ENR0005632,STU020674,PRG009,2024-04-25,Completed,Fully Paid,4999
ENR0005633,STU020684,PRG005,2025-07-01,Completed,Fully Paid,14999
ENR0005634,STU020687,PRG001,2025-09-09,Completed,Fully Paid,24999
ENR0005635,STU020690,PRG010,2024-08-29,Completed,Fully Paid,5999
ENR0005636,STU020692,PRG006,2025-06-24,Dropped,Fully Paid,12999
ENR0005637,STU020700,PRG005,2025-05-22,Completed,Fully Paid,14999
ENR0005638,STU020706,PRG009,2024-06-07,Completed,Fully Paid,4999
ENR0005639,STU020710,PRG010,2025-11-30,Completed,Partially Paid,3497
ENR0005640,STU020719,PRG003,2024-08-24,In Progress,Pending,0
ENR0005641,STU020720,PRG002,2025-03-10,Completed,Fully Paid,19999
ENR0005642,STU020726,PRG001,2025-02-16,Completed,Fully Paid,24999
ENR0005643,STU020734,PRG010,2025-11-02,Completed,Fully Paid,5999
ENR0005644,STU020738,PRG009,2024-07-02,Completed,Refunded,0
ENR0005645,STU020739,PRG008,2025-02-13,Completed,Fully Paid,9999
ENR0005646,STU020743,PRG003,2024-08-01,Completed,Fully Paid,32999
ENR0005647,STU020744,PRG007,2024-10-18,Completed,Refunded,0
ENR0005648,STU020745,PRG001,2024-02-08,Completed,Fully Paid,24999
ENR0005649,STU020746,PRG009,2025-06-27,In Progress,Fully Paid,4999
ENR0005650,STU020751,PRG005,2025-09-19,Completed,Refunded,0
ENR0005651,STU020757,PRG001,2024-05-28,Completed,Fully Paid,24999
ENR0005652,STU020758,PRG009,2025-08-26,Completed,Fully Paid,4999
ENR0005653,STU020760,PRG001,2025-03-14,Completed,Partially Paid,12555
ENR0005654,STU020764,PRG007,2025-08-18,Dropped,Partially Paid,10292
ENR0005655,STU020765,PRG009,2025-03-01,Dropped,Fully Paid,4999
ENR0005656,STU020766,PRG004,2025-10-30,Completed,Fully Paid,27999
ENR0005657,STU020770,PRG011,2025-01-27,Completed,Partially Paid,1574
ENR0005658,STU020771,PRG009,2025-08-30,Completed,Fully Paid,4999
ENR0005659,STU020779,PRG008,2024-09-25,Completed,Fully Paid,9999
ENR0005660,STU020783,PRG010,2024-02-06,Completed,Fully Paid,5999
ENR0005661,STU020790,PRG009,2024-10-14,Completed,Fully Paid,4999
ENR0005662,STU020792,PRG009,2024-11-03,Completed,Fully Paid,4999
ENR0005663,STU020793,PRG010,2024-09-02,Dropped,Fully Paid,5999
ENR0005664,STU020807,PRG009,2025-06-05,Completed,Fully Paid,4999
ENR0005665,STU020809,PRG011,2024-08-23,Completed,Refunded,0
ENR0005666,STU020811,PRG001,2025-05-23,Completed,Pending,0
ENR0005667,STU020814,PRG001,2025-01-03,Completed,Partially Paid,15688
ENR0005668,STU020826,PRG012,2025-05-05,Completed,Fully Paid,21999
ENR0005669,STU020830,PRG004,2024-08-01,Completed,Fully Paid,27999
ENR0005670,STU020831,PRG008,2024-04-26,Completed,Partially Paid,4113
ENR0005671,STU020834,PRG001,2025-06-08,Dropped,Fully Paid,24999
ENR0005672,STU020838,PRG010,2025-08-09,Completed,Partially Paid,2937
ENR0005673,STU020840,PRG009,2025-12-31,Completed,Fully Paid,4999
ENR0005674,STU020844,PRG010,2024-10-05,Dropped,Fully Paid,5999
ENR0005675,STU020855,PRG011,2025-05-21,Completed,Fully Paid,3999
ENR0005676,STU020856,PRG008,2025-10-28,Completed,Fully Paid,9999
ENR0005677,STU020861,PRG002,2025-08-27,Completed,Pending,0
ENR0005678,STU020864,PRG005,2024-10-30,Completed,Fully Paid,14999
ENR0005679,STU020866,PRG002,2025-04-27,Completed,Fully Paid,19999
ENR0005680,STU020873,PRG003,2024-07-19,Dropped,Fully Paid,32999
ENR0005681,STU020889,PRG010,2025-05-07,Completed,Fully Paid,5999
ENR0005682,STU020892,PRG009,2024-04-23,Completed,Fully Paid,4999
ENR0005683,STU020894,PRG007,2024-12-12,In Progress,Fully Paid,17999
ENR0005684,STU020895,PRG007,2025-01-01,Completed,Fully Paid,17999
ENR0005685,STU020897,PRG008,2024-09-18,Completed,Fully Paid,9999
ENR0005686,STU020899,PRG007,2024-03-29,Completed,Partially Paid,10257
ENR0005687,STU020900,PRG006,2025-01-08,Completed,Partially Paid,4059
ENR0005688,STU020914,PRG009,2024-08-15,Dropped,Fully Paid,4999
ENR0005689,STU020917,PRG002,2024-12-28,Completed,Partially Paid,7870
ENR0005690,STU020918,PRG010,2024-08-21,In Progress,Fully Paid,5999
ENR0005691,STU020930,PRG004,2024-03-20,Completed,Fully Paid,27999
ENR0005692,STU020936,PRG008,2024-01-30,Completed,Fully Paid,9999
ENR0005693,STU020937,PRG009,2025-08-23,Completed,Pending,0
ENR0005694,STU020940,PRG010,2025-05-25,Completed,Refunded,0
ENR0005695,STU020948,PRG010,2025-09-04,Completed,Fully Paid,5999
ENR0005696,STU020950,PRG009,2025-11-17,Completed,Fully Paid,4999
ENR0005697,STU020953,PRG005,2025-05-28,Completed,Fully Paid,14999
ENR0005698,STU020956,PRG006,2024-05-08,Completed,Pending,0
ENR0005699,STU020959,PRG003,2025-08-23,Completed,Fully Paid,32999
ENR0005700,STU020960,PRG003,2024-06-18,Completed,Fully Paid,32999
ENR0005701,STU020961,PRG007,2025-04-19,Completed,Pending,0
ENR0005702,STU020964,PRG005,2024-06-21,Completed,Pending,0
ENR0005703,STU020977,PRG010,2024-04-29,Completed,Fully Paid,5999
ENR0005704,STU020980,PRG001,2025-01-29,Completed,Fully Paid,24999
ENR0005705,STU020982,PRG010,2024-03-27,Completed,Fully Paid,5999
ENR0005706,STU020988,PRG010,2025-03-31,In Progress,Fully Paid,5999
ENR0005707,STU020990,PRG004,2025-11-09,Completed,Fully Paid,27999
ENR0005708,STU020992,PRG011,2025-04-11,Completed,Fully Paid,3999
ENR0005709,STU020995,PRG003,2025-12-02,Completed,Fully Paid,32999
ENR0005710,STU021015,PRG003,2025-07-22,Completed,Fully Paid,32999
ENR0005711,STU021021,PRG010,2025-06-17,Completed,Refunded,0
ENR0005712,STU021022,PRG001,2025-09-25,Completed,Fully Paid,24999
ENR0005713,STU021025,PRG003,2024-03-30,Completed,Fully Paid,32999
ENR0005714,STU021026,PRG005,2024-01-30,Completed,Fully Paid,14999
ENR0005715,STU021029,PRG012,2025-10-02,Completed,Fully Paid,21999
ENR0005716,STU021031,PRG010,2025-11-27,In Progress,Fully Paid,5999
ENR0005717,STU021033,PRG002,2024-06-26,Completed,Fully Paid,19999
ENR0005718,STU021034,PRG001,2024-02-09,Completed,Fully Paid,24999
ENR0005719,STU021035,PRG001,2024-08-09,Completed,Pending,0
ENR0005720,STU021040,PRG007,2025-10-11,Completed,Fully Paid,17999
ENR0005721,STU021052,PRG001,2024-07-03,Completed,Fully Paid,24999
ENR0005722,STU021058,PRG011,2024-05-05,Completed,Fully Paid,3999
ENR0005723,STU021060,PRG003,2025-03-17,Completed,Partially Paid,13996
ENR0005724,STU021061,PRG007,2024-03-12,Completed,Fully Paid,17999
ENR0005725,STU021064,PRG001,2025-03-01,Completed,Fully Paid,24999
ENR0005726,STU021065,PRG002,2024-10-08,Completed,Pending,0
ENR0005727,STU021075,PRG010,2025-01-25,Completed,Partially Paid,3323
ENR0005728,STU021078,PRG010,2025-08-22,Completed,Fully Paid,5999
ENR0005729,STU021081,PRG008,2024-11-25,In Progress,Fully Paid,9999
ENR0005730,STU021083,PRG009,2025-03-11,Completed,Fully Paid,4999
ENR0005731,STU021085,PRG006,2025-04-22,Dropped,Fully Paid,12999
ENR0005732,STU021089,PRG009,2024-02-02,Completed,Fully Paid,4999
ENR0005733,STU021095,PRG008,2025-10-13,Completed,Fully Paid,9999
ENR0005734,STU021097,PRG002,2024-09-13,Dropped,Fully Paid,19999
ENR0005735,STU021098,PRG003,2025-09-10,Completed,Partially Paid,16244
ENR0005736,STU021099,PRG009,2024-03-14,Completed,Partially Paid,2310
ENR0005737,STU021100,PRG002,2025-07-28,Completed,Fully Paid,19999
ENR0005738,STU021106,PRG011,2025-06-04,Completed,Fully Paid,3999
ENR0005739,STU021110,PRG010,2024-03-09,Dropped,Fully Paid,5999
ENR0005740,STU021113,PRG004,2024-02-04,Completed,Fully Paid,27999
ENR0005741,STU021114,PRG005,2024-07-28,Completed,Fully Paid,14999
ENR0005742,STU021120,PRG012,2024-08-08,Completed,Refunded,0
ENR0005743,STU021121,PRG010,2025-10-19,Completed,Fully Paid,5999
ENR0005744,STU021126,PRG012,2025-05-28,Completed,Partially Paid,8657
ENR0005745,STU021132,PRG004,2024-06-27,Completed,Fully Paid,27999
ENR0005746,STU021137,PRG002,2024-07-24,In Progress,Partially Paid,9066
ENR0005747,STU021140,PRG011,2025-07-26,Completed,Fully Paid,3999
ENR0005748,STU021147,PRG009,2024-09-11,Completed,Fully Paid,4999
ENR0005749,STU021150,PRG010,2025-04-02,Completed,Pending,0
ENR0005750,STU021156,PRG005,2024-07-30,Completed,Refunded,0
ENR0005751,STU021160,PRG011,2025-06-30,Completed,Fully Paid,3999
ENR0005752,STU021164,PRG011,2025-02-20,Completed,Refunded,0
ENR0005753,STU021165,PRG001,2024-03-09,Completed,Pending,0
ENR0005754,STU021167,PRG006,2025-12-31,Completed,Fully Paid,12999
ENR0005755,STU021168,PRG009,2025-06-24,Completed,Fully Paid,4999
ENR0005756,STU021176,PRG005,2024-04-29,Completed,Fully Paid,14999
ENR0005757,STU021179,PRG010,2025-02-02,Dropped,Fully Paid,5999
ENR0005758,STU021184,PRG004,2024-06-07,Completed,Fully Paid,27999
ENR0005759,STU021185,PRG009,2024-07-17,Completed,Fully Paid,4999
ENR0005760,STU021186,PRG011,2024-09-02,Dropped,Fully Paid,3999
ENR0005761,STU021188,PRG010,2025-09-15,Completed,Fully Paid,5999
ENR0005762,STU021192,PRG010,2025-05-09,Completed,Partially Paid,2374
ENR0005763,STU021198,PRG011,2025-07-01,Completed,Fully Paid,3999
ENR0005764,STU021200,PRG009,2025-02-12,Completed,Fully Paid,4999
ENR0005765,STU021207,PRG011,2024-08-07,Completed,Fully Paid,3999
ENR0005766,STU021211,PRG011,2025-12-31,Completed,Fully Paid,3999
ENR0005767,STU021215,PRG003,2025-09-23,Completed,Fully Paid,32999
ENR0005768,STU021217,PRG010,2025-01-19,Completed,Fully Paid,5999
ENR0005769,STU021218,PRG009,2024-10-10,Completed,Fully Paid,4999
ENR0005770,STU021224,PRG001,2024-06-05,Completed,Fully Paid,24999
ENR0005771,STU021226,PRG010,2025-05-30,Completed,Fully Paid,5999
ENR0005772,STU021228,PRG010,2025-11-27,Completed,Refunded,0
ENR0005773,STU021231,PRG002,2025-01-08,Completed,Partially Paid,13737
ENR0005774,STU021236,PRG004,2025-04-17,Completed,Partially Paid,14298
ENR0005775,STU021246,PRG010,2025-01-17,In Progress,Fully Paid,5999
ENR0005776,STU021249,PRG002,2024-07-09,Dropped,Fully Paid,19999
ENR0005777,STU021251,PRG005,2025-06-29,Completed,Fully Paid,14999
ENR0005778,STU021254,PRG010,2025-01-18,Dropped,Fully Paid,5999
ENR0005779,STU021257,PRG007,2024-09-27,Completed,Fully Paid,17999
ENR0005780,STU021259,PRG011,2024-10-19,Completed,Pending,0
ENR0005781,STU021261,PRG006,2024-02-03,Completed,Pending,0
ENR0005782,STU021262,PRG011,2024-02-01,Completed,Fully Paid,3999
ENR0005783,STU021264,PRG002,2025-05-17,Completed,Fully Paid,19999
ENR0005784,STU021265,PRG003,2024-02-05,Dropped,Fully Paid,32999
ENR0005785,STU021267,PRG008,2025-10-04,Completed,Fully Paid,9999
ENR0005786,STU021270,PRG012,2025-07-05,Dropped,Fully Paid,21999
ENR0005787,STU021273,PRG011,2024-02-06,Completed,Fully Paid,3999
ENR0005788,STU021275,PRG010,2024-11-14,Dropped,Partially Paid,2456
ENR0005789,STU021276,PRG001,2025-10-02,Completed,Fully Paid,24999
ENR0005790,STU021281,PRG006,2024-05-21,Completed,Fully Paid,12999
ENR0005791,STU021287,PRG010,2025-10-21,In Progress,Fully Paid,5999
ENR0005792,STU021291,PRG002,2025-04-16,Completed,Partially Paid,11863
ENR0005793,STU021299,PRG001,2024-07-06,Completed,Refunded,0
ENR0005794,STU021300,PRG009,2025-03-05,Completed,Fully Paid,4999
ENR0005795,STU021302,PRG005,2025-09-15,Completed,Refunded,0
ENR0005796,STU021305,PRG009,2025-05-03,Completed,Fully Paid,4999
ENR0005797,STU021307,PRG009,2025-08-19,In Progress,Fully Paid,4999
ENR0005798,STU021309,PRG009,2025-06-20,In Progress,Fully Paid,4999
ENR0005799,STU021311,PRG003,2025-07-07,Completed,Pending,0
ENR0005800,STU021312,PRG011,2024-03-29,Completed,Fully Paid,3999
ENR0005801,STU021313,PRG005,2024-03-12,Completed,Refunded,0
ENR0005802,STU021314,PRG008,2025-01-03,Completed,Partially Paid,5120
ENR0005803,STU021324,PRG001,2024-03-30,In Progress,Partially Paid,12395
ENR0005804,STU021326,PRG001,2024-08-19,Completed,Partially Paid,13451
ENR0005805,STU021330,PRG005,2024-08-01,Completed,Fully Paid,14999
ENR0005806,STU021332,PRG004,2025-11-14,Completed,Partially Paid,10705
ENR0005807,STU021334,PRG001,2024-10-12,Completed,Pending,0
ENR0005808,STU021340,PRG010,2025-06-29,Completed,Fully Paid,5999
ENR0005809,STU021345,PRG009,2025-06-30,Completed,Partially Paid,2317
ENR0005810,STU021352,PRG001,2024-05-24,Completed,Partially Paid,11665
ENR0005811,STU021353,PRG008,2024-06-23,Completed,Fully Paid,9999
ENR0005812,STU021356,PRG006,2024-01-18,Completed,Fully Paid,12999
ENR0005813,STU021359,PRG007,2024-08-04,Completed,Fully Paid,17999
ENR0005814,STU021362,PRG005,2024-07-02,Completed,Pending,0
ENR0005815,STU021369,PRG011,2024-05-02,Dropped,Partially Paid,2397
ENR0005816,STU021380,PRG012,2024-07-29,Completed,Fully Paid,21999
ENR0005817,STU021381,PRG011,2025-10-07,Completed,Fully Paid,3999
ENR0005818,STU021387,PRG002,2025-04-29,Completed,Fully Paid,19999
ENR0005819,STU021394,PRG011,2024-06-09,Completed,Fully Paid,3999
ENR0005820,STU021400,PRG009,2024-06-20,Completed,Fully Paid,4999
ENR0005821,STU021401,PRG012,2025-05-29,Dropped,Fully Paid,21999
ENR0005822,STU021409,PRG005,2024-06-15,Completed,Fully Paid,14999
ENR0005823,STU021414,PRG011,2025-03-07,Completed,Fully Paid,3999
ENR0005824,STU021415,PRG002,2025-11-03,Completed,Fully Paid,19999
ENR0005825,STU021423,PRG004,2025-02-01,Completed,Fully Paid,27999
ENR0005826,STU021430,PRG009,2024-11-18,Completed,Refunded,0
ENR0005827,STU021452,PRG010,2024-07-04,Dropped,Partially Paid,3806
ENR0005828,STU021457,PRG011,2025-12-31,Completed,Refunded,0
ENR0005829,STU021458,PRG004,2025-06-08,Completed,Fully Paid,27999
ENR0005830,STU021462,PRG002,2024-07-04,Completed,Fully Paid,19999
ENR0005831,STU021467,PRG006,2025-12-31,Completed,Partially Paid,5719
ENR0005832,STU021468,PRG004,2025-09-23,Completed,Partially Paid,13515
ENR0005833,STU021473,PRG007,2024-07-22,Completed,Fully Paid,17999
ENR0005834,STU021482,PRG005,2024-04-04,Completed,Fully Paid,14999
ENR0005835,STU021488,PRG010,2025-08-15,Completed,Refunded,0
ENR0005836,STU021490,PRG001,2025-09-17,Dropped,Fully Paid,24999
ENR0005837,STU021491,PRG006,2024-08-10,Completed,Partially Paid,5085
ENR0005838,STU021492,PRG005,2025-03-17,Completed,Fully Paid,14999
ENR0005839,STU021496,PRG003,2025-10-20,Completed,Fully Paid,32999
ENR0005840,STU021497,PRG010,2025-08-10,Completed,Fully Paid,5999
ENR0005841,STU021501,PRG010,2024-08-08,Completed,Fully Paid,5999
ENR0005842,STU021504,PRG008,2024-06-04,Completed,Fully Paid,9999
ENR0005843,STU021506,PRG008,2025-10-15,Completed,Fully Paid,9999
ENR0005844,STU021511,PRG008,2025-01-25,Dropped,Fully Paid,9999
ENR0005845,STU021513,PRG002,2024-04-14,Completed,Partially Paid,12724
ENR0005846,STU021514,PRG008,2024-03-08,Completed,Fully Paid,9999
ENR0005847,STU021519,PRG005,2024-02-24,Completed,Fully Paid,14999
ENR0005848,STU021525,PRG009,2025-01-20,In Progress,Fully Paid,4999
ENR0005849,STU021528,PRG002,2025-10-10,Completed,Fully Paid,19999
ENR0005850,STU021529,PRG005,2025-03-01,Completed,Fully Paid,14999
ENR0005851,STU021531,PRG004,2025-04-20,Completed,Pending,0
ENR0005852,STU021533,PRG010,2025-08-31,Completed,Fully Paid,5999
ENR0005853,STU021538,PRG003,2024-07-16,Completed,Fully Paid,32999
ENR0005854,STU021539,PRG010,2025-11-02,Dropped,Pending,0
ENR0005855,STU021544,PRG008,2025-11-01,Completed,Partially Paid,6991
ENR0005856,STU021550,PRG010,2025-12-15,Completed,Fully Paid,5999
ENR0005857,STU021552,PRG010,2024-07-31,Dropped,Fully Paid,5999
ENR0005858,STU021554,PRG006,2024-09-04,Completed,Fully Paid,12999
ENR0005859,STU021563,PRG004,2024-10-24,Dropped,Fully Paid,27999
ENR0005860,STU021571,PRG001,2025-08-08,Completed,Fully Paid,24999
ENR0005861,STU021573,PRG011,2025-02-07,Completed,Fully Paid,3999
ENR0005862,STU021579,PRG004,2025-11-02,Dropped,Fully Paid,27999
ENR0005863,STU021581,PRG002,2025-11-15,Completed,Fully Paid,19999
ENR0005864,STU021583,PRG010,2024-04-16,Dropped,Fully Paid,5999
ENR0005865,STU021584,PRG002,2025-04-05,Completed,Partially Paid,11697
ENR0005866,STU021587,PRG009,2024-07-04,Completed,Fully Paid,4999
ENR0005867,STU021591,PRG002,2025-05-22,Completed,Partially Paid,6146
ENR0005868,STU021592,PRG011,2025-12-05,Completed,Fully Paid,3999
ENR0005869,STU021598,PRG011,2024-02-15,Completed,Pending,0
ENR0005870,STU021599,PRG004,2025-04-17,Completed,Fully Paid,27999
ENR0005871,STU021600,PRG011,2024-12-27,Completed,Partially Paid,2350
ENR0005872,STU021606,PRG010,2024-06-17,Completed,Pending,0
ENR0005873,STU021612,PRG007,2025-04-08,Completed,Fully Paid,17999
ENR0005874,STU021624,PRG009,2024-08-28,Completed,Fully Paid,4999
ENR0005875,STU021632,PRG009,2025-01-27,Completed,Fully Paid,4999
ENR0005876,STU021633,PRG004,2024-05-28,Dropped,Fully Paid,27999
ENR0005877,STU021638,PRG003,2024-10-06,Completed,Fully Paid,32999
ENR0005878,STU021640,PRG002,2025-05-24,Completed,Fully Paid,19999
ENR0005879,STU021645,PRG003,2024-07-18,Completed,Fully Paid,32999
ENR0005880,STU021649,PRG008,2025-07-07,Completed,Fully Paid,9999
ENR0005881,STU021650,PRG006,2025-02-05,Completed,Fully Paid,12999
ENR0005882,STU021651,PRG001,2024-03-23,Completed,Fully Paid,24999
ENR0005883,STU021655,PRG005,2024-12-14,Dropped,Fully Paid,14999
ENR0005884,STU021660,PRG005,2024-08-18,Completed,Partially Paid,5388
ENR0005885,STU021661,PRG011,2025-08-10,Completed,Refunded,0
ENR0005886,STU021662,PRG009,2024-07-18,Completed,Partially Paid,3186
ENR0005887,STU021668,PRG002,2024-08-08,Completed,Fully Paid,19999
ENR0005888,STU021672,PRG003,2025-07-21,Completed,Fully Paid,32999
ENR0005889,STU021679,PRG005,2024-09-11,Completed,Fully Paid,14999
ENR0005890,STU021682,PRG002,2024-06-14,Completed,Partially Paid,7905
ENR0005891,STU021684,PRG008,2024-10-20,Completed,Fully Paid,9999
ENR0005892,STU021685,PRG010,2024-10-27,Dropped,Fully Paid,5999
ENR0005893,STU021686,PRG008,2025-10-07,Completed,Fully Paid,9999
ENR0005894,STU021687,PRG001,2024-03-04,Completed,Pending,0
ENR0005895,STU021689,PRG011,2024-10-13,Completed,Fully Paid,3999
ENR0005896,STU021690,PRG009,2025-06-24,Completed,Fully Paid,4999
ENR0005897,STU021692,PRG006,2024-02-26,In Progress,Fully Paid,12999
ENR0005898,STU021694,PRG005,2024-08-02,Completed,Fully Paid,14999
ENR0005899,STU021696,PRG011,2025-12-13,Completed,Pending,0
ENR0005900,STU021697,PRG001,2024-10-20,Completed,Fully Paid,24999
ENR0005901,STU021698,PRG005,2025-08-27,Completed,Partially Paid,6287
ENR0005902,STU021701,PRG012,2024-04-03,Completed,Fully Paid,21999
ENR0005903,STU021702,PRG006,2024-12-26,Completed,Fully Paid,12999
ENR0005904,STU021705,PRG012,2024-05-02,Completed,Fully Paid,21999
ENR0005905,STU021723,PRG005,2024-10-07,Completed,Pending,0
ENR0005906,STU021728,PRG006,2025-11-08,Completed,Refunded,0
ENR0005907,STU021737,PRG008,2024-08-26,Completed,Fully Paid,9999
ENR0005908,STU021739,PRG001,2024-10-04,Completed,Fully Paid,24999
ENR0005909,STU021742,PRG012,2024-06-16,Completed,Partially Paid,8359
ENR0005910,STU021747,PRG002,2024-08-26,Dropped,Fully Paid,19999
ENR0005911,STU021749,PRG002,2025-06-06,Completed,Pending,0
ENR0005912,STU021751,PRG009,2025-03-24,In Progress,Fully Paid,4999
ENR0005913,STU021754,PRG009,2024-04-17,Completed,Fully Paid,4999
ENR0005914,STU021770,PRG004,2024-07-26,Dropped,Fully Paid,27999
ENR0005915,STU021777,PRG001,2025-01-14,Completed,Refunded,0
ENR0005916,STU021778,PRG004,2025-08-08,Completed,Partially Paid,12289
ENR0005917,STU021780,PRG004,2025-08-07,Completed,Fully Paid,27999
ENR0005918,STU021784,PRG005,2025-03-16,Completed,Fully Paid,14999
ENR0005919,STU021793,PRG011,2025-09-23,Completed,Pending,0
ENR0005920,STU021798,PRG002,2024-07-26,Completed,Fully Paid,19999
ENR0005921,STU021800,PRG008,2025-02-06,Dropped,Fully Paid,9999
ENR0005922,STU021801,PRG009,2025-09-14,Completed,Fully Paid,4999
ENR0005923,STU021806,PRG004,2025-09-16,Completed,Fully Paid,27999
ENR0005924,STU021809,PRG012,2025-05-26,Completed,Fully Paid,21999
ENR0005925,STU021813,PRG007,2024-01-29,Completed,Partially Paid,11598
ENR0005926,STU021817,PRG002,2024-10-12,Completed,Fully Paid,19999
ENR0005927,STU021819,PRG011,2024-05-03,Completed,Fully Paid,3999
ENR0005928,STU021824,PRG003,2024-07-30,Completed,Fully Paid,32999
ENR0005929,STU021826,PRG009,2024-11-05,Completed,Fully Paid,4999
ENR0005930,STU021828,PRG002,2025-01-09,Completed,Fully Paid,19999
ENR0005931,STU021830,PRG001,2024-02-10,Completed,Fully Paid,24999
ENR0005932,STU021831,PRG009,2025-03-07,Completed,Fully Paid,4999
ENR0005933,STU021846,PRG010,2024-10-29,Dropped,Fully Paid,5999
ENR0005934,STU021848,PRG010,2024-05-26,Dropped,Partially Paid,2998
ENR0005935,STU021855,PRG002,2025-12-26,Completed,Fully Paid,19999
ENR0005936,STU021860,PRG005,2025-05-18,Completed,Fully Paid,14999
ENR0005937,STU021863,PRG010,2025-03-13,Completed,Fully Paid,5999
ENR0005938,STU021873,PRG003,2025-03-26,Dropped,Fully Paid,32999
ENR0005939,STU021876,PRG005,2024-02-12,Completed,Fully Paid,14999
ENR0005940,STU021881,PRG001,2025-10-06,Completed,Fully Paid,24999
ENR0005941,STU021882,PRG002,2025-12-01,Completed,Fully Paid,19999
ENR0005942,STU021884,PRG012,2024-06-28,Completed,Partially Paid,10889
ENR0005943,STU021887,PRG006,2025-04-15,Completed,Fully Paid,12999
ENR0005944,STU021891,PRG012,2024-11-04,Completed,Pending,0
ENR0005945,STU021899,PRG009,2025-09-24,Completed,Pending,0
ENR0005946,STU021909,PRG010,2024-10-23,Completed,Fully Paid,5999
ENR0005947,STU021910,PRG002,2024-02-17,Completed,Partially Paid,8712
ENR0005948,STU021918,PRG008,2025-12-29,Completed,Fully Paid,9999
ENR0005949,STU021919,PRG012,2025-09-03,In Progress,Pending,0
ENR0005950,STU021920,PRG009,2025-07-05,Completed,Refunded,0
ENR0005951,STU021926,PRG008,2025-04-05,Completed,Fully Paid,9999
ENR0005952,STU021934,PRG010,2024-07-14,Completed,Fully Paid,5999
ENR0005953,STU021939,PRG003,2024-06-08,Dropped,Fully Paid,32999
ENR0005954,STU021943,PRG010,2025-11-05,In Progress,Fully Paid,5999
ENR0005955,STU021951,PRG006,2025-10-26,Completed,Fully Paid,12999
ENR0005956,STU021952,PRG008,2025-02-24,Completed,Fully Paid,9999
ENR0005957,STU021957,PRG003,2024-12-04,Completed,Partially Paid,22086
ENR0005958,STU021965,PRG010,2024-04-12,Completed,Fully Paid,5999
ENR0005959,STU021968,PRG010,2024-09-21,Completed,Fully Paid,5999
ENR0005960,STU021978,PRG001,2025-12-31,Completed,Fully Paid,24999
ENR0005961,STU021979,PRG007,2024-05-21,Completed,Fully Paid,17999
ENR0005962,STU021983,PRG010,2025-12-22,In Progress,Fully Paid,5999
ENR0005963,STU021985,PRG010,2024-06-30,Completed,Pending,0
ENR0005964,STU021986,PRG005,2025-01-09,Completed,Fully Paid,14999
ENR0005965,STU021987,PRG005,2025-10-27,Completed,Fully Paid,14999
ENR0005966,STU021993,PRG008,2024-01-22,Completed,Fully Paid,9999
ENR0005967,STU021996,PRG011,2025-08-02,Completed,Fully Paid,3999
ENR0005968,STU021997,PRG010,2025-05-22,Dropped,Fully Paid,5999
