Date,Channel,Leads,Registrations,Assessment_Started,Assessment_Completed,Conversions,Marketing_Spend
2024-01-01,College Partnership Drive,8,6,5,5,3,276.18
2024-01-01,Referral,8,5,3,2,1,91.41
2024-01-01,Organic Search,12,4,3,3,1,21.19
2024-01-01,Google Paid Search,20,5,4,3,1,1613.51
2024-01-01,Facebook/Instagram Ads,38,7,4,4,2,3005.48
2024-01-01,YouTube Ads,21,4,3,2,0,1058.03
2024-01-01,LinkedIn,7,3,3,3,1,800.12
2024-01-01,Webinar/Events,2,1,1,1,1,154.99
2024-01-02,College Partnership Drive,4,3,3,2,0,229.52
2024-01-02,Referral,6,4,4,4,1,83.74
2024-01-02,Organic Search,21,7,5,4,1,17.67
2024-01-02,Google Paid Search,4,1,1,1,0,455.96
2024-01-02,Facebook/Instagram Ads,50,7,4,3,1,3739.74
2024-01-02,YouTube Ads,14,3,2,2,1,742.44
2024-01-02,LinkedIn,5,2,2,2,0,767.12
2024-01-02,Webinar/Events,9,5,3,2,1,461.86
2024-01-03,College Partnership Drive,4,3,3,3,0,143.27
2024-01-03,Referral,3,2,2,2,2,50.83
2024-01-03,Organic Search,12,4,2,1,0,40.55
2024-01-03,Google Paid Search,11,3,3,0,0,738.57
2024-01-03,Facebook/Instagram Ads,36,6,3,1,0,2200.01
2024-01-03,YouTube Ads,14,3,2,1,1,688.51
2024-01-03,LinkedIn,2,1,1,1,0,325.4
2024-01-03,Webinar/Events,7,4,4,4,1,560.3
2024-01-04,College Partnership Drive,6,5,5,5,4,322.77
2024-01-04,Referral,1,1,1,1,1,23.13
2024-01-04,Organic Search,19,6,4,3,3,20.09
2024-01-04,Google Paid Search,27,6,6,4,1,3196.29
2024-01-04,Facebook/Instagram Ads,24,4,3,1,0,1082.78
2024-01-04,YouTube Ads,20,4,2,2,1,1015.34
2024-01-04,LinkedIn,7,3,3,2,1,913.94
2024-01-04,Webinar/Events,10,5,3,3,3,433.61
2024-01-05,College Partnership Drive,12,7,7,7,3,632.78
2024-01-05,Referral,3,2,2,2,2,64.33
2024-01-05,Organic Search,3,1,1,1,1,10.38
2024-01-05,Google Paid Search,20,5,3,3,1,2665.32
2024-01-05,Facebook/Instagram Ads,64,9,5,3,1,2573.33
2024-01-05,YouTube Ads,5,1,0,0,0,247.32
2024-01-05,LinkedIn,8,3,3,3,2,1037.74
2024-01-05,Webinar/Events,4,2,2,2,2,247.81
2024-01-06,College Partnership Drive,12,7,7,7,6,568.87
2024-01-06,Referral,9,6,6,6,2,178.79
2024-01-06,Organic Search,6,2,1,1,0,13.32
2024-01-06,Google Paid Search,7,2,1,1,1,842.89
2024-01-06,Facebook/Instagram Ads,26,5,5,4,2,1180.34
2024-01-06,YouTube Ads,23,4,4,2,1,975.89
2024-01-06,LinkedIn,9,4,4,3,2,1182.86
2024-01-06,Webinar/Events,4,2,1,1,0,378.7
2024-01-07,College Partnership Drive,10,7,6,5,3,327.01
2024-01-07,Referral,16,11,10,8,6,312.76
2024-01-07,Organic Search,11,4,3,3,1,4.53
2024-01-07,Google Paid Search,19,5,3,1,1,2212.35
2024-01-07,Facebook/Instagram Ads,6,1,0,0,0,401.93
2024-01-07,YouTube Ads,10,2,0,0,0,432.71
2024-01-07,LinkedIn,7,3,3,2,2,1247.96
2024-01-07,Webinar/Events,5,3,3,1,0,340.97
2024-01-08,College Partnership Drive,8,5,5,5,1,430.54
2024-01-08,Referral,5,3,2,2,2,126.61
2024-01-08,Organic Search,17,6,5,4,1,48.89
2024-01-08,Google Paid Search,34,9,4,4,2,3912.96
2024-01-08,Facebook/Instagram Ads,52,8,6,4,2,3225.47
2024-01-08,YouTube Ads,14,3,2,2,2,883.58
2024-01-08,LinkedIn,2,1,1,1,1,389.05
2024-01-08,Webinar/Events,7,3,3,3,2,594.44
2024-01-09,College Partnership Drive,3,2,2,2,0,125.4
2024-01-09,Referral,5,3,3,3,2,55.67
2024-01-09,Organic Search,8,3,2,2,1,1.02
2024-01-09,Google Paid Search,21,5,5,3,2,2546.07
2024-01-09,Facebook/Instagram Ads,34,5,1,1,0,3020.63
2024-01-09,YouTube Ads,28,5,3,2,0,1594.71
2024-01-09,LinkedIn,2,1,0,0,0,280.28
2024-01-09,Webinar/Events,7,3,3,2,1,605.27
2024-01-10,College Partnership Drive,6,4,4,3,0,307.1
2024-01-10,Referral,1,1,1,1,0,29.77
2024-01-10,Organic Search,13,4,4,3,1,40.49
2024-01-10,Google Paid Search,19,5,5,3,1,1162.22
2024-01-10,Facebook/Instagram Ads,20,3,2,1,0,981.09
2024-01-10,YouTube Ads,16,3,2,0,0,1083.14
2024-01-10,LinkedIn,4,2,2,2,1,739.21
2024-01-10,Webinar/Events,6,3,3,3,2,357.17
2024-01-11,College Partnership Drive,14,8,6,6,5,593.62
2024-01-11,Referral,10,6,6,6,3,203.99
2024-01-11,Organic Search,11,4,3,3,2,41.16
2024-01-11,Google Paid Search,13,3,1,1,1,875.97
2024-01-11,Facebook/Instagram Ads,62,9,3,3,1,4920.69
2024-01-11,YouTube Ads,14,3,0,0,0,662.97
2024-01-11,LinkedIn,2,1,1,1,1,351.27
2024-01-11,Webinar/Events,2,1,1,1,0,93.2
2024-01-12,College Partnership Drive,8,6,6,6,3,428.59
2024-01-12,Referral,3,2,2,2,1,71.71
2024-01-12,Organic Search,6,2,1,1,1,1.81
2024-01-12,Google Paid Search,7,2,1,1,1,635.52
2024-01-12,Facebook/Instagram Ads,51,9,7,6,1,4422.92
2024-01-12,YouTube Ads,17,3,1,1,1,1032.1
2024-01-12,LinkedIn,4,2,2,1,1,682.3
2024-01-12,Webinar/Events,13,6,4,3,1,773.87
2024-01-13,College Partnership Drive,7,5,5,5,2,209.2
2024-01-13,Referral,8,5,4,4,3,185.54
2024-01-13,Organic Search,10,3,3,1,1,16.18
2024-01-13,Google Paid Search,21,5,3,2,0,1985.6
2024-01-13,Facebook/Instagram Ads,26,4,4,2,0,2205.18
2024-01-13,YouTube Ads,28,5,4,4,0,1817.53
2024-01-13,LinkedIn,5,2,2,2,0,656.75
2024-01-13,Webinar/Events,2,1,1,1,0,184.29
2024-01-14,College Partnership Drive,12,8,8,7,5,663.41
2024-01-14,Referral,3,2,2,2,1,67.74
2024-01-14,Organic Search,11,4,4,3,0,33.47
2024-01-14,Google Paid Search,8,2,1,1,0,930.39
2024-01-14,Facebook/Instagram Ads,53,9,9,6,0,2120.27
2024-01-14,YouTube Ads,1,0,0,0,0,66.89
2024-01-14,LinkedIn,2,1,1,1,1,421.26
2024-01-14,Webinar/Events,8,4,4,3,1,476.91
2024-01-15,College Partnership Drive,4,3,2,2,2,127.19
2024-01-15,Referral,1,1,1,1,0,18.65
2024-01-15,Organic Search,14,5,4,4,2,17.29
2024-01-15,Google Paid Search,4,1,1,1,1,525.55
2024-01-15,Facebook/Instagram Ads,27,5,3,1,1,1208.06
2024-01-15,YouTube Ads,14,3,1,0,0,895.86
2024-01-15,LinkedIn,2,0,0,0,0,194.27
2024-01-15,Webinar/Events,14,7,5,4,1,1361.75
2024-01-16,College Partnership Drive,8,5,4,4,0,226.94
2024-01-16,Referral,3,2,2,1,0,43.24
2024-01-16,Organic Search,2,1,1,1,1,2.66
2024-01-16,Google Paid Search,28,7,5,2,1,2031.79
2024-01-16,Facebook/Instagram Ads,40,7,5,3,2,2054.47
2024-01-16,YouTube Ads,19,4,2,1,1,1305.23
2024-01-16,LinkedIn,2,0,0,0,0,260.93
2024-01-16,Webinar/Events,3,2,2,2,2,163.47
2024-01-17,College Partnership Drive,17,10,10,9,6,738.54
2024-01-17,Referral,6,4,4,4,3,107.32
2024-01-17,Organic Search,13,5,4,4,3,63.59
2024-01-17,Google Paid Search,30,7,2,2,1,4007.86
2024-01-17,Facebook/Instagram Ads,66,12,5,2,1,5730.48
2024-01-17,YouTube Ads,24,5,3,2,1,1396.67
2024-01-17,LinkedIn,6,3,3,2,1,546.37
2024-01-17,Webinar/Events,6,3,3,3,2,419.6
2024-01-18,College Partnership Drive,4,3,3,2,2,209.71
2024-01-18,Referral,7,4,3,3,0,132.23
2024-01-18,Organic Search,11,4,3,3,2,27.52
2024-01-18,Google Paid Search,22,6,5,2,0,1520.98
2024-01-18,Facebook/Instagram Ads,56,9,6,5,0,4616.85
2024-01-18,YouTube Ads,19,4,1,1,1,704.64
2024-01-18,LinkedIn,6,3,3,2,1,838.8
2024-01-18,Webinar/Events,4,2,2,1,1,247.63
2024-01-19,College Partnership Drive,8,6,6,6,4,259.61
2024-01-19,Referral,4,3,3,3,2,48.24
2024-01-19,Organic Search,9,3,3,3,2,9.98
2024-01-19,Google Paid Search,14,3,3,3,2,975.21
2024-01-19,Facebook/Instagram Ads,36,6,2,1,0,2288.13
2024-01-19,YouTube Ads,17,3,2,1,0,832.39
2024-01-19,LinkedIn,2,1,1,1,1,266.86
2024-01-19,Webinar/Events,7,3,2,1,0,645.35
2024-01-20,College Partnership Drive,4,3,3,3,2,221.21
2024-01-20,Referral,3,2,2,2,0,78.42
2024-01-20,Organic Search,10,4,4,4,3,28.89
2024-01-20,Google Paid Search,8,2,2,0,0,743.11
2024-01-20,Facebook/Instagram Ads,64,9,7,4,0,2766.61
2024-01-20,YouTube Ads,18,4,2,1,0,890.99
2024-01-20,LinkedIn,2,1,1,1,0,284.05
2024-01-20,Webinar/Events,3,2,1,1,0,290.8
2024-01-21,College Partnership Drive,5,4,3,2,2,207.57
2024-01-21,Referral,9,5,4,4,1,227.89
2024-01-21,Organic Search,19,7,7,5,4,84.64
2024-01-21,Google Paid Search,15,4,4,2,1,999.31
2024-01-21,Facebook/Instagram Ads,68,10,5,3,1,5449.24
2024-01-21,YouTube Ads,13,3,2,1,0,775.36
2024-01-21,LinkedIn,2,1,1,1,1,187.53
2024-01-21,Webinar/Events,9,4,3,1,1,522.92
2024-01-22,College Partnership Drive,10,7,6,5,3,391.48
2024-01-22,Referral,6,4,4,4,2,111.29
2024-01-22,Organic Search,13,5,4,3,3,17.54
2024-01-22,Google Paid Search,25,6,6,4,1,2181.68
2024-01-22,Facebook/Instagram Ads,55,10,4,1,0,4558.41
2024-01-22,YouTube Ads,21,4,3,2,0,1235.23
2024-01-22,LinkedIn,2,1,1,1,1,347.64
2024-01-22,Webinar/Events,6,3,2,2,1,453.8
2024-01-23,College Partnership Drive,6,4,3,3,1,318.48
2024-01-23,Referral,8,5,5,5,3,219.78
2024-01-23,Organic Search,3,1,1,0,0,12.85
2024-01-23,Google Paid Search,30,7,6,2,1,1866.8
2024-01-23,Facebook/Instagram Ads,35,5,2,1,0,2418.22
2024-01-23,YouTube Ads,11,2,1,0,0,637.39
2024-01-23,LinkedIn,2,0,0,0,0,294.82
2024-01-23,Webinar/Events,3,2,2,2,2,254.97
2024-01-24,College Partnership Drive,10,7,6,6,0,455.17
2024-01-24,Referral,3,2,2,2,1,78.74
2024-01-24,Organic Search,20,7,7,7,4,10.24
2024-01-24,Google Paid Search,17,4,4,3,0,2275.82
2024-01-24,Facebook/Instagram Ads,54,9,3,1,0,3030.79
2024-01-24,YouTube Ads,18,4,4,3,1,876.89
2024-01-24,LinkedIn,2,1,1,1,0,286.24
2024-01-24,Webinar/Events,9,5,5,5,2,640.62
2024-01-25,College Partnership Drive,10,6,6,5,2,575.03
2024-01-25,Referral,5,3,2,2,2,83.4
2024-01-25,Organic Search,11,4,3,2,1,1.47
2024-01-25,Google Paid Search,30,7,7,4,3,2686.46
2024-01-25,Facebook/Instagram Ads,41,7,3,1,1,2541.44
2024-01-25,YouTube Ads,19,4,3,3,1,913.22
2024-01-25,LinkedIn,6,3,3,3,0,667.71
2024-01-25,Webinar/Events,4,2,2,2,2,198.95
2024-01-26,College Partnership Drive,8,6,5,5,4,452.49
2024-01-26,Referral,7,5,4,4,0,201.21
2024-01-26,Organic Search,8,3,3,2,0,7.84
2024-01-26,Google Paid Search,8,2,2,1,0,824.28
2024-01-26,Facebook/Instagram Ads,40,6,3,2,0,1896.74
2024-01-26,YouTube Ads,9,2,1,1,0,439.96
2024-01-26,LinkedIn,12,5,5,4,4,1482.36
2024-01-26,Webinar/Events,4,2,1,1,1,315.32
2024-01-27,College Partnership Drive,13,9,7,7,4,370.51
2024-01-27,Referral,9,5,5,5,4,203.2
2024-01-27,Organic Search,5,2,2,2,2,0.88
2024-01-27,Google Paid Search,0,0,0,0,0,0.0
2024-01-27,Facebook/Instagram Ads,85,14,7,3,1,3618.6
2024-01-27,YouTube Ads,5,1,0,0,0,195.93
2024-01-27,LinkedIn,10,5,5,3,1,926.02
2024-01-27,Webinar/Events,1,1,1,1,0,53.42
2024-01-28,College Partnership Drive,3,0,0,0,0,160.4
2024-01-28,Referral,3,0,0,0,0,32.68
2024-01-28,Organic Search,2,0,0,0,0,5.38
2024-01-28,Google Paid Search,3,0,0,0,0,244.21
2024-01-28,Facebook/Instagram Ads,4,0,0,0,0,317.19
2024-01-28,YouTube Ads,2,0,0,0,0,63.92
2024-01-28,LinkedIn,4,0,0,0,0,421.62
2024-01-28,Webinar/Events,3,0,0,0,0,181.0
2024-01-29,College Partnership Drive,4,0,0,0,0,166.26
2024-01-29,Referral,4,0,0,0,0,63.2
2024-01-29,Organic Search,4,0,0,0,0,13.56
2024-01-29,Google Paid Search,4,0,0,0,0,369.82
2024-01-29,Facebook/Instagram Ads,3,0,0,0,0,237.85
2024-01-29,YouTube Ads,4,0,0,0,0,232.31
2024-01-29,LinkedIn,1,0,0,0,0,119.11
2024-01-29,Webinar/Events,1,0,0,0,0,43.18
2024-01-30,College Partnership Drive,1,0,0,0,0,45.99
2024-01-30,Referral,0,0,0,0,0,0.0
2024-01-30,Organic Search,3,0,0,0,0,13.12
2024-01-30,Google Paid Search,3,0,0,0,0,273.72
2024-01-30,Facebook/Instagram Ads,4,0,0,0,0,311.77
2024-01-30,YouTube Ads,3,0,0,0,0,166.67
2024-01-30,LinkedIn,2,0,0,0,0,288.1
2024-01-30,Webinar/Events,2,0,0,0,0,83.76
2024-01-31,College Partnership Drive,4,0,0,0,0,190.17
2024-01-31,Referral,1,0,0,0,0,20.03
2024-01-31,Organic Search,2,0,0,0,0,5.39
2024-01-31,Google Paid Search,1,0,0,0,0,67.03
2024-01-31,Facebook/Instagram Ads,3,0,0,0,0,235.48
2024-01-31,YouTube Ads,1,0,0,0,0,47.77
2024-01-31,LinkedIn,1,0,0,0,0,200.73
2024-01-31,Webinar/Events,1,0,0,0,0,69.65
2024-02-01,College Partnership Drive,8,5,5,5,3,315.23
2024-02-01,Referral,4,3,3,3,3,86.07
2024-02-01,Organic Search,14,5,3,2,1,24.88
2024-02-01,Google Paid Search,11,3,2,0,0,961.54
2024-02-01,Facebook/Instagram Ads,41,6,3,3,1,2141.59
2024-02-01,YouTube Ads,13,3,1,1,1,945.1
2024-02-01,LinkedIn,6,3,3,2,1,606.98
2024-02-01,Webinar/Events,12,6,6,6,3,893.21
2024-02-02,College Partnership Drive,10,6,6,6,4,528.96
2024-02-02,Referral,6,4,3,3,0,90.45
2024-02-02,Organic Search,19,6,5,5,2,37.51
2024-02-02,Google Paid Search,13,3,3,2,0,1014.08
2024-02-02,Facebook/Instagram Ads,23,4,3,2,0,1218.49
2024-02-02,YouTube Ads,23,5,5,4,1,848.63
2024-02-02,LinkedIn,2,0,0,0,0,434.3
2024-02-02,Webinar/Events,7,3,3,3,2,341.0
2024-02-03,College Partnership Drive,3,0,0,0,0,170.19
2024-02-03,Referral,7,4,3,3,1,185.12
2024-02-03,Organic Search,8,3,2,2,1,6.97
2024-02-03,Google Paid Search,19,5,5,4,1,2384.85
2024-02-03,Facebook/Instagram Ads,43,7,5,4,1,3550.06
2024-02-03,YouTube Ads,2,0,0,0,0,129.5
2024-02-03,LinkedIn,5,2,2,2,0,684.37
2024-02-03,Webinar/Events,4,2,2,2,1,161.01
2024-02-04,College Partnership Drive,6,4,4,4,0,313.21
2024-02-04,Referral,6,4,3,3,1,141.68
2024-02-04,Organic Search,2,1,1,1,0,7.96
2024-02-04,Google Paid Search,14,3,3,3,2,1825.58
2024-02-04,Facebook/Instagram Ads,49,7,4,3,1,4359.7
2024-02-04,YouTube Ads,2,0,0,0,0,117.04
2024-02-04,LinkedIn,10,4,3,2,1,1802.02
2024-02-04,Webinar/Events,2,1,1,1,0,89.65
2024-02-05,College Partnership Drive,3,2,2,2,2,98.26
2024-02-05,Referral,7,5,4,4,0,101.16
2024-02-05,Organic Search,9,3,3,3,0,13.39
2024-02-05,Google Paid Search,3,1,1,1,0,371.22
2024-02-05,Facebook/Instagram Ads,24,4,3,3,0,1689.25
2024-02-05,YouTube Ads,21,4,4,3,1,1189.4
2024-02-05,LinkedIn,2,1,1,1,0,318.9
2024-02-05,Webinar/Events,9,4,3,3,2,390.04
2024-02-06,College Partnership Drive,12,7,7,7,4,642.16
2024-02-06,Referral,2,0,0,0,0,21.86
2024-02-06,Organic Search,13,5,3,3,0,10.54
2024-02-06,Google Paid Search,4,1,0,0,0,355.78
2024-02-06,Facebook/Instagram Ads,21,4,1,1,0,1720.27
2024-02-06,YouTube Ads,15,3,0,0,0,491.5
2024-02-06,LinkedIn,2,0,0,0,0,219.08
2024-02-06,Webinar/Events,4,2,0,0,0,191.65
2024-02-07,College Partnership Drive,8,5,5,3,0,336.82
2024-02-07,Referral,3,2,2,2,2,67.83
2024-02-07,Organic Search,9,3,3,2,1,0.76
2024-02-07,Google Paid Search,9,2,1,0,0,740.76
2024-02-07,Facebook/Instagram Ads,48,8,5,2,1,3902.1
2024-02-07,YouTube Ads,23,4,2,1,0,784.07
2024-02-07,LinkedIn,2,1,1,1,1,193.14
2024-02-07,Webinar/Events,4,2,2,1,1,162.07
2024-02-08,College Partnership Drive,4,3,3,3,1,239.61
2024-02-08,Referral,5,3,1,1,1,51.56
2024-02-08,Organic Search,8,3,3,2,1,6.71
2024-02-08,Google Paid Search,12,3,1,1,0,1435.37
2024-02-08,Facebook/Instagram Ads,37,6,3,2,1,1613.06
2024-02-08,YouTube Ads,4,1,1,1,1,136.43
2024-02-08,LinkedIn,2,1,1,1,1,295.1
2024-02-08,Webinar/Events,2,1,1,1,0,191.76
2024-02-09,College Partnership Drive,3,2,2,2,2,174.36
2024-02-09,Referral,6,4,4,4,2,77.71
2024-02-09,Organic Search,21,7,5,5,3,93.12
2024-02-09,Google Paid Search,27,7,4,2,0,3650.66
2024-02-09,Facebook/Instagram Ads,6,1,1,1,0,236.55
2024-02-09,YouTube Ads,1,0,0,0,0,58.66
2024-02-09,LinkedIn,2,1,1,1,0,410.42
2024-02-09,Webinar/Events,4,2,1,1,0,264.07
2024-02-10,College Partnership Drive,12,7,6,6,1,652.15
2024-02-10,Referral,4,3,3,3,2,41.55
2024-02-10,Organic Search,3,1,0,0,0,4.52
2024-02-10,Google Paid Search,22,6,4,4,2,2225.01
2024-02-10,Facebook/Instagram Ads,45,7,6,2,0,2532.55
2024-02-10,YouTube Ads,9,2,2,1,1,657.23
2024-02-10,LinkedIn,2,1,0,0,0,382.71
2024-02-10,Webinar/Events,4,2,1,1,0,265.42
2024-02-11,College Partnership Drive,10,7,5,4,3,329.4
2024-02-11,Referral,11,6,4,4,1,232.5
2024-02-11,Organic Search,13,5,5,5,2,34.39
2024-02-11,Google Paid Search,24,6,4,3,1,3105.29
2024-02-11,Facebook/Instagram Ads,25,4,2,2,2,2072.73
2024-02-11,YouTube Ads,11,2,1,0,0,714.83
2024-02-11,LinkedIn,2,1,1,1,1,289.97
2024-02-11,Webinar/Events,2,1,1,1,1,94.37
2024-02-12,College Partnership Drive,4,3,3,3,0,202.31
2024-02-12,Referral,7,4,4,4,1,152.89
2024-02-12,Organic Search,10,4,4,3,2,26.58
2024-02-12,Google Paid Search,24,7,5,5,2,1656.19
2024-02-12,Facebook/Instagram Ads,46,8,5,4,2,4056.33
2024-02-12,YouTube Ads,4,1,1,1,1,207.64
2024-02-12,LinkedIn,2,1,1,0,0,344.02
2024-02-12,Webinar/Events,3,2,2,2,1,172.35
2024-02-13,College Partnership Drive,6,4,4,4,1,252.38
2024-02-13,Referral,7,4,4,4,4,194.91
2024-02-13,Organic Search,3,1,1,1,1,2.65
2024-02-13,Google Paid Search,10,3,2,2,2,929.98
2024-02-13,Facebook/Instagram Ads,40,6,0,0,0,2569.87
2024-02-13,YouTube Ads,22,5,4,4,1,992.19
2024-02-13,LinkedIn,6,3,3,3,1,956.6
2024-02-13,Webinar/Events,2,1,1,1,0,100.12
2024-02-14,College Partnership Drive,5,3,3,3,2,281.92
2024-02-14,Referral,3,2,2,2,0,53.56
2024-02-14,Organic Search,7,3,2,2,1,27.31
2024-02-14,Google Paid Search,18,4,3,2,0,1620.29
2024-02-14,Facebook/Instagram Ads,31,5,4,1,0,1902.96
2024-02-14,YouTube Ads,17,3,2,1,0,782.48
2024-02-14,LinkedIn,5,2,2,2,2,562.58
2024-02-14,Webinar/Events,8,4,4,4,3,558.63
2024-02-15,College Partnership Drive,6,4,4,3,1,257.62
2024-02-15,Referral,3,2,2,2,2,51.75
2024-02-15,Organic Search,15,6,6,6,1,57.81
2024-02-15,Google Paid Search,17,4,3,2,0,1976.0
2024-02-15,Facebook/Instagram Ads,52,8,3,2,1,2328.81
2024-02-15,YouTube Ads,29,5,2,1,0,1897.89
2024-02-15,LinkedIn,5,2,1,1,1,817.09
2024-02-15,Webinar/Events,4,2,1,1,1,362.31
2024-02-16,College Partnership Drive,5,4,3,3,2,236.06
2024-02-16,Referral,6,4,4,4,2,71.28
2024-02-16,Organic Search,5,2,2,2,2,5.15
2024-02-16,Google Paid Search,27,7,4,1,1,2698.86
2024-02-16,Facebook/Instagram Ads,47,7,2,0,0,3380.77
2024-02-16,YouTube Ads,15,3,3,3,0,952.93
2024-02-16,LinkedIn,5,2,2,2,2,988.54
2024-02-16,Webinar/Events,4,2,2,0,0,163.59
2024-02-17,College Partnership Drive,1,1,1,1,0,27.81
2024-02-17,Referral,10,7,6,6,4,235.46
2024-02-17,Organic Search,14,5,3,3,2,10.13
2024-02-17,Google Paid Search,12,3,2,2,1,1178.89
2024-02-17,Facebook/Instagram Ads,82,12,2,2,0,5854.38
2024-02-17,YouTube Ads,15,3,3,2,1,954.52
2024-02-17,LinkedIn,2,1,1,1,0,248.44
2024-02-17,Webinar/Events,2,0,0,0,0,123.65
2024-02-18,College Partnership Drive,5,4,4,4,1,152.29
2024-02-18,Referral,1,1,1,1,1,10.77
2024-02-18,Organic Search,10,4,3,3,2,47.89
2024-02-18,Google Paid Search,10,3,3,3,0,1158.49
2024-02-18,Facebook/Instagram Ads,50,9,5,2,1,3290.36
2024-02-18,YouTube Ads,18,4,2,2,2,738.24
2024-02-18,LinkedIn,8,3,2,2,1,1171.81
2024-02-18,Webinar/Events,5,3,3,3,1,237.22
2024-02-19,College Partnership Drive,8,5,5,3,2,295.36
2024-02-19,Referral,3,2,2,2,1,40.48
2024-02-19,Organic Search,7,3,3,3,1,30.33
2024-02-19,Google Paid Search,12,3,2,1,0,1360.3
2024-02-19,Facebook/Instagram Ads,22,4,2,0,0,1059.85
2024-02-19,YouTube Ads,20,4,4,3,1,696.81
2024-02-19,LinkedIn,9,4,4,4,2,1202.9
2024-02-19,Webinar/Events,9,4,4,4,3,690.24
2024-02-20,College Partnership Drive,4,3,3,3,1,110.88
2024-02-20,Referral,5,4,3,3,1,143.34
2024-02-20,Organic Search,9,3,3,3,1,25.34
2024-02-20,Google Paid Search,23,5,5,5,2,1818.8
2024-02-20,Facebook/Instagram Ads,38,6,3,1,0,1594.85
2024-02-20,YouTube Ads,10,2,1,0,0,396.06
2024-02-20,LinkedIn,6,3,3,3,2,1178.8
2024-02-20,Webinar/Events,4,2,2,1,0,324.21
2024-02-21,College Partnership Drive,4,3,2,2,0,100.27
2024-02-21,Referral,5,3,3,3,1,105.75
2024-02-21,Organic Search,14,5,4,4,1,24.37
2024-02-21,Google Paid Search,33,7,6,4,3,4055.7
2024-02-21,Facebook/Instagram Ads,37,6,3,3,1,1507.18
2024-02-21,YouTube Ads,9,2,2,2,0,413.34
2024-02-21,LinkedIn,2,1,0,0,0,183.66
2024-02-21,Webinar/Events,4,2,2,1,0,349.72
2024-02-22,College Partnership Drive,8,6,6,6,3,467.86
2024-02-22,Referral,9,5,4,4,3,107.83
2024-02-22,Organic Search,16,5,4,4,2,25.92
2024-02-22,Google Paid Search,22,5,5,4,3,1611.03
2024-02-22,Facebook/Instagram Ads,35,6,3,2,0,2747.33
2024-02-22,YouTube Ads,10,2,2,1,0,301.25
2024-02-22,LinkedIn,6,3,3,3,1,883.03
2024-02-22,Webinar/Events,4,2,2,2,1,314.55
2024-02-23,College Partnership Drive,10,6,6,6,6,391.66
2024-02-23,Referral,1,1,1,1,0,11.74
2024-02-23,Organic Search,16,5,4,4,4,11.52
2024-02-23,Google Paid Search,7,2,0,0,0,440.88
2024-02-23,Facebook/Instagram Ads,45,8,5,2,0,3426.36
2024-02-23,YouTube Ads,21,4,4,1,0,1301.23
2024-02-23,LinkedIn,8,3,3,3,2,1036.65
2024-02-23,Webinar/Events,6,3,3,2,1,510.79
2024-02-24,College Partnership Drive,3,2,2,2,0,103.5
2024-02-24,Referral,3,2,2,2,2,60.71
2024-02-24,Organic Search,23,9,7,6,5,54.45
2024-02-24,Google Paid Search,33,9,8,6,3,2899.39
2024-02-24,Facebook/Instagram Ads,33,5,4,2,0,2909.68
2024-02-24,YouTube Ads,26,5,0,0,0,844.5
2024-02-24,LinkedIn,6,3,2,1,0,1314.24
2024-02-24,Webinar/Events,4,2,2,2,1,274.93
2024-02-25,College Partnership Drive,8,5,5,5,3,424.19
2024-02-25,Referral,3,2,0,0,0,87.49
2024-02-25,Organic Search,16,5,4,4,2,17.53
2024-02-25,Google Paid Search,23,6,6,4,2,1628.25
2024-02-25,Facebook/Instagram Ads,64,11,8,4,1,3728.0
2024-02-25,YouTube Ads,2,0,0,0,0,65.15
2024-02-25,LinkedIn,4,2,2,2,1,552.4
2024-02-25,Webinar/Events,5,3,3,2,1,423.42
2024-02-26,College Partnership Drive,4,3,3,3,1,154.07
2024-02-26,Referral,3,2,1,1,0,59.24
2024-02-26,Organic Search,18,6,3,3,3,52.23
2024-02-26,Google Paid Search,21,6,5,5,1,1555.81
2024-02-26,Facebook/Instagram Ads,17,3,1,0,0,1496.62
2024-02-26,YouTube Ads,5,1,0,0,0,222.84
2024-02-26,LinkedIn,1,0,0,0,0,144.42
2024-02-26,Webinar/Events,14,6,4,4,3,802.34
2024-02-27,College Partnership Drive,7,5,4,4,2,367.46
2024-02-27,Referral,7,4,4,4,3,197.98
2024-02-27,Organic Search,8,3,2,2,1,7.15
2024-02-27,Google Paid Search,12,3,2,1,1,774.66
2024-02-27,Facebook/Instagram Ads,32,6,4,3,1,1843.79
2024-02-27,YouTube Ads,9,2,0,0,0,573.12
2024-02-27,LinkedIn,7,3,1,1,0,1085.42
2024-02-27,Webinar/Events,7,3,3,3,0,322.31
2024-02-28,College Partnership Drive,0,0,0,0,0,0.0
2024-02-28,Referral,1,0,0,0,0,27.95
2024-02-28,Organic Search,3,0,0,0,0,13.08
2024-02-28,Google Paid Search,1,0,0,0,0,138.2
2024-02-28,Facebook/Instagram Ads,1,0,0,0,0,83.01
2024-02-28,YouTube Ads,4,0,0,0,0,207.5
2024-02-28,LinkedIn,1,0,0,0,0,151.61
2024-02-28,Webinar/Events,1,0,0,0,0,78.7
2024-02-29,College Partnership Drive,4,0,0,0,0,113.09
2024-02-29,Referral,2,0,0,0,0,24.88
2024-02-29,Organic Search,2,0,0,0,0,2.48
2024-02-29,Google Paid Search,4,0,0,0,0,557.39
2024-02-29,Facebook/Instagram Ads,2,0,0,0,0,79.37
2024-02-29,YouTube Ads,1,0,0,0,0,63.94
2024-02-29,LinkedIn,1,0,0,0,0,188.57
2024-02-29,Webinar/Events,1,0,0,0,0,93.53
2024-03-01,College Partnership Drive,4,3,2,2,1,125.85
2024-03-01,Referral,5,3,3,3,2,110.46
2024-03-01,Organic Search,2,1,1,1,0,3.01
2024-03-01,Google Paid Search,3,1,0,0,0,398.79
2024-03-01,Facebook/Instagram Ads,34,5,0,0,0,2138.04
2024-03-01,YouTube Ads,5,1,1,1,1,188.74
2024-03-01,LinkedIn,2,1,1,1,0,351.58
2024-03-01,Webinar/Events,4,2,2,2,1,195.87
2024-03-02,College Partnership Drive,10,6,5,5,4,345.1
2024-03-02,Referral,9,5,5,5,0,178.3
2024-03-02,Organic Search,3,1,1,1,0,3.9
2024-03-02,Google Paid Search,3,1,1,1,0,244.61
2024-03-02,Facebook/Instagram Ads,26,5,3,1,0,1348.91
2024-03-02,YouTube Ads,9,2,2,2,1,368.4
2024-03-02,LinkedIn,2,1,1,1,0,300.81
2024-03-02,Webinar/Events,4,2,2,2,1,369.36
2024-03-03,College Partnership Drive,6,4,4,2,1,168.31
2024-03-03,Referral,9,5,5,5,3,95.84
2024-03-03,Organic Search,6,2,1,1,1,14.68
2024-03-03,Google Paid Search,8,2,2,1,0,980.74
2024-03-03,Facebook/Instagram Ads,21,4,4,3,0,1612.97
2024-03-03,YouTube Ads,14,3,3,2,1,963.11
2024-03-03,LinkedIn,7,3,1,1,1,1383.7
2024-03-03,Webinar/Events,4,2,2,2,2,257.7
2024-03-04,College Partnership Drive,3,0,0,0,0,142.64
2024-03-04,Referral,7,4,4,4,2,204.22
2024-03-04,Organic Search,11,4,4,4,2,5.8
2024-03-04,Google Paid Search,12,3,3,3,1,1024.83
2024-03-04,Facebook/Instagram Ads,12,2,2,0,0,690.62
2024-03-04,YouTube Ads,4,1,1,1,0,196.84
2024-03-04,LinkedIn,5,2,2,0,0,554.24
2024-03-04,Webinar/Events,3,2,2,2,0,188.35
2024-03-05,College Partnership Drive,7,5,4,4,1,260.76
2024-03-05,Referral,8,5,5,5,3,218.52
2024-03-05,Organic Search,6,2,2,2,0,21.14
2024-03-05,Google Paid Search,17,5,3,3,0,1152.4
2024-03-05,Facebook/Instagram Ads,38,6,3,1,0,2694.41
2024-03-05,YouTube Ads,17,3,1,1,1,1265.05
2024-03-05,LinkedIn,2,1,0,0,0,322.85
2024-03-05,Webinar/Events,2,1,1,1,1,82.98
2024-03-06,College Partnership Drive,5,3,2,1,1,125.14
2024-03-06,Referral,7,5,4,4,3,143.89
2024-03-06,Organic Search,13,5,4,4,2,53.38
2024-03-06,Google Paid Search,18,4,3,1,1,1534.68
2024-03-06,Facebook/Instagram Ads,12,2,1,0,0,891.51
2024-03-06,YouTube Ads,18,4,2,1,0,731.27
2024-03-06,LinkedIn,4,2,2,2,0,377.4
2024-03-06,Webinar/Events,6,3,3,3,1,265.83
2024-03-07,College Partnership Drive,9,7,7,6,2,394.15
2024-03-07,Referral,4,0,0,0,0,54.42
2024-03-07,Organic Search,5,2,2,2,0,20.8
2024-03-07,Google Paid Search,8,2,1,1,0,717.64
2024-03-07,Facebook/Instagram Ads,21,3,3,2,2,1585.26
2024-03-07,YouTube Ads,11,2,0,0,0,487.35
2024-03-07,LinkedIn,2,1,1,1,0,346.27
2024-03-07,Webinar/Events,4,2,2,1,1,362.15
2024-03-08,College Partnership Drive,5,4,3,3,1,183.6
2024-03-08,Referral,1,0,0,0,0,26.52
2024-03-08,Organic Search,6,2,2,1,0,24.56
2024-03-08,Google Paid Search,7,2,2,2,1,605.03
2024-03-08,Facebook/Instagram Ads,37,6,3,2,1,1388.18
2024-03-08,YouTube Ads,4,1,1,1,1,172.0
2024-03-08,LinkedIn,7,3,3,2,1,989.02
2024-03-08,Webinar/Events,4,2,2,2,2,372.49
2024-03-09,College Partnership Drive,6,4,4,3,3,289.83
2024-03-09,Referral,3,2,2,2,2,36.67
2024-03-09,Organic Search,9,3,2,2,1,3.18
2024-03-09,Google Paid Search,12,3,3,3,2,1305.09
2024-03-09,Facebook/Instagram Ads,23,4,2,0,0,1531.94
2024-03-09,YouTube Ads,9,2,1,0,0,553.84
2024-03-09,LinkedIn,2,1,1,1,0,319.26
2024-03-09,Webinar/Events,1,1,1,1,1,41.92
2024-03-10,College Partnership Drive,7,4,4,3,2,404.31
2024-03-10,Referral,3,2,2,2,0,50.98
2024-03-10,Organic Search,9,3,3,3,0,19.2
2024-03-10,Google Paid Search,3,1,1,1,1,416.42
2024-03-10,Facebook/Instagram Ads,35,6,2,2,1,1966.24
2024-03-10,YouTube Ads,4,1,0,0,0,257.54
2024-03-10,LinkedIn,3,0,0,0,0,344.63
2024-03-10,Webinar/Events,1,1,0,0,0,45.22
2024-03-11,College Partnership Drive,5,4,3,3,2,262.09
2024-03-11,Referral,4,0,0,0,0,99.09
2024-03-11,Organic Search,9,3,3,3,2,2.44
2024-03-11,Google Paid Search,16,4,3,2,0,2212.1
2024-03-11,Facebook/Instagram Ads,17,3,2,0,0,1275.74
2024-03-11,YouTube Ads,10,2,2,2,0,353.28
2024-03-11,LinkedIn,10,4,3,3,1,1796.46
2024-03-11,Webinar/Events,6,3,2,1,1,542.77
2024-03-12,College Partnership Drive,3,2,2,2,2,97.13
2024-03-12,Referral,1,1,1,1,0,27.83
2024-03-12,Organic Search,3,1,1,1,1,5.52
2024-03-12,Google Paid Search,7,2,1,0,0,813.15
2024-03-12,Facebook/Instagram Ads,32,5,4,3,1,1638.99
2024-03-12,YouTube Ads,10,2,2,0,0,559.47
2024-03-12,LinkedIn,4,2,2,2,2,747.09
2024-03-12,Webinar/Events,1,1,0,0,0,56.39
2024-03-13,College Partnership Drive,12,7,6,5,5,469.7
2024-03-13,Referral,3,2,2,2,0,89.63
2024-03-13,Organic Search,8,3,3,3,1,1.54
2024-03-13,Google Paid Search,4,1,1,1,0,380.75
2024-03-13,Facebook/Instagram Ads,11,2,1,1,0,755.98
2024-03-13,YouTube Ads,13,3,2,0,0,889.41
2024-03-13,LinkedIn,2,1,1,1,0,363.53
2024-03-13,Webinar/Events,4,2,2,2,1,194.29
2024-03-14,College Partnership Drive,4,3,2,2,1,177.05
2024-03-14,Referral,6,4,4,4,4,140.43
2024-03-14,Organic Search,5,2,2,2,2,8.65
2024-03-14,Google Paid Search,12,3,3,2,1,970.73
2024-03-14,Facebook/Instagram Ads,16,3,2,1,0,781.82
2024-03-14,YouTube Ads,16,3,1,1,0,883.13
2024-03-14,LinkedIn,7,3,3,3,3,1001.41
2024-03-14,Webinar/Events,4,2,1,1,0,205.24
2024-03-15,College Partnership Drive,4,3,3,3,2,125.46
2024-03-15,Referral,6,4,1,1,0,64.56
2024-03-15,Organic Search,5,2,1,1,1,3.84
2024-03-15,Google Paid Search,16,4,4,3,1,1120.01
2024-03-15,Facebook/Instagram Ads,28,4,3,1,0,2490.04
2024-03-15,YouTube Ads,4,1,1,0,0,264.04
2024-03-15,LinkedIn,2,1,1,1,0,426.29
2024-03-15,Webinar/Events,2,1,0,0,0,159.77
2024-03-16,College Partnership Drive,4,3,3,3,1,197.73
2024-03-16,Referral,3,2,2,2,2,31.28
2024-03-16,Organic Search,13,4,4,4,0,16.77
2024-03-16,Google Paid Search,9,2,2,2,1,691.47
2024-03-16,Facebook/Instagram Ads,33,5,2,1,0,2885.13
2024-03-16,YouTube Ads,17,3,1,1,0,1099.33
2024-03-16,LinkedIn,1,0,0,0,0,205.2
2024-03-16,Webinar/Events,1,1,0,0,0,80.87
2024-03-17,College Partnership Drive,3,2,2,2,1,102.16
2024-03-17,Referral,1,0,0,0,0,24.35
2024-03-17,Organic Search,3,1,1,1,0,2.59
2024-03-17,Google Paid Search,3,1,1,1,0,193.91
2024-03-17,Facebook/Instagram Ads,12,2,0,0,0,879.33
2024-03-17,YouTube Ads,5,1,1,0,0,199.28
2024-03-17,LinkedIn,1,0,0,0,0,130.96
2024-03-17,Webinar/Events,3,2,2,1,1,143.19
2024-03-18,College Partnership Drive,9,7,7,7,6,252.99
2024-03-18,Referral,1,1,1,1,0,12.09
2024-03-18,Organic Search,2,0,0,0,0,6.69
2024-03-18,Google Paid Search,2,0,0,0,0,227.32
2024-03-18,Facebook/Instagram Ads,34,5,3,2,0,2752.51
2024-03-18,YouTube Ads,18,4,3,2,0,810.52
2024-03-18,LinkedIn,3,0,0,0,0,635.51
2024-03-18,Webinar/Events,3,2,2,1,0,120.5
2024-03-19,College Partnership Drive,5,4,4,4,3,268.54
2024-03-19,Referral,1,1,1,1,1,12.74
2024-03-19,Organic Search,5,2,2,2,1,14.42
2024-03-19,Google Paid Search,22,6,5,3,0,2809.74
2024-03-19,Facebook/Instagram Ads,26,5,3,2,1,1916.62
2024-03-19,YouTube Ads,5,1,1,1,1,245.33
2024-03-19,LinkedIn,7,3,3,3,1,1043.54
2024-03-19,Webinar/Events,9,5,4,4,1,572.88
2024-03-20,College Partnership Drive,10,6,6,5,2,360.66
2024-03-20,Referral,3,2,2,2,1,43.32
2024-03-20,Organic Search,6,2,1,1,0,3.29
2024-03-20,Google Paid Search,3,1,1,1,1,301.07
2024-03-20,Facebook/Instagram Ads,19,3,1,0,0,1217.43
2024-03-20,YouTube Ads,0,0,0,0,0,0.0
2024-03-20,LinkedIn,1,0,0,0,0,217.11
2024-03-20,Webinar/Events,10,5,5,5,1,509.71
2024-03-21,College Partnership Drive,6,4,3,3,3,293.19
2024-03-21,Referral,1,1,1,1,1,21.39
2024-03-21,Organic Search,8,3,3,2,0,12.24
2024-03-21,Google Paid Search,14,4,4,2,0,1009.58
2024-03-21,Facebook/Instagram Ads,26,4,1,1,0,1349.2
2024-03-21,YouTube Ads,4,0,0,0,0,125.61
2024-03-21,LinkedIn,5,2,1,1,1,519.3
2024-03-21,Webinar/Events,3,2,2,2,0,282.85
2024-03-22,College Partnership Drive,3,2,0,0,0,174.53
2024-03-22,Referral,1,1,1,1,1,20.44
2024-03-22,Organic Search,12,4,3,2,1,44.0
2024-03-22,Google Paid Search,32,7,5,5,3,2404.95
2024-03-22,Facebook/Instagram Ads,55,9,6,3,1,2736.06
2024-03-22,YouTube Ads,4,1,1,0,0,295.32
2024-03-22,LinkedIn,2,1,1,1,1,305.62
2024-03-22,Webinar/Events,4,2,2,1,1,358.5
2024-03-23,College Partnership Drive,4,3,3,3,2,165.51
2024-03-23,Referral,5,4,4,4,2,126.08
2024-03-23,Organic Search,2,1,1,1,0,6.42
2024-03-23,Google Paid Search,15,4,2,2,1,1080.85
2024-03-23,Facebook/Instagram Ads,20,3,2,2,0,1749.48
2024-03-23,YouTube Ads,15,3,1,1,1,522.44
2024-03-23,LinkedIn,1,0,0,0,0,148.64
2024-03-23,Webinar/Events,3,0,0,0,0,225.69
2024-03-24,College Partnership Drive,5,3,3,3,2,281.33
2024-03-24,Referral,1,1,1,1,1,18.65
2024-03-24,Organic Search,9,3,3,3,2,32.61
2024-03-24,Google Paid Search,15,4,2,0,0,2046.28
2024-03-24,Facebook/Instagram Ads,20,3,2,1,0,1542.44
2024-03-24,YouTube Ads,13,3,2,1,1,550.25
2024-03-24,LinkedIn,2,1,1,1,0,324.44
2024-03-24,Webinar/Events,4,2,2,2,2,258.79
2024-03-25,College Partnership Drive,3,2,2,2,1,169.07
2024-03-25,Referral,3,2,2,2,0,61.36
2024-03-25,Organic Search,2,1,1,1,1,2.9
2024-03-25,Google Paid Search,11,3,3,3,0,1281.8
2024-03-25,Facebook/Instagram Ads,37,7,4,3,0,2538.79
2024-03-25,YouTube Ads,25,5,4,1,0,1555.85
2024-03-25,LinkedIn,6,3,3,2,1,570.42
2024-03-25,Webinar/Events,4,2,2,1,0,277.91
2024-03-26,College Partnership Drive,10,6,6,6,2,413.83
2024-03-26,Referral,4,3,2,2,2,92.01
2024-03-26,Organic Search,7,3,3,3,1,26.94
2024-03-26,Google Paid Search,19,5,5,4,2,1921.32
2024-03-26,Facebook/Instagram Ads,16,3,2,0,0,1393.37
2024-03-26,YouTube Ads,23,4,1,0,0,851.28
2024-03-26,LinkedIn,2,1,1,1,1,387.07
2024-03-26,Webinar/Events,1,1,1,1,0,61.2
2024-03-27,College Partnership Drive,2,2,2,2,2,107.92
2024-03-27,Referral,6,4,3,3,3,61.23
2024-03-27,Organic Search,13,4,3,2,0,27.05
2024-03-27,Google Paid Search,12,3,2,2,0,1231.55
2024-03-27,Facebook/Instagram Ads,48,7,5,2,1,2565.65
2024-03-27,YouTube Ads,18,4,2,1,0,1243.0
2024-03-27,LinkedIn,2,1,1,1,0,321.93
2024-03-27,Webinar/Events,2,1,1,1,1,188.17
2024-03-28,College Partnership Drive,2,0,0,0,0,99.41
2024-03-28,Referral,1,0,0,0,0,19.24
2024-03-28,Organic Search,0,0,0,0,0,0.0
2024-03-28,Google Paid Search,1,0,0,0,0,108.49
2024-03-28,Facebook/Instagram Ads,1,0,0,0,0,65.13
2024-03-28,YouTube Ads,2,0,0,0,0,132.0
2024-03-28,LinkedIn,1,0,0,0,0,202.8
2024-03-28,Webinar/Events,2,0,0,0,0,96.37
2024-03-29,College Partnership Drive,0,0,0,0,0,0.0
2024-03-29,Referral,2,0,0,0,0,55.86
2024-03-29,Organic Search,1,0,0,0,0,4.83
2024-03-29,Google Paid Search,2,0,0,0,0,229.24
2024-03-29,Facebook/Instagram Ads,0,0,0,0,0,0.0
2024-03-29,YouTube Ads,0,0,0,0,0,0.0
2024-03-29,LinkedIn,2,0,0,0,0,409.01
2024-03-29,Webinar/Events,1,0,0,0,0,82.21
2024-03-30,College Partnership Drive,4,0,0,0,0,149.62
2024-03-30,Referral,0,0,0,0,0,0.0
2024-03-30,Organic Search,3,0,0,0,0,3.95
2024-03-30,Google Paid Search,3,0,0,0,0,248.93
2024-03-30,Facebook/Instagram Ads,2,0,0,0,0,175.67
2024-03-30,YouTube Ads,4,0,0,0,0,267.03
2024-03-30,LinkedIn,1,0,0,0,0,115.34
2024-03-30,Webinar/Events,2,0,0,0,0,193.48
2024-03-31,College Partnership Drive,1,0,0,0,0,39.37
2024-03-31,Referral,2,0,0,0,0,37.56
2024-03-31,Organic Search,4,0,0,0,0,8.46
2024-03-31,Google Paid Search,1,0,0,0,0,65.89
2024-03-31,Facebook/Instagram Ads,1,0,0,0,0,76.34
2024-03-31,YouTube Ads,0,0,0,0,0,0.0
2024-03-31,LinkedIn,1,0,0,0,0,97.87
2024-03-31,Webinar/Events,3,0,0,0,0,197.95
2024-04-01,College Partnership Drive,11,8,8,8,4,380.33
2024-04-01,Referral,4,3,2,2,1,78.86
2024-04-01,Organic Search,12,4,3,3,2,1.24
2024-04-01,Google Paid Search,32,7,4,3,0,2213.22
2024-04-01,Facebook/Instagram Ads,40,6,1,1,0,2675.11
2024-04-01,YouTube Ads,10,2,1,1,0,454.88
2024-04-01,LinkedIn,7,3,3,3,1,1475.74
2024-04-01,Webinar/Events,1,1,0,0,0,91.69
2024-04-02,College Partnership Drive,4,3,3,2,2,165.53
2024-04-02,Referral,3,2,2,2,1,65.2
2024-04-02,Organic Search,6,2,2,2,1,18.62
2024-04-02,Google Paid Search,3,0,0,0,0,288.27
2024-04-02,Facebook/Instagram Ads,26,5,5,1,1,1612.87
2024-04-02,YouTube Ads,5,1,0,0,0,317.53
2024-04-02,LinkedIn,4,2,2,2,1,622.07
2024-04-02,Webinar/Events,4,0,0,0,0,262.92
2024-04-03,College Partnership Drive,8,5,5,4,2,384.81
2024-04-03,Referral,3,2,2,2,1,78.62
2024-04-03,Organic Search,6,2,2,2,1,2.66
2024-04-03,Google Paid Search,7,2,2,1,1,440.05
2024-04-03,Facebook/Instagram Ads,59,10,5,1,1,4481.73
2024-04-03,YouTube Ads,19,4,3,1,0,675.59
2024-04-03,LinkedIn,10,5,5,4,1,2105.52
2024-04-03,Webinar/Events,8,4,4,4,3,762.77
2024-04-04,College Partnership Drive,5,3,3,3,2,209.16
2024-04-04,Referral,7,4,4,4,3,183.94
2024-04-04,Organic Search,2,1,1,1,1,6.96
2024-04-04,Google Paid Search,13,3,2,2,2,909.49
2024-04-04,Facebook/Instagram Ads,66,10,5,1,0,4943.8
2024-04-04,YouTube Ads,5,1,1,0,0,335.2
2024-04-04,LinkedIn,5,2,2,2,0,1068.07
2024-04-04,Webinar/Events,0,0,0,0,0,0.0
2024-04-05,College Partnership Drive,7,5,5,5,1,269.55
2024-04-05,Referral,7,4,4,4,2,89.75
2024-04-05,Organic Search,13,5,4,3,1,62.74
2024-04-05,Google Paid Search,11,3,2,2,1,1331.98
2024-04-05,Facebook/Instagram Ads,28,5,3,1,0,2079.07
2024-04-05,YouTube Ads,11,2,1,0,0,503.49
2024-04-05,LinkedIn,2,1,1,1,0,195.58
2024-04-05,Webinar/Events,4,2,2,2,1,236.36
2024-04-06,College Partnership Drive,2,2,2,2,1,111.02
2024-04-06,Referral,6,4,4,3,2,111.22
2024-04-06,Organic Search,16,5,4,4,1,79.89
2024-04-06,Google Paid Search,3,1,0,0,0,223.87
2024-04-06,Facebook/Instagram Ads,31,5,3,0,0,2739.19
2024-04-06,YouTube Ads,16,3,1,1,1,694.99
2024-04-06,LinkedIn,2,0,0,0,0,180.81
2024-04-06,Webinar/Events,5,0,0,0,0,430.24
2024-04-07,College Partnership Drive,3,2,2,2,2,162.2
2024-04-07,Referral,1,1,0,0,0,12.79
2024-04-07,Organic Search,6,2,2,2,0,18.45
2024-04-07,Google Paid Search,13,3,3,0,0,1288.96
2024-04-07,Facebook/Instagram Ads,50,8,3,0,0,1949.05
2024-04-07,YouTube Ads,23,4,4,4,0,737.53
2024-04-07,LinkedIn,5,2,2,2,0,851.98
2024-04-07,Webinar/Events,12,5,5,4,2,919.88
2024-04-08,College Partnership Drive,4,3,3,3,2,122.3
2024-04-08,Referral,15,8,5,5,3,271.84
2024-04-08,Organic Search,6,2,2,2,2,10.24
2024-04-08,Google Paid Search,14,4,2,1,0,1601.19
2024-04-08,Facebook/Instagram Ads,2,0,0,0,0,167.64
2024-04-08,YouTube Ads,9,2,1,1,0,519.86
2024-04-08,LinkedIn,1,0,0,0,0,210.15
2024-04-08,Webinar/Events,8,4,4,3,2,461.14
2024-04-09,College Partnership Drive,11,8,8,8,5,325.04
2024-04-09,Referral,5,3,3,3,1,97.91
2024-04-09,Organic Search,9,3,3,3,1,42.42
2024-04-09,Google Paid Search,7,2,1,1,1,708.48
2024-04-09,Facebook/Instagram Ads,23,4,3,1,0,991.44
2024-04-09,YouTube Ads,9,2,1,0,0,524.92
2024-04-09,LinkedIn,5,2,1,1,1,737.07
2024-04-09,Webinar/Events,1,0,0,0,0,90.69
2024-04-10,College Partnership Drive,6,4,4,2,0,233.85
2024-04-10,Referral,3,2,2,2,1,38.66
2024-04-10,Organic Search,13,4,2,1,0,42.06
2024-04-10,Google Paid Search,18,4,3,2,0,1482.91
2024-04-10,Facebook/Instagram Ads,61,9,6,3,0,2487.65
2024-04-10,YouTube Ads,3,0,0,0,0,184.81
2024-04-10,LinkedIn,5,2,2,2,1,580.5
2024-04-10,Webinar/Events,2,1,1,1,0,166.01
2024-04-11,College Partnership Drive,4,3,3,3,2,136.17
2024-04-11,Referral,6,4,4,3,0,169.43
2024-04-11,Organic Search,6,2,1,1,1,16.73
2024-04-11,Google Paid Search,7,2,2,2,0,519.09
2024-04-11,Facebook/Instagram Ads,38,6,6,2,0,2136.97
2024-04-11,YouTube Ads,9,2,1,1,1,453.36
2024-04-11,LinkedIn,5,2,2,2,2,601.11
2024-04-11,Webinar/Events,2,1,1,1,0,129.97
2024-04-12,College Partnership Drive,8,5,5,5,2,304.14
2024-04-12,Referral,1,1,1,1,1,21.45
2024-04-12,Organic Search,8,3,3,3,2,18.5
2024-04-12,Google Paid Search,7,2,1,1,0,927.36
2024-04-12,Facebook/Instagram Ads,32,6,2,2,1,1852.94
2024-04-12,YouTube Ads,11,2,0,0,0,606.92
2024-04-12,LinkedIn,5,2,1,1,0,581.64
2024-04-12,Webinar/Events,6,3,2,0,0,320.28
2024-04-13,College Partnership Drive,8,5,5,5,0,439.61
2024-04-13,Referral,9,6,5,4,2,258.4
2024-04-13,Organic Search,20,7,7,7,2,83.24
2024-04-13,Google Paid Search,16,4,3,2,1,2020.5
2024-04-13,Facebook/Instagram Ads,62,9,3,2,1,4333.21
2024-04-13,YouTube Ads,9,2,0,0,0,271.92
2024-04-13,LinkedIn,6,3,3,3,2,797.72
2024-04-13,Webinar/Events,4,2,2,1,1,164.68
2024-04-14,College Partnership Drive,4,3,3,3,3,227.57
2024-04-14,Referral,6,4,2,2,0,64.12
2024-04-14,Organic Search,11,4,4,3,2,34.3
2024-04-14,Google Paid Search,17,4,3,3,2,1647.6
2024-04-14,Facebook/Instagram Ads,23,4,2,1,0,1423.98
2024-04-14,YouTube Ads,10,2,2,2,0,414.81
2024-04-14,LinkedIn,4,2,1,1,0,697.37
2024-04-14,Webinar/Events,9,4,4,4,1,540.58
2024-04-15,College Partnership Drive,7,5,5,5,3,358.33
2024-04-15,Referral,3,2,2,2,0,76.73
2024-04-15,Organic Search,5,2,2,1,1,22.46
2024-04-15,Google Paid Search,19,5,4,4,2,2474.36
2024-04-15,Facebook/Instagram Ads,23,4,1,1,1,1567.48
2024-04-15,YouTube Ads,10,2,2,0,0,410.59
2024-04-15,LinkedIn,2,1,1,1,1,336.74
2024-04-15,Webinar/Events,4,2,2,1,0,332.15
2024-04-16,College Partnership Drive,4,0,0,0,0,110.4
2024-04-16,Referral,6,4,4,4,2,150.79
2024-04-16,Organic Search,12,5,3,3,1,8.6
2024-04-16,Google Paid Search,3,1,0,0,0,310.71
2024-04-16,Facebook/Instagram Ads,26,4,4,2,0,2242.04
2024-04-16,YouTube Ads,11,2,2,2,1,363.25
2024-04-16,LinkedIn,7,3,3,3,0,947.28
2024-04-16,Webinar/Events,5,3,3,3,2,341.13
2024-04-17,College Partnership Drive,4,3,3,3,2,236.8
2024-04-17,Referral,7,4,4,4,1,177.98
2024-04-17,Organic Search,10,3,3,3,1,6.86
2024-04-17,Google Paid Search,23,5,4,4,1,2376.89
2024-04-17,Facebook/Instagram Ads,47,7,4,2,1,2307.46
2024-04-17,YouTube Ads,5,1,1,1,0,166.27
2024-04-17,LinkedIn,5,2,2,2,1,714.24
2024-04-17,Webinar/Events,1,1,1,1,0,60.05
2024-04-18,College Partnership Drive,1,0,0,0,0,49.47
2024-04-18,Referral,5,3,2,2,0,121.0
2024-04-18,Organic Search,7,3,2,2,1,18.14
2024-04-18,Google Paid Search,9,2,1,1,0,799.38
2024-04-18,Facebook/Instagram Ads,32,5,2,2,0,2516.98
2024-04-18,YouTube Ads,4,1,1,0,0,269.5
2024-04-18,LinkedIn,5,2,2,2,1,794.58
2024-04-18,Webinar/Events,4,2,2,2,0,257.32
2024-04-19,College Partnership Drive,8,5,5,4,3,361.36
2024-04-19,Referral,5,3,3,3,1,83.81
2024-04-19,Organic Search,8,3,3,3,3,34.25
2024-04-19,Google Paid Search,4,1,1,1,1,382.07
2024-04-19,Facebook/Instagram Ads,62,9,7,1,0,4682.61
2024-04-19,YouTube Ads,11,2,0,0,0,813.25
2024-04-19,LinkedIn,2,1,1,1,0,259.09
2024-04-19,Webinar/Events,2,1,1,1,0,134.85
2024-04-20,College Partnership Drive,4,3,3,2,1,201.16
2024-04-20,Referral,4,3,3,3,1,40.32
2024-04-20,Organic Search,5,2,1,0,0,11.82
2024-04-20,Google Paid Search,12,3,3,3,2,1099.27
2024-04-20,Facebook/Instagram Ads,36,6,0,0,0,1614.48
2024-04-20,YouTube Ads,10,2,0,0,0,426.73
2024-04-20,LinkedIn,4,2,2,2,1,644.09
2024-04-20,Webinar/Events,2,1,1,1,0,122.9
2024-04-21,College Partnership Drive,8,6,6,6,1,346.03
2024-04-21,Referral,5,4,3,3,2,118.78
2024-04-21,Organic Search,23,7,6,5,3,30.31
2024-04-21,Google Paid Search,7,2,2,2,0,748.82
2024-04-21,Facebook/Instagram Ads,41,7,7,4,2,2295.13
2024-04-21,YouTube Ads,3,0,0,0,0,206.38
2024-04-21,LinkedIn,4,2,0,0,0,422.02
2024-04-21,Webinar/Events,7,3,2,2,0,539.63
2024-04-22,College Partnership Drive,6,5,5,5,3,301.75
2024-04-22,Referral,4,3,3,3,1,88.01
2024-04-22,Organic Search,8,3,3,3,2,20.13
2024-04-22,Google Paid Search,4,1,1,1,0,293.13
2024-04-22,Facebook/Instagram Ads,60,11,5,3,0,4770.61
2024-04-22,YouTube Ads,9,2,0,0,0,311.68
2024-04-22,LinkedIn,5,2,2,2,0,691.06
2024-04-22,Webinar/Events,4,2,1,1,1,284.55
2024-04-23,College Partnership Drive,10,6,6,6,3,298.54
2024-04-23,Referral,5,3,3,3,3,124.49
2024-04-23,Organic Search,9,3,3,3,1,43.72
2024-04-23,Google Paid Search,9,2,2,2,0,673.26
2024-04-23,Facebook/Instagram Ads,32,6,3,2,0,1283.1
2024-04-23,YouTube Ads,6,1,1,1,0,280.83
2024-04-23,LinkedIn,2,1,0,0,0,327.23
2024-04-23,Webinar/Events,6,3,2,1,1,512.26
2024-04-24,College Partnership Drive,3,2,2,2,2,124.52
2024-04-24,Referral,5,3,2,2,1,143.49
2024-04-24,Organic Search,14,5,4,2,1,0.52
2024-04-24,Google Paid Search,13,3,3,2,1,957.2
2024-04-24,Facebook/Instagram Ads,18,3,3,1,0,889.95
2024-04-24,YouTube Ads,10,2,2,1,1,345.91
2024-04-24,LinkedIn,6,0,0,0,0,1162.09
2024-04-24,Webinar/Events,4,2,2,2,2,367.1
2024-04-25,College Partnership Drive,3,2,2,2,2,82.11
2024-04-25,Referral,1,1,1,1,1,27.1
2024-04-25,Organic Search,8,3,3,2,0,11.63
2024-04-25,Google Paid Search,14,3,1,1,1,1553.35
2024-04-25,Facebook/Instagram Ads,48,9,5,3,1,2701.07
2024-04-25,YouTube Ads,4,1,0,0,0,215.67
2024-04-25,LinkedIn,4,0,0,0,0,647.91
2024-04-25,Webinar/Events,1,0,0,0,0,48.25
2024-04-26,College Partnership Drive,4,3,3,3,1,225.87
2024-04-26,Referral,5,4,4,4,0,102.48
2024-04-26,Organic Search,15,5,4,4,2,51.66
2024-04-26,Google Paid Search,29,8,5,4,4,3093.64
2024-04-26,Facebook/Instagram Ads,41,7,3,2,0,1821.7
2024-04-26,YouTube Ads,14,3,1,0,0,755.86
2024-04-26,LinkedIn,1,0,0,0,0,185.11
2024-04-26,Webinar/Events,4,2,2,1,0,250.83
2024-04-27,College Partnership Drive,12,7,6,6,4,352.62
2024-04-27,Referral,5,3,3,3,2,143.95
2024-04-27,Organic Search,3,1,1,1,1,5.8
2024-04-27,Google Paid Search,16,4,3,2,2,1085.54
2024-04-27,Facebook/Instagram Ads,52,8,4,2,1,2816.95
2024-04-27,YouTube Ads,18,3,2,2,1,757.41
2024-04-27,LinkedIn,7,3,3,2,1,709.09
2024-04-27,Webinar/Events,4,2,2,1,0,339.0
2024-04-28,College Partnership Drive,0,0,0,0,0,0.0
2024-04-28,Referral,2,0,0,0,0,37.4
2024-04-28,Organic Search,0,0,0,0,0,0.0
2024-04-28,Google Paid Search,2,0,0,0,0,195.12
2024-04-28,Facebook/Instagram Ads,1,0,0,0,0,89.99
2024-04-28,YouTube Ads,2,0,0,0,0,142.44
2024-04-28,LinkedIn,2,0,0,0,0,196.38
2024-04-28,Webinar/Events,3,0,0,0,0,223.5
2024-04-29,College Partnership Drive,2,0,0,0,0,114.91
2024-04-29,Referral,1,0,0,0,0,15.51
2024-04-29,Organic Search,3,0,0,0,0,1.64
2024-04-29,Google Paid Search,1,0,0,0,0,77.82
2024-04-29,Facebook/Instagram Ads,1,0,0,0,0,89.18
2024-04-29,YouTube Ads,0,0,0,0,0,0.0
2024-04-29,LinkedIn,1,0,0,0,0,171.48
2024-04-29,Webinar/Events,2,0,0,0,0,163.28
2024-04-30,College Partnership Drive,1,0,0,0,0,45.58
2024-04-30,Referral,1,0,0,0,0,28.61
2024-04-30,Organic Search,2,0,0,0,0,0.19
2024-04-30,Google Paid Search,3,0,0,0,0,200.56
2024-04-30,Facebook/Instagram Ads,0,0,0,0,0,0.0
2024-04-30,YouTube Ads,1,0,0,0,0,36.62
2024-04-30,LinkedIn,3,0,0,0,0,538.72
2024-04-30,Webinar/Events,4,0,0,0,0,341.22
2024-05-01,College Partnership Drive,6,4,4,4,3,268.32
2024-05-01,Referral,2,0,0,0,0,54.85
2024-05-01,Organic Search,25,9,7,7,2,114.97
2024-05-01,Google Paid Search,4,1,1,1,0,281.88
2024-05-01,Facebook/Instagram Ads,47,8,3,2,1,3177.94
2024-05-01,YouTube Ads,9,2,2,1,1,473.76
2024-05-01,LinkedIn,2,0,0,0,0,275.22
2024-05-01,Webinar/Events,2,0,0,0,0,101.72
2024-05-02,College Partnership Drive,14,9,9,9,4,749.81
2024-05-02,Referral,9,5,4,4,2,158.77
2024-05-02,Organic Search,13,4,4,4,3,57.92
2024-05-02,Google Paid Search,14,3,3,3,0,887.98
2024-05-02,Facebook/Instagram Ads,40,6,4,2,0,1860.19
2024-05-02,YouTube Ads,11,2,2,1,1,734.75
2024-05-02,LinkedIn,2,1,1,1,0,261.62
2024-05-02,Webinar/Events,7,4,4,4,1,657.9
2024-05-03,College Partnership Drive,2,2,2,2,1,72.59
2024-05-03,Referral,7,4,3,3,2,180.63
2024-05-03,Organic Search,23,7,5,5,2,24.22
2024-05-03,Google Paid Search,11,3,3,2,0,1344.13
2024-05-03,Facebook/Instagram Ads,28,5,4,1,0,2079.31
2024-05-03,YouTube Ads,29,6,5,2,1,1355.21
2024-05-03,LinkedIn,11,5,5,4,4,1542.86
2024-05-03,Webinar/Events,7,4,4,4,3,423.12
2024-05-04,College Partnership Drive,7,4,3,2,2,315.08
2024-05-04,Referral,1,1,1,0,0,14.31
2024-05-04,Organic Search,5,2,1,1,0,21.52
2024-05-04,Google Paid Search,7,2,2,1,1,651.11
2024-05-04,Facebook/Instagram Ads,35,5,5,3,0,2417.99
2024-05-04,YouTube Ads,17,3,1,1,0,671.37
2024-05-04,LinkedIn,5,2,2,2,1,932.96
2024-05-04,Webinar/Events,4,2,2,2,1,179.76
2024-05-05,College Partnership Drive,9,5,5,5,2,392.57
2024-05-05,Referral,9,5,5,4,3,106.82
2024-05-05,Organic Search,16,5,5,5,4,50.39
2024-05-05,Google Paid Search,20,5,4,3,0,2615.81
2024-05-05,Facebook/Instagram Ads,40,7,4,2,0,3367.94
2024-05-05,YouTube Ads,13,3,2,1,0,962.99
2024-05-05,LinkedIn,10,5,5,5,1,1773.81
2024-05-05,Webinar/Events,3,2,2,2,2,204.88
2024-05-06,College Partnership Drive,16,10,10,8,5,523.78
2024-05-06,Referral,5,3,3,3,2,129.63
2024-05-06,Organic Search,20,8,7,4,3,71.8
2024-05-06,Google Paid Search,8,2,2,2,2,738.34
2024-05-06,Facebook/Instagram Ads,59,9,6,3,0,3726.9
2024-05-06,YouTube Ads,25,5,4,2,1,966.18
2024-05-06,LinkedIn,4,2,2,2,1,815.94
2024-05-06,Webinar/Events,2,0,0,0,0,189.01
2024-05-07,College Partnership Drive,10,7,6,6,1,371.42
2024-05-07,Referral,7,4,4,4,0,113.78
2024-05-07,Organic Search,26,8,7,7,4,128.53
2024-05-07,Google Paid Search,2,0,0,0,0,128.69
2024-05-07,Facebook/Instagram Ads,68,10,5,0,0,6089.97
2024-05-07,YouTube Ads,11,2,1,1,0,680.83
2024-05-07,LinkedIn,2,0,0,0,0,338.1
2024-05-07,Webinar/Events,8,4,4,3,0,476.53
2024-05-08,College Partnership Drive,15,9,8,8,5,751.16
2024-05-08,Referral,9,5,4,4,2,251.66
2024-05-08,Organic Search,25,10,7,7,5,25.24
2024-05-08,Google Paid Search,7,2,1,1,0,897.77
2024-05-08,Facebook/Instagram Ads,58,11,5,2,1,4805.7
2024-05-08,YouTube Ads,5,1,1,1,0,323.91
2024-05-08,LinkedIn,2,1,0,0,0,249.2
2024-05-08,Webinar/Events,7,4,2,2,1,299.28
2024-05-09,College Partnership Drive,9,6,6,5,4,266.29
2024-05-09,Referral,5,3,3,3,2,138.8
2024-05-09,Organic Search,26,9,8,8,4,48.73
2024-05-09,Google Paid Search,13,3,2,1,0,1633.87
2024-05-09,Facebook/Instagram Ads,56,8,5,2,1,3409.25
2024-05-09,YouTube Ads,11,2,2,1,1,569.01
2024-05-09,LinkedIn,2,1,1,1,1,332.34
2024-05-09,Webinar/Events,11,6,3,3,1,721.95
2024-05-10,College Partnership Drive,7,5,5,5,4,285.72
2024-05-10,Referral,2,2,2,2,1,43.79
2024-05-10,Organic Search,20,7,7,6,2,37.03
2024-05-10,Google Paid Search,37,9,8,5,2,5167.41
2024-05-10,Facebook/Instagram Ads,33,5,2,0,0,2353.31
2024-05-10,YouTube Ads,9,2,1,1,0,580.41
2024-05-10,LinkedIn,10,4,4,4,3,1073.55
2024-05-10,Webinar/Events,7,4,4,4,2,440.54
2024-05-11,College Partnership Drive,8,5,5,5,2,388.61
2024-05-11,Referral,6,4,4,4,2,74.58
2024-05-11,Organic Search,20,6,5,3,2,70.07
2024-05-11,Google Paid Search,13,3,2,2,2,1087.17
2024-05-11,Facebook/Instagram Ads,37,6,4,1,0,1539.11
2024-05-11,YouTube Ads,5,1,1,1,1,166.56
2024-05-11,LinkedIn,2,1,1,1,0,320.82
2024-05-11,Webinar/Events,2,1,1,0,0,151.5
2024-05-12,College Partnership Drive,5,3,3,3,1,274.56
2024-05-12,Referral,8,5,5,5,3,146.34
2024-05-12,Organic Search,12,4,4,4,0,47.02
2024-05-12,Google Paid Search,18,5,4,2,0,2402.54
2024-05-12,Facebook/Instagram Ads,55,8,7,3,1,3197.56
2024-05-12,YouTube Ads,16,3,0,0,0,607.19
2024-05-12,LinkedIn,7,3,3,3,2,972.32
2024-05-12,Webinar/Events,6,3,3,3,1,323.59
2024-05-13,College Partnership Drive,4,3,2,2,1,162.04
2024-05-13,Referral,1,0,0,0,0,18.97
2024-05-13,Organic Search,26,8,6,5,2,113.79
2024-05-13,Google Paid Search,22,6,6,5,0,1644.87
2024-05-13,Facebook/Instagram Ads,44,7,3,1,0,2013.27
2024-05-13,YouTube Ads,2,0,0,0,0,114.96
2024-05-13,LinkedIn,4,2,1,1,1,659.13
2024-05-13,Webinar/Events,7,3,3,3,0,395.44
2024-05-14,College Partnership Drive,6,4,4,4,4,229.53
2024-05-14,Referral,3,2,1,1,0,81.01
2024-05-14,Organic Search,14,5,3,3,1,14.96
2024-05-14,Google Paid Search,11,3,2,1,0,800.0
2024-05-14,Facebook/Instagram Ads,32,5,3,2,1,2115.17
2024-05-14,YouTube Ads,23,4,1,1,1,1498.46
2024-05-14,LinkedIn,2,0,0,0,0,283.21
2024-05-14,Webinar/Events,1,1,1,1,0,41.91
2024-05-15,College Partnership Drive,4,3,2,2,2,146.47
2024-05-15,Referral,5,3,3,3,3,82.15
2024-05-15,Organic Search,5,2,2,1,1,4.57
2024-05-15,Google Paid Search,10,3,3,3,3,666.6
2024-05-15,Facebook/Instagram Ads,32,6,5,4,4,1483.23
2024-05-15,YouTube Ads,16,3,2,2,1,589.0
2024-05-15,LinkedIn,9,4,4,4,1,1284.04
2024-05-15,Webinar/Events,7,3,2,2,1,588.87
2024-05-16,College Partnership Drive,5,3,2,2,0,128.84
2024-05-16,Referral,7,4,4,4,0,107.78
2024-05-16,Organic Search,9,3,3,3,1,42.87
2024-05-16,Google Paid Search,26,6,5,5,2,2662.01
2024-05-16,Facebook/Instagram Ads,56,8,4,4,1,4219.01
2024-05-16,YouTube Ads,27,5,3,2,2,870.86
2024-05-16,LinkedIn,15,6,5,5,1,2482.8
2024-05-16,Webinar/Events,2,1,1,1,1,152.52
2024-05-17,College Partnership Drive,4,3,2,1,0,120.47
2024-05-17,Referral,7,4,4,3,2,123.37
2024-05-17,Organic Search,26,8,8,8,7,80.97
2024-05-17,Google Paid Search,32,7,5,5,3,3703.02
2024-05-17,Facebook/Instagram Ads,41,6,5,3,1,3475.66
2024-05-17,YouTube Ads,17,3,2,0,0,676.44
2024-05-17,LinkedIn,5,2,2,2,1,764.35
2024-05-17,Webinar/Events,8,4,4,4,1,786.14
2024-05-18,College Partnership Drive,8,6,4,4,2,251.03
2024-05-18,Referral,12,7,7,7,3,250.2
2024-05-18,Organic Search,9,3,3,2,2,5.44
2024-05-18,Google Paid Search,18,5,2,2,2,2106.29
2024-05-18,Facebook/Instagram Ads,34,5,3,0,0,1974.32
2024-05-18,YouTube Ads,5,1,1,0,0,274.09
2024-05-18,LinkedIn,10,5,5,4,4,1142.04
2024-05-18,Webinar/Events,7,3,3,2,1,323.68
2024-05-19,College Partnership Drive,7,4,4,4,4,301.65
2024-05-19,Referral,6,4,4,4,4,128.97
2024-05-19,Organic Search,15,6,4,4,1,18.14
2024-05-19,Google Paid Search,10,3,2,2,1,1199.74
2024-05-19,Facebook/Instagram Ads,38,7,5,1,0,2584.34
2024-05-19,YouTube Ads,11,2,2,1,1,650.84
2024-05-19,LinkedIn,7,3,3,2,0,1009.03
2024-05-19,Webinar/Events,5,3,2,2,0,343.71
2024-05-20,College Partnership Drive,9,6,6,5,2,416.24
2024-05-20,Referral,17,9,8,7,0,272.73
2024-05-20,Organic Search,13,5,4,3,1,3.11
2024-05-20,Google Paid Search,30,8,4,3,1,3204.97
2024-05-20,Facebook/Instagram Ads,61,11,5,3,1,4315.46
2024-05-20,YouTube Ads,27,6,5,2,1,1826.0
2024-05-20,LinkedIn,2,1,1,1,1,327.07
2024-05-20,Webinar/Events,6,3,3,1,1,524.67
2024-05-21,College Partnership Drive,17,10,8,8,3,687.57
2024-05-21,Referral,1,1,1,1,1,20.9
2024-05-21,Organic Search,9,3,3,2,1,43.38
2024-05-21,Google Paid Search,3,1,1,1,0,371.77
2024-05-21,Facebook/Instagram Ads,84,15,9,8,2,6938.82
2024-05-21,YouTube Ads,32,7,4,2,1,1124.0
2024-05-21,LinkedIn,2,1,1,1,0,225.59
2024-05-21,Webinar/Events,4,2,2,1,1,168.58
2024-05-22,College Partnership Drive,5,4,4,4,2,197.5
2024-05-22,Referral,3,2,2,2,1,70.99
2024-05-22,Organic Search,19,6,6,5,2,22.62
2024-05-22,Google Paid Search,19,5,4,3,2,1633.14
2024-05-22,Facebook/Instagram Ads,54,9,4,3,1,4747.82
2024-05-22,YouTube Ads,11,2,1,1,1,335.21
2024-05-22,LinkedIn,5,2,2,2,2,510.96
2024-05-22,Webinar/Events,4,2,2,2,1,192.95
2024-05-23,College Partnership Drive,12,8,7,6,4,658.96
2024-05-23,Referral,10,6,6,6,5,273.43
2024-05-23,Organic Search,9,3,3,2,2,38.17
2024-05-23,Google Paid Search,27,6,6,6,2,3222.28
2024-05-23,Facebook/Instagram Ads,48,9,4,3,1,3223.04
2024-05-23,YouTube Ads,19,4,2,2,2,1171.81
2024-05-23,LinkedIn,10,4,4,2,1,2032.49
2024-05-23,Webinar/Events,11,5,5,5,1,496.49
2024-05-24,College Partnership Drive,8,5,5,5,1,474.19
2024-05-24,Referral,13,9,8,8,5,259.17
2024-05-24,Organic Search,24,8,6,6,2,74.77
2024-05-24,Google Paid Search,14,4,2,2,1,1442.78
2024-05-24,Facebook/Instagram Ads,5,1,0,0,0,399.97
2024-05-24,YouTube Ads,27,6,3,1,1,1022.95
2024-05-24,LinkedIn,2,1,0,0,0,302.72
2024-05-24,Webinar/Events,7,4,4,4,2,428.01
2024-05-25,College Partnership Drive,8,5,5,5,1,333.62
2024-05-25,Referral,11,6,5,5,4,256.67
2024-05-25,Organic Search,7,3,2,2,0,34.24
2024-05-25,Google Paid Search,3,1,1,1,0,410.79
2024-05-25,Facebook/Instagram Ads,53,9,6,5,0,4175.76
2024-05-25,YouTube Ads,19,4,2,1,0,1418.63
2024-05-25,LinkedIn,10,4,4,2,1,1706.81
2024-05-25,Webinar/Events,4,2,2,1,1,309.48
2024-05-26,College Partnership Drive,3,2,1,1,0,75.9
2024-05-26,Referral,5,3,3,3,1,63.42
2024-05-26,Organic Search,7,3,3,3,2,10.08
2024-05-26,Google Paid Search,8,2,2,2,1,891.55
2024-05-26,Facebook/Instagram Ads,26,5,4,1,0,2242.93
2024-05-26,YouTube Ads,30,6,3,2,1,1962.08
2024-05-26,LinkedIn,2,1,1,1,1,417.22
2024-05-26,Webinar/Events,10,5,4,4,0,910.82
2024-05-27,College Partnership Drive,9,6,6,5,2,269.16
2024-05-27,Referral,4,3,2,2,2,64.41
2024-05-27,Organic Search,9,3,3,3,2,31.88
2024-05-27,Google Paid Search,23,6,4,3,2,2908.28
2024-05-27,Facebook/Instagram Ads,60,11,7,4,1,3696.96
2024-05-27,YouTube Ads,10,2,2,2,0,336.73
2024-05-27,LinkedIn,2,1,1,1,1,207.04
2024-05-27,Webinar/Events,12,6,6,5,2,879.17
2024-05-28,College Partnership Drive,2,0,0,0,0,75.74
2024-05-28,Referral,1,0,0,0,0,21.34
2024-05-28,Organic Search,3,0,0,0,0,6.94
2024-05-28,Google Paid Search,2,0,0,0,0,276.29
2024-05-28,Facebook/Instagram Ads,1,0,0,0,0,59.73
2024-05-28,YouTube Ads,2,0,0,0,0,93.99
2024-05-28,LinkedIn,1,0,0,0,0,161.77
2024-05-28,Webinar/Events,1,0,0,0,0,82.56
2024-05-29,College Partnership Drive,3,0,0,0,0,175.6
2024-05-29,Referral,0,0,0,0,0,0.0
2024-05-29,Organic Search,1,0,0,0,0,0.31
2024-05-29,Google Paid Search,2,0,0,0,0,268.12
2024-05-29,Facebook/Instagram Ads,1,0,0,0,0,59.66
2024-05-29,YouTube Ads,3,0,0,0,0,207.8
2024-05-29,LinkedIn,3,0,0,0,0,432.61
2024-05-29,Webinar/Events,2,0,0,0,0,119.2
2024-05-30,College Partnership Drive,0,0,0,0,0,0.0
2024-05-30,Referral,2,0,0,0,0,21.31
2024-05-30,Organic Search,4,0,0,0,0,19.55
2024-05-30,Google Paid Search,3,0,0,0,0,261.85
2024-05-30,Facebook/Instagram Ads,3,0,0,0,0,212.05
2024-05-30,YouTube Ads,2,0,0,0,0,62.51
2024-05-30,LinkedIn,3,0,0,0,0,458.13
2024-05-30,Webinar/Events,1,0,0,0,0,49.65
2024-05-31,College Partnership Drive,1,0,0,0,0,28.42
2024-05-31,Referral,1,0,0,0,0,27.61
2024-05-31,Organic Search,2,0,0,0,0,5.22
2024-05-31,Google Paid Search,2,0,0,0,0,247.34
2024-05-31,Facebook/Instagram Ads,0,0,0,0,0,0.0
2024-05-31,YouTube Ads,3,0,0,0,0,130.35
2024-05-31,LinkedIn,1,0,0,0,0,189.18
2024-05-31,Webinar/Events,2,0,0,0,0,166.15
2024-06-01,College Partnership Drive,1,1,0,0,0,49.0
2024-06-01,Referral,10,6,5,5,2,279.91
2024-06-01,Organic Search,22,8,7,5,2,102.11
2024-06-01,Google Paid Search,24,6,6,5,0,1905.73
2024-06-01,Facebook/Instagram Ads,67,12,5,3,2,3770.47
2024-06-01,YouTube Ads,33,6,3,2,1,2261.37
2024-06-01,LinkedIn,1,0,0,0,0,163.7
2024-06-01,Webinar/Events,11,5,5,4,3,523.55
2024-06-02,College Partnership Drive,4,3,3,3,1,110.83
2024-06-02,Referral,3,2,2,1,1,79.89
2024-06-02,Organic Search,20,7,6,5,4,5.93
2024-06-02,Google Paid Search,35,8,7,6,3,3169.36
2024-06-02,Facebook/Instagram Ads,35,5,4,3,1,2170.22
2024-06-02,YouTube Ads,19,4,4,2,0,805.92
2024-06-02,LinkedIn,8,4,3,3,1,724.38
2024-06-02,Webinar/Events,3,2,2,1,0,129.7
2024-06-03,College Partnership Drive,23,13,13,10,4,1170.85
2024-06-03,Referral,7,4,4,4,2,209.37
2024-06-03,Organic Search,11,4,3,3,3,43.8
2024-06-03,Google Paid Search,38,9,7,5,3,5054.17
2024-06-03,Facebook/Instagram Ads,47,8,5,2,0,3350.93
2024-06-03,YouTube Ads,19,4,2,2,0,1061.67
2024-06-03,LinkedIn,4,2,2,2,1,870.88
2024-06-03,Webinar/Events,13,6,5,5,2,1021.42
2024-06-04,College Partnership Drive,9,6,6,6,3,388.48
2024-06-04,Referral,11,8,8,8,5,128.07
2024-06-04,Organic Search,18,7,6,5,2,41.77
2024-06-04,Google Paid Search,17,4,3,3,0,1248.62
2024-06-04,Facebook/Instagram Ads,55,8,4,3,1,2279.49
2024-06-04,YouTube Ads,13,3,1,0,0,962.15
2024-06-04,LinkedIn,4,2,2,2,1,544.27
2024-06-04,Webinar/Events,11,6,6,6,1,1062.15
2024-06-05,College Partnership Drive,12,8,7,7,4,487.42
2024-06-05,Referral,5,3,3,3,2,93.75
2024-06-05,Organic Search,21,7,7,6,2,9.96
2024-06-05,Google Paid Search,21,5,3,2,1,2672.19
2024-06-05,Facebook/Instagram Ads,60,10,7,3,1,3056.63
2024-06-05,YouTube Ads,22,5,3,1,0,1326.34
2024-06-05,LinkedIn,4,0,0,0,0,699.59
2024-06-05,Webinar/Events,9,5,5,4,2,796.76
2024-06-06,College Partnership Drive,5,4,4,4,1,184.32
2024-06-06,Referral,5,3,3,3,0,74.73
2024-06-06,Organic Search,16,5,3,2,2,45.37
2024-06-06,Google Paid Search,9,2,2,1,0,549.87
2024-06-06,Facebook/Instagram Ads,61,9,6,4,1,4245.44
2024-06-06,YouTube Ads,27,5,2,2,0,1090.9
2024-06-06,LinkedIn,3,0,0,0,0,404.99
2024-06-06,Webinar/Events,14,7,6,6,0,759.19
2024-06-07,College Partnership Drive,17,10,8,8,4,951.16
2024-06-07,Referral,12,7,6,6,4,258.39
2024-06-07,Organic Search,13,5,4,1,1,56.12
2024-06-07,Google Paid Search,14,4,3,3,1,1553.42
2024-06-07,Facebook/Instagram Ads,57,8,6,0,0,4028.95
2024-06-07,YouTube Ads,13,3,2,0,0,422.2
2024-06-07,LinkedIn,11,5,5,5,1,1922.53
2024-06-07,Webinar/Events,8,4,4,4,2,733.95
2024-06-08,College Partnership Drive,7,4,4,4,3,352.51
2024-06-08,Referral,7,5,5,5,3,193.5
2024-06-08,Organic Search,27,10,9,8,1,108.43
2024-06-08,Google Paid Search,38,10,8,5,4,5022.31
2024-06-08,Facebook/Instagram Ads,49,7,4,2,1,3191.27
2024-06-08,YouTube Ads,13,3,2,0,0,674.19
2024-06-08,LinkedIn,5,2,2,2,0,962.3
2024-06-08,Webinar/Events,6,3,3,3,3,342.43
2024-06-09,College Partnership Drive,7,5,5,5,2,342.74
2024-06-09,Referral,7,4,4,4,1,75.85
2024-06-09,Organic Search,14,5,4,4,2,2.12
2024-06-09,Google Paid Search,27,7,5,4,2,2426.04
2024-06-09,Facebook/Instagram Ads,80,13,11,4,1,5138.09
2024-06-09,YouTube Ads,17,3,1,1,0,693.99
2024-06-09,LinkedIn,4,0,0,0,0,593.58
2024-06-09,Webinar/Events,4,2,2,1,1,286.15
2024-06-10,College Partnership Drive,5,4,3,3,2,129.48
2024-06-10,Referral,5,3,3,2,1,91.17
2024-06-10,Organic Search,10,4,4,4,0,4.99
2024-06-10,Google Paid Search,33,9,8,8,2,4365.98
2024-06-10,Facebook/Instagram Ads,41,7,2,1,1,3612.64
2024-06-10,YouTube Ads,24,5,3,0,0,762.18
2024-06-10,LinkedIn,2,1,1,1,1,422.55
2024-06-10,Webinar/Events,5,3,2,2,1,405.2
2024-06-11,College Partnership Drive,13,8,8,8,3,447.16
2024-06-11,Referral,12,8,5,4,3,288.1
2024-06-11,Organic Search,26,8,7,6,3,18.27
2024-06-11,Google Paid Search,18,5,4,3,0,2251.14
2024-06-11,Facebook/Instagram Ads,45,7,5,4,2,3577.35
2024-06-11,YouTube Ads,15,3,2,1,1,987.47
2024-06-11,LinkedIn,13,5,4,3,2,1832.02
2024-06-11,Webinar/Events,4,2,1,1,1,371.56
2024-06-12,College Partnership Drive,8,5,5,5,4,243.07
2024-06-12,Referral,9,6,6,6,3,246.89
2024-06-12,Organic Search,12,5,5,5,4,7.56
2024-06-12,Google Paid Search,31,7,4,4,3,2743.29
2024-06-12,Facebook/Instagram Ads,71,10,6,3,1,5690.14
2024-06-12,YouTube Ads,9,2,1,1,0,533.77
2024-06-12,LinkedIn,13,5,3,2,1,1708.38
2024-06-12,Webinar/Events,16,7,3,2,1,926.24
2024-06-13,College Partnership Drive,8,6,6,6,2,257.81
2024-06-13,Referral,8,5,4,4,1,120.61
2024-06-13,Organic Search,6,2,2,1,0,25.1
2024-06-13,Google Paid Search,33,7,5,5,1,2098.75
2024-06-13,Facebook/Instagram Ads,66,11,7,6,2,4779.94
2024-06-13,YouTube Ads,10,2,1,1,0,380.47
2024-06-13,LinkedIn,3,0,0,0,0,292.98
2024-06-13,Webinar/Events,6,3,2,2,2,514.28
2024-06-14,College Partnership Drive,6,4,4,4,2,184.73
2024-06-14,Referral,5,3,2,2,1,71.94
2024-06-14,Organic Search,13,5,3,2,2,1.18
2024-06-14,Google Paid Search,12,3,3,3,1,1405.34
2024-06-14,Facebook/Instagram Ads,59,9,6,4,1,4357.91
2024-06-14,YouTube Ads,34,6,5,3,2,2499.82
2024-06-14,LinkedIn,10,5,4,3,1,1512.42
2024-06-14,Webinar/Events,4,2,2,2,1,352.88
2024-06-15,College Partnership Drive,6,4,3,3,2,241.0
2024-06-15,Referral,14,9,9,9,4,409.9
2024-06-15,Organic Search,11,4,4,3,1,43.2
2024-06-15,Google Paid Search,40,11,6,3,1,4566.7
2024-06-15,Facebook/Instagram Ads,11,2,1,1,1,941.88
2024-06-15,YouTube Ads,19,4,0,0,0,1088.59
2024-06-15,LinkedIn,5,2,2,2,1,779.28
2024-06-15,Webinar/Events,7,3,2,2,1,606.14
2024-06-16,College Partnership Drive,7,5,5,5,4,191.27
2024-06-16,Referral,9,5,5,5,2,227.09
2024-06-16,Organic Search,29,9,7,5,3,102.39
2024-06-16,Google Paid Search,29,8,7,5,3,3863.32
2024-06-16,Facebook/Instagram Ads,88,14,4,1,0,4348.52
2024-06-16,YouTube Ads,16,3,3,3,1,844.55
2024-06-16,LinkedIn,4,2,2,2,1,632.83
2024-06-16,Webinar/Events,4,2,2,2,0,198.4
2024-06-17,College Partnership Drive,11,7,6,6,5,603.58
2024-06-17,Referral,10,7,5,5,3,296.51
2024-06-17,Organic Search,13,5,5,4,2,27.78
2024-06-17,Google Paid Search,20,5,4,2,0,2134.76
2024-06-17,Facebook/Instagram Ads,37,6,4,0,0,2914.8
2024-06-17,YouTube Ads,30,5,5,2,1,1673.44
2024-06-17,LinkedIn,2,1,1,0,0,192.05
2024-06-17,Webinar/Events,14,7,7,7,4,777.72
2024-06-18,College Partnership Drive,5,3,3,3,1,291.65
2024-06-18,Referral,4,3,1,1,0,53.06
2024-06-18,Organic Search,10,4,3,3,2,1.61
2024-06-18,Google Paid Search,4,1,1,1,1,503.84
2024-06-18,Facebook/Instagram Ads,81,15,9,7,5,3828.06
2024-06-18,YouTube Ads,33,6,3,2,0,1604.37
2024-06-18,LinkedIn,2,1,0,0,0,416.57
2024-06-18,Webinar/Events,1,0,0,0,0,96.35
2024-06-19,College Partnership Drive,12,7,7,7,5,607.99
2024-06-19,Referral,7,4,3,3,0,131.23
2024-06-19,Organic Search,22,9,7,7,4,34.48
2024-06-19,Google Paid Search,47,10,8,6,3,6262.68
2024-06-19,Facebook/Instagram Ads,41,7,4,0,0,1655.81
2024-06-19,YouTube Ads,22,5,3,3,2,1165.85
2024-06-19,LinkedIn,8,4,2,2,1,896.73
2024-06-19,Webinar/Events,3,2,1,1,0,287.64
2024-06-20,College Partnership Drive,10,6,6,6,2,496.81
2024-06-20,Referral,7,5,4,4,1,154.6
2024-06-20,Organic Search,17,6,4,3,1,43.06
2024-06-20,Google Paid Search,25,7,6,6,3,1994.79
2024-06-20,Facebook/Instagram Ads,65,11,9,4,1,2636.09
2024-06-20,YouTube Ads,23,5,3,1,0,1126.5
2024-06-20,LinkedIn,4,2,1,1,1,644.77
2024-06-20,Webinar/Events,11,6,6,5,4,524.01
2024-06-21,College Partnership Drive,10,6,6,6,3,338.85
2024-06-21,Referral,4,3,3,2,2,54.32
2024-06-21,Organic Search,16,6,4,3,2,50.25
2024-06-21,Google Paid Search,12,3,3,2,0,879.08
2024-06-21,Facebook/Instagram Ads,33,5,3,1,1,1257.14
2024-06-21,YouTube Ads,9,2,0,0,0,522.05
2024-06-21,LinkedIn,2,1,0,0,0,257.4
2024-06-21,Webinar/Events,16,7,7,6,3,729.14
2024-06-22,College Partnership Drive,9,5,5,5,3,530.58
2024-06-22,Referral,1,1,1,1,1,23.13
2024-06-22,Organic Search,22,9,8,6,4,52.07
2024-06-22,Google Paid Search,16,4,2,2,1,1307.21
2024-06-22,Facebook/Instagram Ads,38,7,3,2,1,2162.24
2024-06-22,YouTube Ads,5,0,0,0,0,250.98
2024-06-22,LinkedIn,7,3,3,1,1,1136.97
2024-06-22,Webinar/Events,1,0,0,0,0,93.9
2024-06-23,College Partnership Drive,7,5,4,4,3,404.58
2024-06-23,Referral,4,3,3,3,3,112.84
2024-06-23,Organic Search,18,7,7,6,1,45.78
2024-06-23,Google Paid Search,32,9,9,8,4,3768.67
2024-06-23,Facebook/Instagram Ads,54,8,6,3,1,2841.47
2024-06-23,YouTube Ads,20,4,3,2,1,930.74
2024-06-23,LinkedIn,8,4,4,4,0,1649.82
2024-06-23,Webinar/Events,9,4,2,2,1,786.85
2024-06-24,College Partnership Drive,9,5,5,5,2,400.82
2024-06-24,Referral,8,5,5,5,2,225.48
2024-06-24,Organic Search,20,6,5,4,3,67.47
2024-06-24,Google Paid Search,21,6,4,3,2,1350.2
2024-06-24,Facebook/Instagram Ads,72,11,6,3,2,4482.54
2024-06-24,YouTube Ads,28,5,3,2,1,1036.86
2024-06-24,LinkedIn,10,4,3,3,1,1149.94
2024-06-24,Webinar/Events,8,4,4,4,3,756.88
2024-06-25,College Partnership Drive,13,8,8,7,3,576.87
2024-06-25,Referral,9,5,5,5,3,207.61
2024-06-25,Organic Search,29,10,10,9,7,71.58
2024-06-25,Google Paid Search,4,1,0,0,0,429.43
2024-06-25,Facebook/Instagram Ads,56,10,7,5,1,2938.97
2024-06-25,YouTube Ads,20,4,2,0,0,626.3
2024-06-25,LinkedIn,7,3,3,3,3,702.47
2024-06-25,Webinar/Events,19,8,7,7,2,1866.19
2024-06-26,College Partnership Drive,11,7,5,4,3,326.56
2024-06-26,Referral,7,4,4,4,2,204.34
2024-06-26,Organic Search,10,4,3,3,2,30.72
2024-06-26,Google Paid Search,36,9,7,3,1,2503.93
2024-06-26,Facebook/Instagram Ads,59,10,7,4,1,4332.61
2024-06-26,YouTube Ads,29,6,3,1,1,1462.62
2024-06-26,LinkedIn,6,3,2,2,0,919.28
2024-06-26,Webinar/Events,7,4,4,4,1,330.1
2024-06-27,College Partnership Drive,13,8,8,7,6,434.63
2024-06-27,Referral,15,8,8,8,6,166.53
2024-06-27,Organic Search,23,7,4,4,2,14.57
2024-06-27,Google Paid Search,23,5,4,4,3,3163.1
2024-06-27,Facebook/Instagram Ads,45,8,7,5,1,2376.71
2024-06-27,YouTube Ads,21,4,3,2,0,1086.11
2024-06-27,LinkedIn,7,3,3,2,1,1149.31
2024-06-27,Webinar/Events,8,4,4,3,1,539.59
2024-06-28,College Partnership Drive,2,0,0,0,0,94.83
2024-06-28,Referral,1,0,0,0,0,19.16
2024-06-28,Organic Search,1,0,0,0,0,1.11
2024-06-28,Google Paid Search,0,0,0,0,0,0.0
2024-06-28,Facebook/Instagram Ads,3,0,0,0,0,242.08
2024-06-28,YouTube Ads,2,0,0,0,0,88.71
2024-06-28,LinkedIn,2,0,0,0,0,377.36
2024-06-28,Webinar/Events,4,0,0,0,0,287.57
2024-06-29,College Partnership Drive,3,0,0,0,0,133.02
2024-06-29,Referral,3,0,0,0,0,59.81
2024-06-29,Organic Search,3,0,0,0,0,2.97
2024-06-29,Google Paid Search,1,0,0,0,0,97.96
2024-06-29,Facebook/Instagram Ads,0,0,0,0,0,0.0
2024-06-29,YouTube Ads,3,0,0,0,0,144.91
2024-06-29,LinkedIn,1,0,0,0,0,144.85
2024-06-29,Webinar/Events,1,0,0,0,0,94.01
2024-06-30,College Partnership Drive,1,0,0,0,0,45.93
2024-06-30,Referral,1,0,0,0,0,13.22
2024-06-30,Organic Search,2,0,0,0,0,8.95
2024-06-30,Google Paid Search,2,0,0,0,0,277.05
2024-06-30,Facebook/Instagram Ads,3,0,0,0,0,216.46
2024-06-30,YouTube Ads,4,0,0,0,0,215.79
2024-06-30,LinkedIn,1,0,0,0,0,210.13
2024-06-30,Webinar/Events,3,0,0,0,0,225.1
2024-07-01,College Partnership Drive,6,4,4,4,0,347.72
2024-07-01,Referral,1,1,0,0,0,28.31
2024-07-01,Organic Search,30,10,8,8,4,116.6
2024-07-01,Google Paid Search,25,6,5,4,2,3304.47
2024-07-01,Facebook/Instagram Ads,26,4,3,2,0,1592.47
2024-07-01,YouTube Ads,14,3,2,1,0,596.24
2024-07-01,LinkedIn,6,3,3,3,1,1046.18
2024-07-01,Webinar/Events,9,4,3,2,0,542.1
2024-07-02,College Partnership Drive,6,5,5,4,1,359.16
2024-07-02,Referral,11,6,6,5,3,245.56
2024-07-02,Organic Search,15,6,4,4,2,68.61
2024-07-02,Google Paid Search,17,4,4,3,1,1131.99
2024-07-02,Facebook/Instagram Ads,54,8,7,4,2,4314.59
2024-07-02,YouTube Ads,14,3,1,1,0,622.08
2024-07-02,LinkedIn,10,4,4,4,2,2098.79
2024-07-02,Webinar/Events,13,6,4,4,2,667.52
2024-07-03,College Partnership Drive,7,4,4,4,1,176.88
2024-07-03,Referral,3,2,2,2,2,89.26
2024-07-03,Organic Search,11,4,3,2,2,52.4
2024-07-03,Google Paid Search,31,7,7,5,1,3683.37
2024-07-03,Facebook/Instagram Ads,55,8,3,1,1,3275.09
2024-07-03,YouTube Ads,27,5,4,4,0,1004.82
2024-07-03,LinkedIn,10,4,4,4,1,1051.0
2024-07-03,Webinar/Events,4,2,2,2,1,229.4
2024-07-04,College Partnership Drive,6,4,4,4,2,329.9
2024-07-04,Referral,10,6,6,6,4,255.27
2024-07-04,Organic Search,20,7,5,5,2,13.26
2024-07-04,Google Paid Search,12,3,3,3,1,826.59
2024-07-04,Facebook/Instagram Ads,59,9,5,2,0,5071.53
2024-07-04,YouTube Ads,17,3,3,3,1,1009.46
2024-07-04,LinkedIn,10,4,4,3,3,1080.95
2024-07-04,Webinar/Events,1,0,0,0,0,97.02
2024-07-05,College Partnership Drive,6,5,4,3,1,301.77
2024-07-05,Referral,7,4,3,3,0,164.26
2024-07-05,Organic Search,36,12,8,7,3,167.46
2024-07-05,Google Paid Search,17,5,4,3,1,1038.63
2024-07-05,Facebook/Instagram Ads,77,13,9,4,1,5206.94
2024-07-05,YouTube Ads,33,7,4,3,1,1914.75
2024-07-05,LinkedIn,7,3,3,2,2,1136.04
2024-07-05,Webinar/Events,9,4,3,3,2,642.04
2024-07-06,College Partnership Drive,18,10,9,8,5,1048.15
2024-07-06,Referral,1,1,1,1,1,28.04
2024-07-06,Organic Search,22,7,5,4,1,107.22
2024-07-06,Google Paid Search,27,6,4,3,1,3229.47
2024-07-06,Facebook/Instagram Ads,67,12,6,1,0,3208.21
2024-07-06,YouTube Ads,15,3,2,2,1,555.47
2024-07-06,LinkedIn,5,2,1,1,1,649.75
2024-07-06,Webinar/Events,13,6,4,3,0,674.79
2024-07-07,College Partnership Drive,14,9,9,8,4,384.73
2024-07-07,Referral,9,6,6,6,3,93.34
2024-07-07,Organic Search,18,7,6,5,2,81.81
2024-07-07,Google Paid Search,29,7,5,5,2,4035.42
2024-07-07,Facebook/Instagram Ads,12,2,0,0,0,797.6
2024-07-07,YouTube Ads,23,4,3,1,0,915.15
2024-07-07,LinkedIn,6,3,2,2,1,944.9
2024-07-07,Webinar/Events,8,4,2,2,0,602.73
2024-07-08,College Partnership Drive,14,9,9,8,5,399.8
2024-07-08,Referral,11,7,6,6,4,252.26
2024-07-08,Organic Search,7,3,1,1,1,24.79
2024-07-08,Google Paid Search,0,0,0,0,0,0.0
2024-07-08,Facebook/Instagram Ads,76,12,7,4,1,3231.29
2024-07-08,YouTube Ads,10,2,2,1,0,491.51
2024-07-08,LinkedIn,10,4,3,3,3,1432.72
2024-07-08,Webinar/Events,5,3,3,3,1,297.12
2024-07-09,College Partnership Drive,16,12,11,11,7,539.31
2024-07-09,Referral,7,4,4,4,4,79.2
2024-07-09,Organic Search,22,7,6,5,1,0.99
2024-07-09,Google Paid Search,24,6,4,3,1,1504.44
2024-07-09,Facebook/Instagram Ads,75,13,9,4,2,5208.72
2024-07-09,YouTube Ads,22,4,3,1,0,737.42
2024-07-09,LinkedIn,8,3,1,1,1,770.42
2024-07-09,Webinar/Events,9,5,4,2,1,761.41
2024-07-10,College Partnership Drive,7,5,2,2,2,374.32
2024-07-10,Referral,3,2,2,2,1,60.65
2024-07-10,Organic Search,18,6,6,4,2,81.84
2024-07-10,Google Paid Search,16,4,4,3,2,1948.69
2024-07-10,Facebook/Instagram Ads,32,6,5,3,2,1878.29
2024-07-10,YouTube Ads,17,3,0,0,0,1021.35
2024-07-10,LinkedIn,5,2,2,2,0,918.64
2024-07-10,Webinar/Events,9,4,3,2,2,615.66
2024-07-11,College Partnership Drive,12,7,7,7,4,546.91
2024-07-11,Referral,8,5,5,5,3,85.02
2024-07-11,Organic Search,19,6,6,6,5,31.81
2024-07-11,Google Paid Search,28,8,8,7,0,2301.46
2024-07-11,Facebook/Instagram Ads,37,6,6,5,1,1336.69
2024-07-11,YouTube Ads,2,0,0,0,0,107.44
2024-07-11,LinkedIn,2,1,0,0,0,326.51
2024-07-11,Webinar/Events,10,5,3,2,1,539.48
2024-07-12,College Partnership Drive,9,6,6,6,3,502.04
2024-07-12,Referral,4,3,2,2,1,118.83
2024-07-12,Organic Search,14,5,5,4,2,6.86
2024-07-12,Google Paid Search,36,8,4,3,1,2366.35
2024-07-12,Facebook/Instagram Ads,86,12,7,5,2,4265.94
2024-07-12,YouTube Ads,22,5,2,1,0,759.89
2024-07-12,LinkedIn,2,1,0,0,0,409.79
2024-07-12,Webinar/Events,10,5,3,3,0,929.38
2024-07-13,College Partnership Drive,10,7,7,7,5,500.33
2024-07-13,Referral,9,5,5,5,2,112.3
2024-07-13,Organic Search,8,3,3,1,1,23.58
2024-07-13,Google Paid Search,26,6,5,3,1,2805.38
2024-07-13,Facebook/Instagram Ads,71,10,4,4,1,6112.23
2024-07-13,YouTube Ads,11,2,2,2,0,496.01
2024-07-13,LinkedIn,10,4,2,2,2,1344.05
2024-07-13,Webinar/Events,4,2,2,2,0,328.6
2024-07-14,College Partnership Drive,3,2,1,1,0,171.19
2024-07-14,Referral,15,9,7,7,3,393.61
2024-07-14,Organic Search,8,3,3,3,0,17.96
2024-07-14,Google Paid Search,41,10,4,3,2,4934.95
2024-07-14,Facebook/Instagram Ads,99,14,9,6,2,6841.5
2024-07-14,YouTube Ads,18,4,4,3,0,1076.64
2024-07-14,LinkedIn,6,3,3,3,2,794.3
2024-07-14,Webinar/Events,12,7,5,5,2,1144.06
2024-07-15,College Partnership Drive,3,2,1,1,0,168.2
2024-07-15,Referral,7,5,5,5,1,192.19
2024-07-15,Organic Search,18,7,7,7,2,82.88
2024-07-15,Google Paid Search,17,4,3,1,1,2198.71
2024-07-15,Facebook/Instagram Ads,34,6,4,2,0,1894.5
2024-07-15,YouTube Ads,14,3,1,0,0,516.83
2024-07-15,LinkedIn,1,0,0,0,0,131.77
2024-07-15,Webinar/Events,3,2,2,2,1,265.25
2024-07-16,College Partnership Drive,16,9,9,9,3,435.24
2024-07-16,Referral,6,4,4,3,1,175.53
2024-07-16,Organic Search,23,7,5,5,1,60.49
2024-07-16,Google Paid Search,19,4,3,3,1,2179.64
2024-07-16,Facebook/Instagram Ads,77,12,9,3,1,5690.84
2024-07-16,YouTube Ads,22,4,1,0,0,1384.38
2024-07-16,LinkedIn,11,4,4,4,1,1887.69
2024-07-16,Webinar/Events,6,3,3,2,0,500.48
2024-07-17,College Partnership Drive,16,11,10,10,6,785.86
2024-07-17,Referral,12,7,6,5,2,347.23
2024-07-17,Organic Search,17,7,6,5,1,34.26
2024-07-17,Google Paid Search,13,3,2,1,0,1536.87
2024-07-17,Facebook/Instagram Ads,79,12,8,6,3,4349.1
2024-07-17,YouTube Ads,10,2,2,2,0,632.43
2024-07-17,LinkedIn,19,7,7,6,3,2347.5
2024-07-17,Webinar/Events,9,4,4,4,4,469.67
2024-07-18,College Partnership Drive,11,7,7,7,5,435.74
2024-07-18,Referral,5,3,3,3,2,106.48
2024-07-18,Organic Search,24,8,6,4,2,110.85
2024-07-18,Google Paid Search,45,11,7,4,0,4649.48
2024-07-18,Facebook/Instagram Ads,82,12,10,6,2,4592.97
2024-07-18,YouTube Ads,32,6,2,1,0,1661.2
2024-07-18,LinkedIn,2,1,1,1,1,315.52
2024-07-18,Webinar/Events,2,1,1,1,1,163.43
2024-07-19,College Partnership Drive,4,3,3,3,2,129.39
2024-07-19,Referral,5,3,3,3,3,74.91
2024-07-19,Organic Search,10,4,4,4,2,4.38
2024-07-19,Google Paid Search,15,4,2,2,2,1197.55
2024-07-19,Facebook/Instagram Ads,54,8,6,5,4,3045.45
2024-07-19,YouTube Ads,5,1,1,1,0,172.95
2024-07-19,LinkedIn,7,3,2,2,0,864.33
2024-07-19,Webinar/Events,14,7,6,6,3,561.08
2024-07-20,College Partnership Drive,9,7,5,5,2,420.61
2024-07-20,Referral,7,5,5,5,3,179.78
2024-07-20,Organic Search,3,1,1,1,1,9.26
2024-07-20,Google Paid Search,16,4,3,2,0,1365.8
2024-07-20,Facebook/Instagram Ads,79,12,8,4,1,3044.73
2024-07-20,YouTube Ads,14,3,2,1,0,599.02
2024-07-20,LinkedIn,9,4,4,4,1,820.86
2024-07-20,Webinar/Events,11,6,5,4,0,868.44
2024-07-21,College Partnership Drive,11,7,4,4,2,623.8
2024-07-21,Referral,1,1,1,1,0,15.81
2024-07-21,Organic Search,12,5,2,2,0,21.13
2024-07-21,Google Paid Search,14,4,3,3,1,1854.27
2024-07-21,Facebook/Instagram Ads,44,8,4,1,0,3678.07
2024-07-21,YouTube Ads,9,2,2,0,0,438.93
2024-07-21,LinkedIn,0,0,0,0,0,0.0
2024-07-21,Webinar/Events,11,6,6,5,0,600.56
2024-07-22,College Partnership Drive,6,4,4,2,2,359.49
2024-07-22,Referral,8,5,5,5,4,146.51
2024-07-22,Organic Search,23,8,5,4,1,95.11
2024-07-22,Google Paid Search,20,5,4,3,2,1889.14
2024-07-22,Facebook/Instagram Ads,78,12,8,4,1,5602.9
2024-07-22,YouTube Ads,17,3,2,1,0,651.39
2024-07-22,LinkedIn,2,1,1,1,1,206.33
2024-07-22,Webinar/Events,12,6,5,4,1,921.48
2024-07-23,College Partnership Drive,11,7,7,6,5,607.08
2024-07-23,Referral,5,3,2,2,1,149.56
2024-07-23,Organic Search,21,8,6,6,2,65.26
2024-07-23,Google Paid Search,22,5,4,2,1,2153.37
2024-07-23,Facebook/Instagram Ads,20,3,3,3,1,1113.15
2024-07-23,YouTube Ads,30,5,4,2,0,1567.28
2024-07-23,LinkedIn,7,3,2,2,1,1044.48
2024-07-23,Webinar/Events,9,4,2,1,0,449.0
2024-07-24,College Partnership Drive,4,3,2,2,2,233.0
2024-07-24,Referral,11,6,6,6,3,197.95
2024-07-24,Organic Search,29,10,9,8,3,21.08
2024-07-24,Google Paid Search,18,4,2,1,0,1577.06
2024-07-24,Facebook/Instagram Ads,74,12,7,3,2,6263.96
2024-07-24,YouTube Ads,11,2,2,0,0,456.42
2024-07-24,LinkedIn,5,2,1,1,0,991.34
2024-07-24,Webinar/Events,5,3,3,3,0,366.86
2024-07-25,College Partnership Drive,11,6,6,6,3,305.65
2024-07-25,Referral,3,2,2,2,2,53.71
2024-07-25,Organic Search,30,10,7,6,3,51.14
2024-07-25,Google Paid Search,28,7,4,3,1,3172.65
2024-07-25,Facebook/Instagram Ads,104,16,9,6,2,8026.12
2024-07-25,YouTube Ads,24,5,4,2,0,1013.53
2024-07-25,LinkedIn,14,6,6,5,4,2627.86
2024-07-25,Webinar/Events,15,7,6,6,2,1417.85
2024-07-26,College Partnership Drive,7,5,5,4,3,274.78
2024-07-26,Referral,7,5,5,3,2,108.33
2024-07-26,Organic Search,17,6,5,3,0,0.15
2024-07-26,Google Paid Search,32,9,7,5,1,3573.61
2024-07-26,Facebook/Instagram Ads,69,11,6,5,2,5335.18
2024-07-26,YouTube Ads,14,3,2,1,0,877.53
2024-07-26,LinkedIn,6,0,0,0,0,761.21
2024-07-26,Webinar/Events,2,0,0,0,0,97.35
2024-07-27,College Partnership Drive,12,7,7,7,4,490.97
2024-07-27,Referral,5,3,3,3,3,99.56
2024-07-27,Organic Search,13,4,4,4,3,17.07
2024-07-27,Google Paid Search,30,7,4,4,1,2801.63
2024-07-27,Facebook/Instagram Ads,52,8,4,0,0,2404.22
2024-07-27,YouTube Ads,23,4,3,0,0,1058.56
2024-07-27,LinkedIn,12,5,5,5,0,1672.5
2024-07-27,Webinar/Events,6,3,0,0,0,483.47
2024-07-28,College Partnership Drive,2,0,0,0,0,67.98
2024-07-28,Referral,1,0,0,0,0,16.14
2024-07-28,Organic Search,1,0,0,0,0,1.16
2024-07-28,Google Paid Search,1,0,0,0,0,93.72
2024-07-28,Facebook/Instagram Ads,3,0,0,0,0,165.68
2024-07-28,YouTube Ads,1,0,0,0,0,38.46
2024-07-28,LinkedIn,1,0,0,0,0,99.03
2024-07-28,Webinar/Events,3,0,0,0,0,154.66
2024-07-29,College Partnership Drive,0,0,0,0,0,0.0
2024-07-29,Referral,0,0,0,0,0,0.0
2024-07-29,Organic Search,3,0,0,0,0,12.26
2024-07-29,Google Paid Search,2,0,0,0,0,150.45
2024-07-29,Facebook/Instagram Ads,1,0,0,0,0,38.5
2024-07-29,YouTube Ads,2,0,0,0,0,79.89
2024-07-29,LinkedIn,2,0,0,0,0,423.74
2024-07-29,Webinar/Events,2,0,0,0,0,91.06
2024-07-30,College Partnership Drive,1,0,0,0,0,56.75
2024-07-30,Referral,1,0,0,0,0,26.08
2024-07-30,Organic Search,2,0,0,0,0,9.1
2024-07-30,Google Paid Search,2,0,0,0,0,279.98
2024-07-30,Facebook/Instagram Ads,3,0,0,0,0,217.69
2024-07-30,YouTube Ads,0,0,0,0,0,0.0
2024-07-30,LinkedIn,2,0,0,0,0,279.21
2024-07-30,Webinar/Events,5,0,0,0,0,466.08
2024-07-31,College Partnership Drive,2,0,0,0,0,76.78
2024-07-31,Referral,3,0,0,0,0,36.75
2024-07-31,Organic Search,3,0,0,0,0,9.02
2024-07-31,Google Paid Search,1,0,0,0,0,131.97
2024-07-31,Facebook/Instagram Ads,1,0,0,0,0,55.45
2024-07-31,YouTube Ads,6,0,0,0,0,191.91
2024-07-31,LinkedIn,2,0,0,0,0,344.63
2024-07-31,Webinar/Events,2,0,0,0,0,98.18
2024-08-01,College Partnership Drive,6,4,3,3,1,321.46
2024-08-01,Referral,9,6,6,5,4,179.13
2024-08-01,Organic Search,10,4,3,3,1,17.65
2024-08-01,Google Paid Search,14,3,2,1,0,1120.31
2024-08-01,Facebook/Instagram Ads,102,15,6,1,0,4999.03
2024-08-01,YouTube Ads,19,4,2,2,2,1338.73
2024-08-01,LinkedIn,2,1,1,1,1,224.66
2024-08-01,Webinar/Events,2,0,0,0,0,82.72
2024-08-02,College Partnership Drive,12,8,7,6,4,346.98
2024-08-02,Referral,6,4,4,4,1,109.55
2024-08-02,Organic Search,14,5,5,2,1,21.24
2024-08-02,Google Paid Search,37,8,7,6,1,2461.5
2024-08-02,Facebook/Instagram Ads,17,3,1,0,0,1384.1
2024-08-02,YouTube Ads,10,2,2,1,0,582.28
2024-08-02,LinkedIn,2,1,1,1,0,415.23
2024-08-02,Webinar/Events,13,7,2,1,1,1078.21
2024-08-03,College Partnership Drive,10,7,7,7,5,512.51
2024-08-03,Referral,5,3,3,1,0,94.41
2024-08-03,Organic Search,11,4,3,3,2,18.54
2024-08-03,Google Paid Search,31,8,3,3,2,2841.09
2024-08-03,Facebook/Instagram Ads,71,10,3,2,0,3854.92
2024-08-03,YouTube Ads,40,7,4,4,1,2919.35
2024-08-03,LinkedIn,7,3,2,2,0,919.53
2024-08-03,Webinar/Events,8,4,3,2,0,758.42
2024-08-04,College Partnership Drive,11,7,7,7,4,582.76
2024-08-04,Referral,7,4,3,3,2,110.63
2024-08-04,Organic Search,9,3,1,1,0,7.46
2024-08-04,Google Paid Search,28,7,5,3,1,2001.64
2024-08-04,Facebook/Instagram Ads,80,12,10,4,2,4366.82
2024-08-04,YouTube Ads,20,4,1,1,0,860.9
2024-08-04,LinkedIn,7,3,3,3,2,978.94
2024-08-04,Webinar/Events,6,3,3,3,1,561.01
2024-08-05,College Partnership Drive,9,6,4,4,0,459.29
2024-08-05,Referral,16,9,7,6,4,426.34
2024-08-05,Organic Search,23,7,5,5,4,76.72
2024-08-05,Google Paid Search,22,5,5,5,3,2261.37
2024-08-05,Facebook/Instagram Ads,54,10,8,2,0,1925.87
2024-08-05,YouTube Ads,68,12,8,6,2,2821.99
2024-08-05,LinkedIn,2,1,0,0,0,207.36
2024-08-05,Webinar/Events,4,2,2,2,1,394.75
2024-08-06,College Partnership Drive,14,8,7,5,3,645.08
2024-08-06,Referral,3,2,2,1,0,81.46
2024-08-06,Organic Search,15,6,5,4,1,6.57
2024-08-06,Google Paid Search,26,7,6,4,2,2688.1
2024-08-06,Facebook/Instagram Ads,25,4,2,1,0,1885.7
2024-08-06,YouTube Ads,18,4,4,2,0,548.01
2024-08-06,LinkedIn,2,1,0,0,0,276.77
2024-08-06,Webinar/Events,4,2,2,1,0,180.64
2024-08-07,College Partnership Drive,12,7,7,7,3,429.18
2024-08-07,Referral,7,4,4,4,0,98.54
2024-08-07,Organic Search,25,10,9,8,5,79.02
2024-08-07,Google Paid Search,14,3,1,1,1,916.19
2024-08-07,Facebook/Instagram Ads,24,4,2,1,1,1460.1
2024-08-07,YouTube Ads,20,4,3,2,0,693.02
2024-08-07,LinkedIn,5,2,2,2,1,864.97
2024-08-07,Webinar/Events,11,5,5,5,2,954.2
2024-08-08,College Partnership Drive,2,2,1,1,1,63.89
2024-08-08,Referral,1,1,1,1,1,28.13
2024-08-08,Organic Search,3,1,0,0,0,5.72
2024-08-08,Google Paid Search,23,6,3,3,2,2386.55
2024-08-08,Facebook/Instagram Ads,57,10,5,3,1,4331.04
2024-08-08,YouTube Ads,13,3,1,0,0,671.74
2024-08-08,LinkedIn,4,2,2,2,2,446.09
2024-08-08,Webinar/Events,7,3,3,3,2,310.2
2024-08-09,College Partnership Drive,1,1,1,1,1,59.03
2024-08-09,Referral,6,4,4,4,3,122.81
2024-08-09,Organic Search,5,2,2,2,0,19.49
2024-08-09,Google Paid Search,22,5,3,3,0,1607.41
2024-08-09,Facebook/Instagram Ads,50,7,4,4,2,4484.72
2024-08-09,YouTube Ads,31,6,2,2,1,1412.62
2024-08-09,LinkedIn,2,1,1,1,0,289.66
2024-08-09,Webinar/Events,8,4,4,3,3,350.51
2024-08-10,College Partnership Drive,8,5,5,5,2,297.73
2024-08-10,Referral,1,1,1,1,1,20.94
2024-08-10,Organic Search,16,6,4,3,1,71.28
2024-08-10,Google Paid Search,34,9,6,6,4,3964.93
2024-08-10,Facebook/Instagram Ads,21,3,3,2,0,1295.4
2024-08-10,YouTube Ads,26,5,4,3,1,950.96
2024-08-10,LinkedIn,5,2,2,2,1,607.0
2024-08-10,Webinar/Events,4,2,2,2,2,365.85
2024-08-11,College Partnership Drive,10,7,7,6,2,547.26
2024-08-11,Referral,16,9,8,8,1,443.55
2024-08-11,Organic Search,17,6,3,3,0,26.4
2024-08-11,Google Paid Search,9,2,2,2,1,724.75
2024-08-11,Facebook/Instagram Ads,81,12,8,6,0,4558.74
2024-08-11,YouTube Ads,19,4,3,0,0,649.04
2024-08-11,LinkedIn,7,3,3,3,1,1161.45
2024-08-11,Webinar/Events,6,3,2,2,0,265.43
2024-08-12,College Partnership Drive,6,4,4,4,4,185.29
2024-08-12,Referral,5,3,3,3,2,140.82
2024-08-12,Organic Search,5,2,2,2,1,13.49
2024-08-12,Google Paid Search,22,6,5,4,2,3069.32
2024-08-12,Facebook/Instagram Ads,94,14,7,3,1,3754.7
2024-08-12,YouTube Ads,18,4,2,2,1,1032.45
2024-08-12,LinkedIn,2,1,1,0,0,297.99
2024-08-12,Webinar/Events,5,3,2,2,1,425.42
2024-08-13,College Partnership Drive,12,7,6,5,3,707.96
2024-08-13,Referral,9,6,5,4,3,130.64
2024-08-13,Organic Search,8,3,3,3,2,4.84
2024-08-13,Google Paid Search,17,4,2,2,0,1980.27
2024-08-13,Facebook/Instagram Ads,60,10,8,2,0,3470.48
2024-08-13,YouTube Ads,27,6,2,1,0,1089.24
2024-08-13,LinkedIn,13,5,2,2,1,1420.93
2024-08-13,Webinar/Events,2,1,0,0,0,143.08
2024-08-14,College Partnership Drive,4,3,3,3,2,192.6
2024-08-14,Referral,1,1,1,1,1,20.51
2024-08-14,Organic Search,27,9,7,6,2,131.14
2024-08-14,Google Paid Search,9,2,2,2,1,624.92
2024-08-14,Facebook/Instagram Ads,64,12,4,0,0,5453.62
2024-08-14,YouTube Ads,25,5,4,4,2,863.67
2024-08-14,LinkedIn,8,4,4,4,3,1038.02
2024-08-14,Webinar/Events,9,5,4,3,2,757.41
2024-08-15,College Partnership Drive,16,12,12,12,8,795.66
2024-08-15,Referral,3,2,2,2,1,49.46
2024-08-15,Organic Search,15,6,6,4,3,55.94
2024-08-15,Google Paid Search,1,0,0,0,0,130.56
2024-08-15,Facebook/Instagram Ads,65,10,6,4,0,5117.43
2024-08-15,YouTube Ads,28,6,4,3,2,1417.87
2024-08-15,LinkedIn,11,5,5,5,0,1185.18
2024-08-15,Webinar/Events,4,2,2,2,1,200.66
2024-08-16,College Partnership Drive,8,5,4,4,2,317.91
2024-08-16,Referral,6,4,4,4,2,156.2
2024-08-16,Organic Search,2,1,1,0,0,3.01
2024-08-16,Google Paid Search,13,3,2,2,1,943.78
2024-08-16,Facebook/Instagram Ads,55,8,5,1,0,4895.85
2024-08-16,YouTube Ads,16,3,2,2,1,952.56
2024-08-16,LinkedIn,7,3,3,2,1,1231.97
2024-08-16,Webinar/Events,2,1,1,1,1,104.22
2024-08-17,College Partnership Drive,1,1,1,1,1,55.47
2024-08-17,Referral,14,8,8,8,1,173.97
2024-08-17,Organic Search,12,4,4,4,2,18.7
2024-08-17,Google Paid Search,11,3,1,1,0,914.99
2024-08-17,Facebook/Instagram Ads,41,6,6,3,0,3053.26
2024-08-17,YouTube Ads,39,7,6,4,0,2691.19
2024-08-17,LinkedIn,2,1,1,1,0,380.92
2024-08-17,Webinar/Events,2,1,1,0,0,185.26
2024-08-18,College Partnership Drive,11,8,8,8,5,351.67
2024-08-18,Referral,10,6,5,5,5,185.75
2024-08-18,Organic Search,13,4,3,3,3,32.46
2024-08-18,Google Paid Search,19,5,2,2,0,2279.32
2024-08-18,Facebook/Instagram Ads,54,8,6,5,2,3787.85
2024-08-18,YouTube Ads,4,1,1,0,0,136.08
2024-08-18,LinkedIn,10,5,5,5,1,2144.19
2024-08-18,Webinar/Events,7,3,2,2,0,319.33
2024-08-19,College Partnership Drive,5,3,2,2,2,214.08
2024-08-19,Referral,4,3,3,3,1,66.94
2024-08-19,Organic Search,13,4,3,3,1,46.24
2024-08-19,Google Paid Search,18,5,3,2,2,1816.71
2024-08-19,Facebook/Instagram Ads,54,9,6,3,2,3250.52
2024-08-19,YouTube Ads,17,3,2,1,1,514.58
2024-08-19,LinkedIn,9,4,3,3,1,1350.81
2024-08-19,Webinar/Events,14,6,6,6,3,1319.55
2024-08-20,College Partnership Drive,11,7,7,7,3,557.8
2024-08-20,Referral,8,5,5,5,4,88.07
2024-08-20,Organic Search,20,7,7,6,2,52.1
2024-08-20,Google Paid Search,17,4,4,4,1,2151.13
2024-08-20,Facebook/Instagram Ads,38,6,4,2,1,1875.9
2024-08-20,YouTube Ads,23,4,2,1,1,1216.09
2024-08-20,LinkedIn,7,3,3,3,1,1481.14
2024-08-20,Webinar/Events,6,3,3,3,2,407.49
2024-08-21,College Partnership Drive,13,8,7,5,2,499.88
2024-08-21,Referral,10,6,6,6,6,191.24
2024-08-21,Organic Search,12,4,3,3,1,43.96
2024-08-21,Google Paid Search,26,7,5,3,2,3245.19
2024-08-21,Facebook/Instagram Ads,70,13,10,5,3,5605.82
2024-08-21,YouTube Ads,5,1,1,0,0,235.42
2024-08-21,LinkedIn,2,1,1,1,0,230.8
2024-08-21,Webinar/Events,7,3,2,1,0,398.82
2024-08-22,College Partnership Drive,6,4,4,4,1,177.9
2024-08-22,Referral,9,5,5,4,2,184.73
2024-08-22,Organic Search,13,5,5,4,3,3.29
2024-08-22,Google Paid Search,18,4,4,4,3,2373.03
2024-08-22,Facebook/Instagram Ads,51,9,7,4,1,1954.21
2024-08-22,YouTube Ads,5,1,1,0,0,213.18
2024-08-22,LinkedIn,2,1,1,1,1,260.68
2024-08-22,Webinar/Events,7,3,3,3,1,604.06
2024-08-23,College Partnership Drive,4,3,3,3,2,202.91
2024-08-23,Referral,1,1,1,1,0,11.91
2024-08-23,Organic Search,10,4,3,3,2,36.84
2024-08-23,Google Paid Search,32,8,7,6,1,3342.63
2024-08-23,Facebook/Instagram Ads,49,7,5,2,1,2797.13
2024-08-23,YouTube Ads,9,2,2,1,0,636.62
2024-08-23,LinkedIn,2,1,0,0,0,418.84
2024-08-23,Webinar/Events,2,1,1,0,0,128.89
2024-08-24,College Partnership Drive,9,7,7,7,3,394.46
2024-08-24,Referral,5,3,2,2,2,111.45
2024-08-24,Organic Search,26,10,10,10,2,27.4
2024-08-24,Google Paid Search,11,3,2,2,2,1339.22
2024-08-24,Facebook/Instagram Ads,56,9,2,1,0,1987.42
2024-08-24,YouTube Ads,18,4,3,3,1,1070.93
2024-08-24,LinkedIn,2,0,0,0,0,383.57
2024-08-24,Webinar/Events,12,6,5,4,2,1049.93
2024-08-25,College Partnership Drive,4,3,3,3,2,238.0
2024-08-25,Referral,5,3,3,3,3,110.2
2024-08-25,Organic Search,14,5,4,3,1,13.69
2024-08-25,Google Paid Search,14,4,2,2,1,1454.67
2024-08-25,Facebook/Instagram Ads,43,7,4,3,1,3131.14
2024-08-25,YouTube Ads,20,4,2,2,0,1499.8
2024-08-25,LinkedIn,7,3,3,2,2,1466.21
2024-08-25,Webinar/Events,8,4,3,3,2,512.7
2024-08-26,College Partnership Drive,1,1,1,1,1,46.5
2024-08-26,Referral,7,4,4,3,0,173.87
2024-08-26,Organic Search,16,6,5,5,2,17.3
2024-08-26,Google Paid Search,31,7,7,5,1,1938.87
2024-08-26,Facebook/Instagram Ads,34,5,2,1,1,2718.76
2024-08-26,YouTube Ads,22,4,4,2,1,1492.95
2024-08-26,LinkedIn,5,2,2,2,0,653.55
2024-08-26,Webinar/Events,8,4,4,4,3,778.25
2024-08-27,College Partnership Drive,6,4,4,2,1,349.2
2024-08-27,Referral,6,4,4,4,1,155.84
2024-08-27,Organic Search,5,2,2,1,0,22.18
2024-08-27,Google Paid Search,3,1,1,1,0,189.52
2024-08-27,Facebook/Instagram Ads,68,12,7,3,2,2452.87
2024-08-27,YouTube Ads,4,1,1,0,0,150.74
2024-08-27,LinkedIn,5,2,2,2,1,1062.81
2024-08-27,Webinar/Events,4,2,2,2,0,337.17
2024-08-28,College Partnership Drive,2,0,0,0,0,61.89
2024-08-28,Referral,2,0,0,0,0,26.41
2024-08-28,Organic Search,1,0,0,0,0,3.54
2024-08-28,Google Paid Search,5,0,0,0,0,576.81
2024-08-28,Facebook/Instagram Ads,1,0,0,0,0,54.24
2024-08-28,YouTube Ads,2,0,0,0,0,119.45
2024-08-28,LinkedIn,2,0,0,0,0,203.44
2024-08-28,Webinar/Events,2,0,0,0,0,161.57
2024-08-29,College Partnership Drive,5,0,0,0,0,144.2
2024-08-29,Referral,4,0,0,0,0,56.18
2024-08-29,Organic Search,2,0,0,0,0,7.85
2024-08-29,Google Paid Search,1,0,0,0,0,92.75
2024-08-29,Facebook/Instagram Ads,2,0,0,0,0,155.74
2024-08-29,YouTube Ads,1,0,0,0,0,42.27
2024-08-29,LinkedIn,2,0,0,0,0,187.28
2024-08-29,Webinar/Events,2,0,0,0,0,148.23
2024-08-30,College Partnership Drive,1,0,0,0,0,30.9
2024-08-30,Referral,2,0,0,0,0,20.6
2024-08-30,Organic Search,2,0,0,0,0,7.18
2024-08-30,Google Paid Search,0,0,0,0,0,0.0
2024-08-30,Facebook/Instagram Ads,1,0,0,0,0,50.83
2024-08-30,YouTube Ads,1,0,0,0,0,60.93
2024-08-30,LinkedIn,3,0,0,0,0,622.71
2024-08-30,Webinar/Events,1,0,0,0,0,94.63
2024-08-31,College Partnership Drive,1,0,0,0,0,43.44
2024-08-31,Referral,3,0,0,0,0,50.3
2024-08-31,Organic Search,2,0,0,0,0,5.44
2024-08-31,Google Paid Search,2,0,0,0,0,267.64
2024-08-31,Facebook/Instagram Ads,1,0,0,0,0,58.12
2024-08-31,YouTube Ads,2,0,0,0,0,73.04
2024-08-31,LinkedIn,2,0,0,0,0,282.6
2024-08-31,Webinar/Events,3,0,0,0,0,139.21
2024-09-01,College Partnership Drive,4,3,3,3,1,180.46
2024-09-01,Referral,4,3,3,3,0,77.66
2024-09-01,Organic Search,12,4,3,3,1,9.89
2024-09-01,Google Paid Search,11,3,3,1,0,1069.26
2024-09-01,Facebook/Instagram Ads,48,9,8,4,2,4262.83
2024-09-01,YouTube Ads,5,0,0,0,0,267.08
2024-09-01,LinkedIn,1,0,0,0,0,152.51
2024-09-01,Webinar/Events,9,4,4,4,3,786.1
2024-09-02,College Partnership Drive,6,5,5,5,3,249.28
2024-09-02,Referral,6,4,4,4,0,107.52
2024-09-02,Organic Search,15,6,6,4,2,46.48
2024-09-02,Google Paid Search,8,2,2,2,0,900.96
2024-09-02,Facebook/Instagram Ads,41,7,3,0,0,2285.91
2024-09-02,YouTube Ads,5,0,0,0,0,206.7
2024-09-02,LinkedIn,2,1,1,1,1,210.97
2024-09-02,Webinar/Events,3,2,1,1,1,250.75
2024-09-03,College Partnership Drive,6,4,4,3,2,334.15
2024-09-03,Referral,6,4,2,2,2,133.22
2024-09-03,Organic Search,16,5,5,4,1,20.52
2024-09-03,Google Paid Search,14,4,4,3,2,1196.8
2024-09-03,Facebook/Instagram Ads,24,4,2,1,0,1334.3
2024-09-03,YouTube Ads,16,3,1,0,0,933.57
2024-09-03,LinkedIn,12,5,5,4,3,1757.49
2024-09-03,Webinar/Events,9,4,2,2,0,487.01
2024-09-04,College Partnership Drive,7,5,5,5,2,243.02
2024-09-04,Referral,9,5,5,5,4,190.09
2024-09-04,Organic Search,10,4,3,3,1,46.98
2024-09-04,Google Paid Search,26,6,4,3,2,2992.52
2024-09-04,Facebook/Instagram Ads,44,7,4,0,0,3301.37
2024-09-04,YouTube Ads,9,2,1,0,0,618.96
2024-09-04,LinkedIn,5,2,2,2,1,516.64
2024-09-04,Webinar/Events,13,6,5,4,3,901.63
2024-09-05,College Partnership Drive,14,9,9,9,5,622.1
2024-09-05,Referral,7,5,5,5,4,130.48
2024-09-05,Organic Search,12,4,4,4,3,37.21
2024-09-05,Google Paid Search,35,9,6,4,2,4061.73
2024-09-05,Facebook/Instagram Ads,82,12,7,5,1,5244.8
2024-09-05,YouTube Ads,14,3,1,0,0,758.9
2024-09-05,LinkedIn,7,3,3,3,3,890.96
2024-09-05,Webinar/Events,4,2,2,1,0,180.03
2024-09-06,College Partnership Drive,5,4,4,4,3,242.07
2024-09-06,Referral,3,2,2,1,1,85.83
2024-09-06,Organic Search,21,7,6,5,1,1.53
2024-09-06,Google Paid Search,7,2,1,1,0,682.49
2024-09-06,Facebook/Instagram Ads,32,5,3,2,1,1490.28
2024-09-06,YouTube Ads,4,1,0,0,0,201.91
2024-09-06,LinkedIn,3,0,0,0,0,514.53
2024-09-06,Webinar/Events,12,5,4,4,2,681.02
2024-09-07,College Partnership Drive,7,5,5,4,1,233.83
2024-09-07,Referral,12,7,7,7,6,173.74
2024-09-07,Organic Search,15,5,5,4,4,52.09
2024-09-07,Google Paid Search,17,4,3,3,2,2338.84
2024-09-07,Facebook/Instagram Ads,49,7,5,2,0,2407.28
2024-09-07,YouTube Ads,22,4,2,2,0,1084.42
2024-09-07,LinkedIn,2,0,0,0,0,299.27
2024-09-07,Webinar/Events,10,5,3,3,0,769.65
2024-09-08,College Partnership Drive,5,4,4,3,2,201.29
2024-09-08,Referral,5,3,3,2,1,90.34
2024-09-08,Organic Search,8,3,3,3,3,21.78
2024-09-08,Google Paid Search,14,4,4,4,1,1557.05
2024-09-08,Facebook/Instagram Ads,37,6,2,1,1,2183.16
2024-09-08,YouTube Ads,21,4,1,1,0,1437.66
2024-09-08,LinkedIn,4,2,1,0,0,782.09
2024-09-08,Webinar/Events,4,2,1,1,0,388.42
2024-09-09,College Partnership Drive,9,6,6,6,3,512.77
2024-09-09,Referral,7,4,4,4,2,135.32
2024-09-09,Organic Search,18,6,5,4,1,24.84
2024-09-09,Google Paid Search,26,7,6,4,2,1960.99
2024-09-09,Facebook/Instagram Ads,52,9,8,6,1,3670.34
2024-09-09,YouTube Ads,16,3,2,2,2,639.89
2024-09-09,LinkedIn,2,1,1,1,0,398.5
2024-09-09,Webinar/Events,6,3,2,1,1,372.25
2024-09-10,College Partnership Drive,3,2,2,2,2,91.93
2024-09-10,Referral,4,3,3,2,0,79.86
2024-09-10,Organic Search,9,3,3,3,1,43.54
2024-09-10,Google Paid Search,12,3,2,2,0,1178.46
2024-09-10,Facebook/Instagram Ads,52,9,7,4,1,1975.3
2024-09-10,YouTube Ads,5,1,0,0,0,324.92
2024-09-10,LinkedIn,2,1,1,1,1,275.08
2024-09-10,Webinar/Events,4,2,2,2,0,375.05
2024-09-11,College Partnership Drive,13,9,9,9,6,738.09
2024-09-11,Referral,12,7,7,7,5,344.79
2024-09-11,Organic Search,22,7,7,5,2,26.69
2024-09-11,Google Paid Search,23,5,4,4,4,1561.2
2024-09-11,Facebook/Instagram Ads,57,9,5,1,0,2979.64
2024-09-11,YouTube Ads,18,4,0,0,0,1179.02
2024-09-11,LinkedIn,5,2,2,1,1,636.59
2024-09-11,Webinar/Events,4,2,2,1,0,394.4
2024-09-12,College Partnership Drive,14,8,8,8,4,458.93
2024-09-12,Referral,9,5,4,4,1,155.99
2024-09-12,Organic Search,5,2,1,1,1,10.76
2024-09-12,Google Paid Search,23,5,4,3,0,1990.28
2024-09-12,Facebook/Instagram Ads,49,9,7,1,1,4083.38
2024-09-12,YouTube Ads,43,8,3,2,1,2418.32
2024-09-12,LinkedIn,5,2,2,2,0,490.07
2024-09-12,Webinar/Events,5,3,3,3,3,487.34
2024-09-13,College Partnership Drive,16,9,8,7,5,591.21
2024-09-13,Referral,7,4,3,3,1,106.44
2024-09-13,Organic Search,3,1,1,1,1,2.51
2024-09-13,Google Paid Search,1,0,0,0,0,68.05
2024-09-13,Facebook/Instagram Ads,105,15,8,4,1,7376.58
2024-09-13,YouTube Ads,13,3,3,3,2,922.92
2024-09-13,LinkedIn,2,1,1,1,1,203.1
2024-09-13,Webinar/Events,1,0,0,0,0,44.65
2024-09-14,College Partnership Drive,6,5,5,5,2,313.89
2024-09-14,Referral,5,3,3,3,1,79.9
2024-09-14,Organic Search,10,4,4,4,2,8.04
2024-09-14,Google Paid Search,18,4,2,2,0,2411.56
2024-09-14,Facebook/Instagram Ads,37,7,3,0,0,1401.49
2024-09-14,YouTube Ads,28,5,5,4,2,1611.21
2024-09-14,LinkedIn,4,2,2,2,2,500.86
2024-09-14,Webinar/Events,7,4,4,4,3,461.8
2024-09-15,College Partnership Drive,16,9,9,9,6,404.8
2024-09-15,Referral,8,6,6,6,2,238.45
2024-09-15,Organic Search,6,2,2,2,1,4.58
2024-09-15,Google Paid Search,8,2,1,0,0,639.41
2024-09-15,Facebook/Instagram Ads,68,12,5,3,1,5034.94
2024-09-15,YouTube Ads,20,4,2,2,0,606.91
2024-09-15,LinkedIn,2,1,1,1,1,371.81
2024-09-15,Webinar/Events,4,2,2,2,1,278.39
2024-09-16,College Partnership Drive,10,7,6,5,3,321.12
2024-09-16,Referral,7,4,4,4,1,100.47
2024-09-16,Organic Search,11,4,2,1,0,48.9
2024-09-16,Google Paid Search,26,6,6,5,1,3002.23
2024-09-16,Facebook/Instagram Ads,35,5,3,1,1,2272.8
2024-09-16,YouTube Ads,22,5,2,1,0,1520.7
2024-09-16,LinkedIn,8,4,4,4,1,1099.22
2024-09-16,Webinar/Events,11,5,5,5,2,828.34
2024-09-17,College Partnership Drive,8,6,6,5,2,244.55
2024-09-17,Referral,6,4,4,4,1,120.34
2024-09-17,Organic Search,14,5,4,3,1,20.06
2024-09-17,Google Paid Search,13,3,3,2,0,1638.78
2024-09-17,Facebook/Instagram Ads,33,5,3,2,1,1781.97
2024-09-17,YouTube Ads,5,1,0,0,0,328.31
2024-09-17,LinkedIn,9,4,4,4,1,1871.92
2024-09-17,Webinar/Events,7,3,3,3,3,348.58
2024-09-18,College Partnership Drive,11,7,6,4,2,400.81
2024-09-18,Referral,10,6,3,3,1,157.71
2024-09-18,Organic Search,21,7,4,4,4,98.71
2024-09-18,Google Paid Search,8,2,2,1,0,940.52
2024-09-18,Facebook/Instagram Ads,41,6,5,2,2,2974.54
2024-09-18,YouTube Ads,9,2,1,1,0,554.09
2024-09-18,LinkedIn,4,2,1,1,0,437.28
2024-09-18,Webinar/Events,4,2,2,2,0,399.28
2024-09-19,College Partnership Drive,6,5,5,5,3,162.57
2024-09-19,Referral,3,2,2,2,2,68.48
2024-09-19,Organic Search,10,4,4,3,1,9.26
2024-09-19,Google Paid Search,17,4,3,2,0,1588.18
2024-09-19,Facebook/Instagram Ads,40,6,2,1,1,2092.22
2024-09-19,YouTube Ads,11,2,1,0,0,428.36
2024-09-19,LinkedIn,7,3,2,2,1,1255.94
2024-09-19,Webinar/Events,8,4,4,3,0,334.68
2024-09-20,College Partnership Drive,10,7,5,5,1,451.71
2024-09-20,Referral,5,3,2,2,1,107.59
2024-09-20,Organic Search,18,6,5,4,2,80.39
2024-09-20,Google Paid Search,4,1,1,1,0,366.09
2024-09-20,Facebook/Instagram Ads,18,3,2,1,0,1268.28
2024-09-20,YouTube Ads,22,4,2,2,2,961.94
2024-09-20,LinkedIn,8,3,2,2,1,1117.81
2024-09-20,Webinar/Events,4,2,2,2,1,167.94
2024-09-21,College Partnership Drive,8,5,5,3,3,349.0
2024-09-21,Referral,4,3,2,2,1,80.35
2024-09-21,Organic Search,25,8,5,4,1,21.58
2024-09-21,Google Paid Search,23,5,5,5,3,2907.48
2024-09-21,Facebook/Instagram Ads,57,10,3,1,1,3768.97
2024-09-21,YouTube Ads,15,3,1,1,0,683.06
2024-09-21,LinkedIn,5,2,2,2,0,504.85
2024-09-21,Webinar/Events,9,5,5,5,1,435.06
2024-09-22,College Partnership Drive,3,2,2,2,1,112.97
2024-09-22,Referral,12,7,4,2,1,169.96
2024-09-22,Organic Search,7,3,2,2,1,18.64
2024-09-22,Google Paid Search,28,6,4,3,1,3387.76
2024-09-22,Facebook/Instagram Ads,60,11,6,3,0,3321.52
2024-09-22,YouTube Ads,9,2,1,1,1,622.89
2024-09-22,LinkedIn,0,0,0,0,0,0.0
2024-09-22,Webinar/Events,4,2,2,2,2,359.17
2024-09-23,College Partnership Drive,7,4,3,3,1,191.27
2024-09-23,Referral,12,7,4,4,3,269.47
2024-09-23,Organic Search,14,5,4,3,1,65.59
2024-09-23,Google Paid Search,13,3,2,1,1,1654.82
2024-09-23,Facebook/Instagram Ads,62,9,5,1,0,3573.46
2024-09-23,YouTube Ads,13,3,2,1,0,670.94
2024-09-23,LinkedIn,9,4,3,3,2,1336.49
2024-09-23,Webinar/Events,2,0,0,0,0,199.56
2024-09-24,College Partnership Drive,7,5,3,3,2,315.64
2024-09-24,Referral,6,4,3,3,3,99.14
2024-09-24,Organic Search,10,4,4,4,1,37.3
2024-09-24,Google Paid Search,34,8,6,6,2,3645.38
2024-09-24,Facebook/Instagram Ads,40,6,4,2,0,2050.4
2024-09-24,YouTube Ads,29,5,3,2,0,1389.55
2024-09-24,LinkedIn,10,4,4,3,3,1081.4
2024-09-24,Webinar/Events,5,3,3,3,2,296.64
2024-09-25,College Partnership Drive,4,3,3,3,1,182.11
2024-09-25,Referral,3,2,2,2,1,77.67
2024-09-25,Organic Search,8,3,3,3,1,11.74
2024-09-25,Google Paid Search,7,2,1,0,0,530.5
2024-09-25,Facebook/Instagram Ads,77,13,8,4,2,4781.45
2024-09-25,YouTube Ads,9,2,2,1,0,470.8
2024-09-25,LinkedIn,5,2,2,2,1,761.6
2024-09-25,Webinar/Events,16,7,7,5,2,1380.12
2024-09-26,College Partnership Drive,6,4,3,1,0,197.63
2024-09-26,Referral,3,2,2,2,1,41.04
2024-09-26,Organic Search,24,8,6,6,3,16.16
2024-09-26,Google Paid Search,23,5,2,1,1,1560.23
2024-09-26,Facebook/Instagram Ads,74,11,7,3,1,6246.1
2024-09-26,YouTube Ads,18,4,1,0,0,940.91
2024-09-26,LinkedIn,6,3,3,2,0,580.64
2024-09-26,Webinar/Events,6,3,3,3,2,478.17
2024-09-27,College Partnership Drive,6,5,5,5,4,196.29
2024-09-27,Referral,2,0,0,0,0,28.11
2024-09-27,Organic Search,13,5,4,2,1,6.41
2024-09-27,Google Paid Search,17,4,3,3,2,1989.94
2024-09-27,Facebook/Instagram Ads,48,7,4,2,1,2683.2
2024-09-27,YouTube Ads,28,5,3,2,0,1903.4
2024-09-27,LinkedIn,2,1,1,1,1,262.45
2024-09-27,Webinar/Events,4,2,2,2,2,349.91
2024-09-28,College Partnership Drive,2,0,0,0,0,57.41
2024-09-28,Referral,4,0,0,0,0,59.01
2024-09-28,Organic Search,3,0,0,0,0,0.28
2024-09-28,Google Paid Search,3,0,0,0,0,309.58
2024-09-28,Facebook/Instagram Ads,2,0,0,0,0,114.13
2024-09-28,YouTube Ads,1,0,0,0,0,71.1
2024-09-28,LinkedIn,3,0,0,0,0,309.91
2024-09-28,Webinar/Events,0,0,0,0,0,0.0
2024-09-29,College Partnership Drive,1,0,0,0,0,35.61
2024-09-29,Referral,4,0,0,0,0,61.09
2024-09-29,Organic Search,2,0,0,0,0,5.46
2024-09-29,Google Paid Search,5,0,0,0,0,337.66
2024-09-29,Facebook/Instagram Ads,2,0,0,0,0,124.18
2024-09-29,YouTube Ads,1,0,0,0,0,44.97
2024-09-29,LinkedIn,0,0,0,0,0,0.0
2024-09-29,Webinar/Events,3,0,0,0,0,229.65
2024-09-30,College Partnership Drive,1,0,0,0,0,40.46
2024-09-30,Referral,1,0,0,0,0,24.54
2024-09-30,Organic Search,3,0,0,0,0,2.05
2024-09-30,Google Paid Search,3,0,0,0,0,373.98
2024-09-30,Facebook/Instagram Ads,0,0,0,0,0,0.0
2024-09-30,YouTube Ads,0,0,0,0,0,0.0
2024-09-30,LinkedIn,2,0,0,0,0,320.61
2024-09-30,Webinar/Events,1,0,0,0,0,52.78
2024-10-01,College Partnership Drive,4,3,3,3,1,136.29
2024-10-01,Referral,5,3,3,3,1,59.08
2024-10-01,Organic Search,13,5,4,3,2,44.87
2024-10-01,Google Paid Search,13,3,3,2,0,935.63
2024-10-01,Facebook/Instagram Ads,82,12,9,5,0,4718.47
2024-10-01,YouTube Ads,19,4,2,1,0,1019.81
2024-10-01,LinkedIn,2,0,0,0,0,324.3
2024-10-01,Webinar/Events,4,2,0,0,0,369.68
2024-10-02,College Partnership Drive,11,8,6,4,2,483.55
2024-10-02,Referral,7,4,2,2,2,203.37
2024-10-02,Organic Search,5,2,1,1,0,22.84
2024-10-02,Google Paid Search,15,4,4,2,0,1443.78
2024-10-02,Facebook/Instagram Ads,39,6,1,1,0,2036.56
2024-10-02,YouTube Ads,19,4,4,1,0,1338.4
2024-10-02,LinkedIn,2,1,1,1,1,326.5
2024-10-02,Webinar/Events,6,3,3,3,0,279.06
2024-10-03,College Partnership Drive,9,6,5,5,3,234.85
2024-10-03,Referral,3,2,1,1,1,63.33
2024-10-03,Organic Search,0,0,0,0,0,0.0
2024-10-03,Google Paid Search,8,2,2,2,0,1007.62
2024-10-03,Facebook/Instagram Ads,20,3,3,3,2,1312.37
2024-10-03,YouTube Ads,10,2,2,2,0,437.72
2024-10-03,LinkedIn,5,2,2,2,2,504.45
2024-10-03,Webinar/Events,4,2,2,2,0,331.29
2024-10-04,College Partnership Drive,8,5,5,4,2,252.8
2024-10-04,Referral,3,2,1,1,1,65.32
2024-10-04,Organic Search,8,3,3,3,1,15.74
2024-10-04,Google Paid Search,11,3,2,1,0,1508.74
2024-10-04,Facebook/Instagram Ads,42,8,5,3,1,2647.22
2024-10-04,YouTube Ads,11,2,2,1,0,453.63
2024-10-04,LinkedIn,7,3,3,3,1,1027.01
2024-10-04,Webinar/Events,7,4,2,2,1,526.14
2024-10-05,College Partnership Drive,9,6,5,5,2,433.93
2024-10-05,Referral,15,8,7,6,5,416.56
2024-10-05,Organic Search,10,4,4,3,1,14.95
2024-10-05,Google Paid Search,18,5,3,2,0,1097.89
2024-10-05,Facebook/Instagram Ads,37,6,2,2,2,3288.13
2024-10-05,YouTube Ads,9,2,2,2,0,376.3
2024-10-05,LinkedIn,2,1,1,1,1,409.91
2024-10-05,Webinar/Events,2,1,1,1,0,133.06
2024-10-06,College Partnership Drive,4,3,2,2,1,146.36
2024-10-06,Referral,3,2,2,2,1,68.45
2024-10-06,Organic Search,16,5,4,3,0,72.21
2024-10-06,Google Paid Search,21,5,4,3,1,2289.08
2024-10-06,Facebook/Instagram Ads,35,6,4,2,0,2683.06
2024-10-06,YouTube Ads,5,1,1,1,0,188.14
2024-10-06,LinkedIn,8,3,3,3,1,1170.66
2024-10-06,Webinar/Events,2,1,1,1,0,153.93
2024-10-07,College Partnership Drive,4,3,2,1,0,150.72
2024-10-07,Referral,3,2,2,2,2,39.54
2024-10-07,Organic Search,9,3,3,3,0,44.66
2024-10-07,Google Paid Search,12,3,3,0,0,1111.31
2024-10-07,Facebook/Instagram Ads,53,8,6,6,2,3981.17
2024-10-07,YouTube Ads,22,4,1,0,0,1284.1
2024-10-07,LinkedIn,2,1,1,0,0,271.93
2024-10-07,Webinar/Events,4,0,0,0,0,282.97
2024-10-08,College Partnership Drive,11,6,6,3,3,423.95
2024-10-08,Referral,8,5,4,4,0,214.34
2024-10-08,Organic Search,0,0,0,0,0,0.0
2024-10-08,Google Paid Search,11,3,3,3,1,1386.98
2024-10-08,Facebook/Instagram Ads,35,6,3,2,0,2307.21
2024-10-08,YouTube Ads,15,3,2,1,1,828.62
2024-10-08,LinkedIn,4,2,2,2,0,722.97
2024-10-08,Webinar/Events,4,2,2,2,0,258.46
2024-10-09,College Partnership Drive,9,6,6,5,1,330.28
2024-10-09,Referral,8,5,5,5,0,229.91
2024-10-09,Organic Search,14,5,5,2,1,29.71
2024-10-09,Google Paid Search,19,5,1,0,0,1206.36
2024-10-09,Facebook/Instagram Ads,39,7,3,2,2,3222.53
2024-10-09,YouTube Ads,13,3,2,1,0,504.14
2024-10-09,LinkedIn,2,1,1,1,0,274.12
2024-10-09,Webinar/Events,7,3,3,2,0,306.23
2024-10-10,College Partnership Drive,11,8,6,5,4,453.96
2024-10-10,Referral,7,4,4,3,2,171.25
2024-10-10,Organic Search,9,3,3,3,1,32.99
2024-10-10,Google Paid Search,2,0,0,0,0,211.54
2024-10-10,Facebook/Instagram Ads,55,10,2,2,0,3256.73
2024-10-10,YouTube Ads,15,3,2,1,0,645.27
2024-10-10,LinkedIn,2,1,0,0,0,321.17
2024-10-10,Webinar/Events,14,6,5,5,2,1047.97
2024-10-11,College Partnership Drive,8,5,5,5,4,234.84
2024-10-11,Referral,4,3,3,3,3,64.21
2024-10-11,Organic Search,8,3,2,2,0,4.28
2024-10-11,Google Paid Search,7,2,1,1,0,479.65
2024-10-11,Facebook/Instagram Ads,34,5,3,2,0,2903.39
2024-10-11,YouTube Ads,5,1,1,1,0,157.08
2024-10-11,LinkedIn,4,2,1,1,1,383.37
2024-10-11,Webinar/Events,2,1,1,1,1,171.79
2024-10-12,College Partnership Drive,5,3,3,3,2,159.18
2024-10-12,Referral,7,5,5,5,4,189.2
2024-10-12,Organic Search,12,4,4,4,1,28.16
2024-10-12,Google Paid Search,11,3,3,2,0,1400.97
2024-10-12,Facebook/Instagram Ads,46,8,5,2,1,4045.53
2024-10-12,YouTube Ads,17,3,2,2,2,897.29
2024-10-12,LinkedIn,4,2,2,2,2,878.13
2024-10-12,Webinar/Events,5,3,3,3,1,468.9
2024-10-13,College Partnership Drive,4,3,2,2,1,193.89
2024-10-13,Referral,7,4,4,4,2,97.88
2024-10-13,Organic Search,14,5,4,4,0,41.99
2024-10-13,Google Paid Search,10,3,2,2,1,684.99
2024-10-13,Facebook/Instagram Ads,38,6,3,1,0,1719.84
2024-10-13,YouTube Ads,27,5,3,2,1,1952.63
2024-10-13,LinkedIn,2,1,1,1,1,245.61
2024-10-13,Webinar/Events,4,2,0,0,0,207.75
2024-10-14,College Partnership Drive,14,8,7,7,3,449.3
2024-10-14,Referral,4,3,3,3,2,49.67
2024-10-14,Organic Search,12,4,3,2,1,37.26
2024-10-14,Google Paid Search,12,3,3,1,1,1228.57
2024-10-14,Facebook/Instagram Ads,31,5,2,1,1,2498.57
2024-10-14,YouTube Ads,25,5,2,1,0,1557.16
2024-10-14,LinkedIn,4,2,2,2,1,708.23
2024-10-14,Webinar/Events,3,0,0,0,0,212.52
2024-10-15,College Partnership Drive,1,1,1,1,1,28.27
2024-10-15,Referral,4,3,3,3,1,111.16
2024-10-15,Organic Search,11,4,2,2,1,35.31
2024-10-15,Google Paid Search,20,5,0,0,0,2585.35
2024-10-15,Facebook/Instagram Ads,35,6,4,2,0,1569.78
2024-10-15,YouTube Ads,4,1,1,1,1,246.32
2024-10-15,LinkedIn,6,3,3,2,0,1143.79
2024-10-15,Webinar/Events,2,1,0,0,0,199.49
2024-10-16,College Partnership Drive,7,5,4,4,3,176.26
2024-10-16,Referral,6,4,3,3,0,97.18
2024-10-16,Organic Search,7,3,3,2,1,22.93
2024-10-16,Google Paid Search,12,3,3,2,0,781.88
2024-10-16,Facebook/Instagram Ads,43,8,3,2,0,3213.44
2024-10-16,YouTube Ads,3,0,0,0,0,143.77
2024-10-16,LinkedIn,4,2,2,1,0,820.72
2024-10-16,Webinar/Events,9,4,4,2,2,466.77
2024-10-17,College Partnership Drive,9,6,5,5,2,269.81
2024-10-17,Referral,16,9,7,6,3,275.33
2024-10-17,Organic Search,21,8,6,5,2,20.58
2024-10-17,Google Paid Search,18,5,4,4,2,1573.17
2024-10-17,Facebook/Instagram Ads,35,5,0,0,0,3060.69
2024-10-17,YouTube Ads,36,7,5,5,1,2551.56
2024-10-17,LinkedIn,1,0,0,0,0,137.88
2024-10-17,Webinar/Events,4,2,2,2,2,261.87
2024-10-18,College Partnership Drive,6,4,4,2,0,185.14
2024-10-18,Referral,8,5,4,4,2,81.13
2024-10-18,Organic Search,5,2,1,0,0,0.46
2024-10-18,Google Paid Search,10,3,3,2,0,1396.82
2024-10-18,Facebook/Instagram Ads,28,4,3,2,1,1768.96
2024-10-18,YouTube Ads,11,2,1,1,1,370.38
2024-10-18,LinkedIn,2,1,0,0,0,374.98
2024-10-18,Webinar/Events,2,1,1,1,1,105.28
2024-10-19,College Partnership Drive,7,5,5,5,1,181.31
2024-10-19,Referral,8,5,4,4,0,238.96
2024-10-19,Organic Search,15,5,1,1,1,5.65
2024-10-19,Google Paid Search,4,1,0,0,0,459.29
2024-10-19,Facebook/Instagram Ads,40,6,3,2,0,1676.07
2024-10-19,YouTube Ads,9,2,1,1,0,639.38
2024-10-19,LinkedIn,2,1,1,1,1,208.55
2024-10-19,Webinar/Events,1,1,1,0,0,78.53
2024-10-20,College Partnership Drive,7,5,4,4,2,351.86
2024-10-20,Referral,3,2,2,2,0,60.66
2024-10-20,Organic Search,8,3,3,0,0,13.31
2024-10-20,Google Paid Search,26,6,4,2,1,3390.64
2024-10-20,Facebook/Instagram Ads,32,6,3,3,1,2756.73
2024-10-20,YouTube Ads,17,3,2,1,1,1072.81
2024-10-20,LinkedIn,10,4,4,3,3,2067.47
2024-10-20,Webinar/Events,2,1,0,0,0,183.82
2024-10-21,College Partnership Drive,10,6,6,6,5,584.63
2024-10-21,Referral,4,0,0,0,0,115.71
2024-10-21,Organic Search,19,6,5,4,2,29.52
2024-10-21,Google Paid Search,11,3,2,1,0,962.33
2024-10-21,Facebook/Instagram Ads,68,10,7,1,0,4920.81
2024-10-21,YouTube Ads,14,3,2,2,1,745.55
2024-10-21,LinkedIn,2,1,1,1,0,342.08
2024-10-21,Webinar/Events,17,7,7,7,3,1377.92
2024-10-22,College Partnership Drive,3,2,2,2,1,132.0
2024-10-22,Referral,1,1,1,1,1,10.51
2024-10-22,Organic Search,18,7,6,5,1,20.65
2024-10-22,Google Paid Search,9,2,0,0,0,764.96
2024-10-22,Facebook/Instagram Ads,21,3,2,1,0,1374.03
2024-10-22,YouTube Ads,18,4,2,1,0,990.4
2024-10-22,LinkedIn,4,2,2,1,0,485.52
2024-10-22,Webinar/Events,3,2,2,2,1,217.6
2024-10-23,College Partnership Drive,1,1,0,0,0,43.27
2024-10-23,Referral,5,3,3,3,2,125.58
2024-10-23,Organic Search,5,2,2,2,1,4.3
2024-10-23,Google Paid Search,52,12,10,8,2,4376.29
2024-10-23,Facebook/Instagram Ads,37,6,2,2,1,2967.58
2024-10-23,YouTube Ads,17,3,0,0,0,536.07
2024-10-23,LinkedIn,10,4,4,4,3,1865.28
2024-10-23,Webinar/Events,9,4,2,1,0,818.63
2024-10-24,College Partnership Drive,9,6,4,4,3,292.64
2024-10-24,Referral,6,4,4,4,4,101.99
2024-10-24,Organic Search,9,3,3,2,2,43.68
2024-10-24,Google Paid Search,12,3,3,3,2,860.06
2024-10-24,Facebook/Instagram Ads,58,10,7,5,1,4189.18
2024-10-24,YouTube Ads,23,4,3,2,2,1152.17
2024-10-24,LinkedIn,4,2,1,1,1,610.2
2024-10-24,Webinar/Events,2,1,1,1,0,190.53
2024-10-25,College Partnership Drive,4,3,3,3,0,234.76
2024-10-25,Referral,2,0,0,0,0,36.86
2024-10-25,Organic Search,8,3,2,1,0,23.57
2024-10-25,Google Paid Search,12,3,2,1,1,1676.28
2024-10-25,Facebook/Instagram Ads,21,4,2,1,0,1292.68
2024-10-25,YouTube Ads,4,1,0,0,0,199.35
2024-10-25,LinkedIn,4,2,2,2,1,841.2
2024-10-25,Webinar/Events,4,2,2,2,1,258.51
2024-10-26,College Partnership Drive,13,9,9,9,6,677.9
2024-10-26,Referral,1,0,0,0,0,16.94
2024-10-26,Organic Search,19,6,5,3,3,26.44
2024-10-26,Google Paid Search,11,3,2,1,1,687.04
2024-10-26,Facebook/Instagram Ads,16,3,2,1,0,1190.66
2024-10-26,YouTube Ads,23,4,3,3,3,1326.25
2024-10-26,LinkedIn,1,0,0,0,0,197.19
2024-10-26,Webinar/Events,4,2,2,2,0,293.82
2024-10-27,College Partnership Drive,8,6,6,4,3,454.71
2024-10-27,Referral,10,7,6,6,6,162.58
2024-10-27,Organic Search,12,5,5,4,1,41.49
2024-10-27,Google Paid Search,20,5,1,1,1,1903.2
2024-10-27,Facebook/Instagram Ads,31,5,4,2,0,1111.09
2024-10-27,YouTube Ads,13,3,3,1,0,445.89
2024-10-27,LinkedIn,10,4,4,4,2,1370.32
2024-10-27,Webinar/Events,8,4,4,4,2,595.11
2024-10-28,College Partnership Drive,4,0,0,0,0,201.56
2024-10-28,Referral,3,0,0,0,0,63.87
2024-10-28,Organic Search,1,0,0,0,0,4.03
2024-10-28,Google Paid Search,0,0,0,0,0,0.0
2024-10-28,Facebook/Instagram Ads,2,0,0,0,0,124.73
2024-10-28,YouTube Ads,1,0,0,0,0,50.77
2024-10-28,LinkedIn,2,0,0,0,0,380.56
2024-10-28,Webinar/Events,2,0,0,0,0,118.84
2024-10-29,College Partnership Drive,2,0,0,0,0,102.98
2024-10-29,Referral,2,0,0,0,0,43.47
2024-10-29,Organic Search,4,0,0,0,0,12.46
2024-10-29,Google Paid Search,2,0,0,0,0,261.65
2024-10-29,Facebook/Instagram Ads,5,0,0,0,0,365.59
2024-10-29,YouTube Ads,1,0,0,0,0,31.29
2024-10-29,LinkedIn,2,0,0,0,0,350.01
2024-10-29,Webinar/Events,0,0,0,0,0,0.0
2024-10-30,College Partnership Drive,2,0,0,0,0,62.62
2024-10-30,Referral,2,0,0,0,0,37.29
2024-10-30,Organic Search,2,0,0,0,0,4.13
2024-10-30,Google Paid Search,1,0,0,0,0,85.62
2024-10-30,Facebook/Instagram Ads,1,0,0,0,0,52.02
2024-10-30,YouTube Ads,2,0,0,0,0,75.79
2024-10-30,LinkedIn,2,0,0,0,0,225.93
2024-10-30,Webinar/Events,2,0,0,0,0,163.6
2024-10-31,College Partnership Drive,2,0,0,0,0,108.22
2024-10-31,Referral,2,0,0,0,0,51.37
2024-10-31,Organic Search,5,0,0,0,0,5.17
2024-10-31,Google Paid Search,3,0,0,0,0,212.49
2024-10-31,Facebook/Instagram Ads,0,0,0,0,0,0.0
2024-10-31,YouTube Ads,2,0,0,0,0,117.15
2024-10-31,LinkedIn,0,0,0,0,0,0.0
2024-10-31,Webinar/Events,3,0,0,0,0,284.75
2024-11-01,College Partnership Drive,7,4,4,4,3,328.88
2024-11-01,Referral,3,2,2,2,1,78.26
2024-11-01,Organic Search,5,2,2,2,0,17.83
2024-11-01,Google Paid Search,15,4,2,1,1,1253.58
2024-11-01,Facebook/Instagram Ads,42,6,3,2,0,3204.82
2024-11-01,YouTube Ads,11,2,1,0,0,679.44
2024-11-01,LinkedIn,2,1,0,0,0,227.44
2024-11-01,Webinar/Events,7,3,3,2,0,420.05
2024-11-02,College Partnership Drive,7,5,5,5,2,411.2
2024-11-02,Referral,3,2,2,1,0,56.36
2024-11-02,Organic Search,8,3,3,1,1,15.55
2024-11-02,Google Paid Search,13,3,1,0,0,1333.28
2024-11-02,Facebook/Instagram Ads,31,5,4,2,2,1674.83
2024-11-02,YouTube Ads,20,4,3,3,0,1366.09
2024-11-02,LinkedIn,6,3,3,3,2,956.72
2024-11-02,Webinar/Events,4,2,2,2,0,255.83
2024-11-03,College Partnership Drive,6,4,4,4,3,213.17
2024-11-03,Referral,3,2,2,2,0,48.27
2024-11-03,Organic Search,3,1,1,1,1,3.71
2024-11-03,Google Paid Search,12,3,2,0,0,1597.03
2024-11-03,Facebook/Instagram Ads,35,5,3,3,2,1856.17
2024-11-03,YouTube Ads,5,1,1,1,1,339.65
2024-11-03,LinkedIn,2,1,1,1,0,317.46
2024-11-03,Webinar/Events,5,0,0,0,0,210.22
2024-11-04,College Partnership Drive,4,3,3,3,1,181.23
2024-11-04,Referral,7,4,3,3,1,110.87
2024-11-04,Organic Search,6,2,2,2,2,3.92
2024-11-04,Google Paid Search,11,3,3,3,1,1534.57
2024-11-04,Facebook/Instagram Ads,16,3,2,0,0,685.29
2024-11-04,YouTube Ads,12,2,1,1,0,388.73
2024-11-04,LinkedIn,2,1,1,1,0,365.32
2024-11-04,Webinar/Events,2,1,0,0,0,98.85
2024-11-05,College Partnership Drive,4,3,3,3,1,102.16
2024-11-05,Referral,1,1,0,0,0,27.97
2024-11-05,Organic Search,3,0,0,0,0,11.76
2024-11-05,Google Paid Search,10,3,3,3,0,975.98
2024-11-05,Facebook/Instagram Ads,35,5,4,0,0,3032.6
2024-11-05,YouTube Ads,10,2,1,1,0,652.41
2024-11-05,LinkedIn,1,0,0,0,0,134.26
2024-11-05,Webinar/Events,2,1,1,1,1,133.82
2024-11-06,College Partnership Drive,5,3,3,3,0,147.2
2024-11-06,Referral,6,4,2,2,1,146.43
2024-11-06,Organic Search,9,3,3,2,2,8.04
2024-11-06,Google Paid Search,17,4,4,4,0,1664.0
2024-11-06,Facebook/Instagram Ads,64,10,3,0,0,5622.45
2024-11-06,YouTube Ads,16,3,2,2,0,1198.24
2024-11-06,LinkedIn,4,0,0,0,0,441.93
2024-11-06,Webinar/Events,8,4,3,3,2,760.74
2024-11-07,College Partnership Drive,2,2,2,1,0,89.98
2024-11-07,Referral,1,1,1,1,1,29.84
2024-11-07,Organic Search,13,5,3,3,1,36.74
2024-11-07,Google Paid Search,15,4,4,4,1,1377.72
2024-11-07,Facebook/Instagram Ads,18,3,2,2,0,1045.01
2024-11-07,YouTube Ads,9,2,0,0,0,497.24
2024-11-07,LinkedIn,8,4,4,4,3,802.08
2024-11-07,Webinar/Events,4,2,2,2,0,363.29
2024-11-08,College Partnership Drive,3,2,2,2,0,175.39
2024-11-08,Referral,5,3,3,3,2,95.47
2024-11-08,Organic Search,8,3,3,3,1,29.46
2024-11-08,Google Paid Search,11,3,2,2,2,1387.25
2024-11-08,Facebook/Instagram Ads,40,7,6,4,0,2866.38
2024-11-08,YouTube Ads,1,0,0,0,0,66.7
2024-11-08,LinkedIn,2,1,0,0,0,410.89
2024-11-08,Webinar/Events,1,0,0,0,0,80.98
2024-11-09,College Partnership Drive,5,3,3,3,2,157.66
2024-11-09,Referral,7,4,4,4,3,209.74
2024-11-09,Organic Search,5,2,2,2,1,18.97
2024-11-09,Google Paid Search,4,0,0,0,0,291.9
2024-11-09,Facebook/Instagram Ads,23,4,2,2,1,1094.35
2024-11-09,YouTube Ads,14,3,2,2,1,748.07
2024-11-09,LinkedIn,5,2,2,2,1,1006.36
2024-11-09,Webinar/Events,4,2,2,1,1,261.59
2024-11-10,College Partnership Drive,3,2,2,2,2,147.33
2024-11-10,Referral,1,1,1,1,0,11.73
2024-11-10,Organic Search,2,1,1,0,0,3.55
2024-11-10,Google Paid Search,27,6,4,2,1,2162.97
2024-11-10,Facebook/Instagram Ads,6,1,1,0,0,447.78
2024-11-10,YouTube Ads,10,2,2,2,0,517.46
2024-11-10,LinkedIn,7,3,3,3,2,1071.84
2024-11-10,Webinar/Events,2,1,1,1,1,98.01
2024-11-11,College Partnership Drive,2,2,2,2,0,58.47
2024-11-11,Referral,3,0,0,0,0,35.53
2024-11-11,Organic Search,12,4,4,3,3,11.6
2024-11-11,Google Paid Search,18,4,3,2,1,2077.26
2024-11-11,Facebook/Instagram Ads,21,3,1,0,0,755.26
2024-11-11,YouTube Ads,4,1,1,0,0,292.58
2024-11-11,LinkedIn,7,3,2,2,1,1112.41
2024-11-11,Webinar/Events,0,0,0,0,0,0.0
2024-11-12,College Partnership Drive,1,1,1,1,1,40.86
2024-11-12,Referral,3,0,0,0,0,55.04
2024-11-12,Organic Search,2,0,0,0,0,4.55
2024-11-12,Google Paid Search,3,1,1,1,1,403.88
2024-11-12,Facebook/Instagram Ads,6,1,0,0,0,362.26
2024-11-12,YouTube Ads,1,0,0,0,0,35.47
2024-11-12,LinkedIn,2,1,0,0,0,291.78
2024-11-12,Webinar/Events,2,0,0,0,0,192.86
2024-11-13,College Partnership Drive,11,7,7,7,5,577.5
2024-11-13,Referral,5,3,2,2,0,140.6
2024-11-13,Organic Search,8,3,3,1,1,33.99
2024-11-13,Google Paid Search,17,4,2,2,1,1325.3
2024-11-13,Facebook/Instagram Ads,1,0,0,0,0,65.53
2024-11-13,YouTube Ads,5,1,1,0,0,319.34
2024-11-13,LinkedIn,2,1,1,1,0,183.9
2024-11-13,Webinar/Events,1,0,0,0,0,58.11
2024-11-14,College Partnership Drive,4,3,3,3,1,135.99
2024-11-14,Referral,6,4,3,3,2,139.23
2024-11-14,Organic Search,9,3,1,1,1,15.56
2024-11-14,Google Paid Search,16,4,4,3,2,1282.1
2024-11-14,Facebook/Instagram Ads,16,3,2,0,0,1337.27
2024-11-14,YouTube Ads,16,3,2,2,0,546.3
2024-11-14,LinkedIn,2,0,0,0,0,413.56
2024-11-14,Webinar/Events,9,4,4,4,3,799.66
2024-11-15,College Partnership Drive,3,2,2,2,1,174.02
2024-11-15,Referral,3,2,1,1,1,35.53
2024-11-15,Organic Search,12,4,2,2,2,55.8
2024-11-15,Google Paid Search,14,3,2,2,0,1549.11
2024-11-15,Facebook/Instagram Ads,39,6,4,2,0,1742.48
2024-11-15,YouTube Ads,9,2,1,1,0,323.77
2024-11-15,LinkedIn,2,1,1,0,0,197.22
2024-11-15,Webinar/Events,3,0,0,0,0,175.17
2024-11-16,College Partnership Drive,4,3,3,3,0,134.43
2024-11-16,Referral,3,2,2,2,0,55.88
2024-11-16,Organic Search,16,5,3,3,0,10.27
2024-11-16,Google Paid Search,15,4,3,1,0,1174.01
2024-11-16,Facebook/Instagram Ads,17,3,2,0,0,1334.32
2024-11-16,YouTube Ads,17,3,1,1,0,674.49
2024-11-16,LinkedIn,2,1,1,1,0,342.91
2024-11-16,Webinar/Events,6,3,2,2,2,260.1
2024-11-17,College Partnership Drive,8,5,4,4,2,297.96
2024-11-17,Referral,5,3,2,2,0,81.11
2024-11-17,Organic Search,3,1,1,1,0,5.18
2024-11-17,Google Paid Search,17,4,3,2,0,1692.07
2024-11-17,Facebook/Instagram Ads,39,7,3,2,0,1562.47
2024-11-17,YouTube Ads,5,1,0,0,0,301.31
2024-11-17,LinkedIn,4,2,2,2,2,553.58
2024-11-17,Webinar/Events,4,2,2,2,0,281.07
2024-11-18,College Partnership Drive,4,3,3,3,2,107.85
2024-11-18,Referral,8,5,4,4,1,141.45
2024-11-18,Organic Search,15,5,4,3,0,54.69
2024-11-18,Google Paid Search,7,2,1,1,0,859.8
2024-11-18,Facebook/Instagram Ads,26,4,1,1,1,1531.5
2024-11-18,YouTube Ads,22,4,2,1,1,989.68
2024-11-18,LinkedIn,2,1,1,0,0,393.93
2024-11-18,Webinar/Events,4,2,1,0,0,341.1
2024-11-19,College Partnership Drive,6,4,4,4,1,241.01
2024-11-19,Referral,6,4,3,3,1,67.79
2024-11-19,Organic Search,7,3,3,3,2,29.68
2024-11-19,Google Paid Search,4,1,1,0,0,370.61
2024-11-19,Facebook/Instagram Ads,29,5,3,1,0,1549.07
2024-11-19,YouTube Ads,5,1,1,0,0,354.59
2024-11-19,LinkedIn,2,1,1,1,1,345.09
2024-11-19,Webinar/Events,0,0,0,0,0,0.0
2024-11-20,College Partnership Drive,11,7,7,6,4,566.11
2024-11-20,Referral,2,0,0,0,0,32.08
2024-11-20,Organic Search,4,0,0,0,0,14.72
2024-11-20,Google Paid Search,12,3,3,3,2,848.3
2024-11-20,Facebook/Instagram Ads,16,3,2,1,0,1016.94
2024-11-20,YouTube Ads,11,2,2,1,0,383.16
2024-11-20,LinkedIn,2,1,1,1,1,253.98
2024-11-20,Webinar/Events,4,2,2,2,0,299.04
2024-11-21,College Partnership Drive,8,5,5,5,3,255.59
2024-11-21,Referral,3,2,2,2,0,62.86
2024-11-21,Organic Search,8,3,3,2,0,28.61
2024-11-21,Google Paid Search,18,4,2,1,0,1523.39
2024-11-21,Facebook/Instagram Ads,32,5,3,1,1,2574.8
2024-11-21,YouTube Ads,14,3,1,1,0,694.92
2024-11-21,LinkedIn,6,3,3,3,2,938.5
2024-11-21,Webinar/Events,4,2,2,2,0,224.8
2024-11-22,College Partnership Drive,1,1,1,1,0,56.43
2024-11-22,Referral,1,1,0,0,0,26.84
2024-11-22,Organic Search,2,0,0,0,0,6.38
2024-11-22,Google Paid Search,14,3,3,3,1,1102.15
2024-11-22,Facebook/Instagram Ads,34,6,4,3,0,1204.57
2024-11-22,YouTube Ads,29,5,4,3,1,1322.08
2024-11-22,LinkedIn,2,0,0,0,0,384.24
2024-11-22,Webinar/Events,4,2,2,2,2,393.23
2024-11-23,College Partnership Drive,0,0,0,0,0,0.0
2024-11-23,Referral,6,4,3,3,2,129.99
2024-11-23,Organic Search,21,7,7,7,2,1.24
2024-11-23,Google Paid Search,11,3,2,2,1,982.15
2024-11-23,Facebook/Instagram Ads,34,5,2,1,0,1427.06
2024-11-23,YouTube Ads,15,3,2,0,0,451.03
2024-11-23,LinkedIn,4,2,2,2,1,479.1
2024-11-23,Webinar/Events,2,1,1,1,0,149.57
2024-11-24,College Partnership Drive,4,3,3,3,2,125.07
2024-11-24,Referral,3,2,2,2,1,31.21
2024-11-24,Organic Search,5,2,1,1,0,12.31
2024-11-24,Google Paid Search,13,3,2,2,2,1695.37
2024-11-24,Facebook/Instagram Ads,26,5,4,0,0,1017.55
2024-11-24,YouTube Ads,9,2,1,1,1,329.8
2024-11-24,LinkedIn,4,0,0,0,0,485.18
2024-11-24,Webinar/Events,2,1,1,0,0,145.06
2024-11-25,College Partnership Drive,9,5,5,5,2,233.76
2024-11-25,Referral,5,3,2,2,1,79.51
2024-11-25,Organic Search,6,2,2,1,1,23.73
2024-11-25,Google Paid Search,22,5,3,3,1,1409.08
2024-11-25,Facebook/Instagram Ads,19,3,1,0,0,702.93
2024-11-25,YouTube Ads,16,3,2,2,1,725.61
2024-11-25,LinkedIn,2,1,1,1,1,428.92
2024-11-25,Webinar/Events,1,1,1,1,1,71.66
2024-11-26,College Partnership Drive,0,0,0,0,0,0.0
2024-11-26,Referral,1,1,0,0,0,15.4
2024-11-26,Organic Search,21,7,5,4,1,77.04
2024-11-26,Google Paid Search,13,3,1,1,1,1292.38
2024-11-26,Facebook/Instagram Ads,54,8,7,4,0,3863.64
2024-11-26,YouTube Ads,16,3,3,1,1,1125.72
2024-11-26,LinkedIn,2,1,1,1,0,200.67
2024-11-26,Webinar/Events,14,6,4,4,3,868.11
2024-11-27,College Partnership Drive,9,6,4,4,2,366.32
2024-11-27,Referral,2,0,0,0,0,49.49
2024-11-27,Organic Search,5,2,1,1,1,17.13
2024-11-27,Google Paid Search,18,4,4,4,3,1779.82
2024-11-27,Facebook/Instagram Ads,23,4,3,0,0,1237.91
2024-11-27,YouTube Ads,16,3,2,1,0,793.69
2024-11-27,LinkedIn,5,2,2,2,2,481.06
2024-11-27,Webinar/Events,4,2,2,1,0,351.96
2024-11-28,College Partnership Drive,3,0,0,0,0,114.71
2024-11-28,Referral,4,0,0,0,0,85.79
2024-11-28,Organic Search,1,0,0,0,0,4.85
2024-11-28,Google Paid Search,3,0,0,0,0,410.38
2024-11-28,Facebook/Instagram Ads,0,0,0,0,0,0.0
2024-11-28,YouTube Ads,3,0,0,0,0,165.44
2024-11-28,LinkedIn,1,0,0,0,0,134.42
2024-11-28,Webinar/Events,2,0,0,0,0,85.96
2024-11-29,College Partnership Drive,2,0,0,0,0,116.14
2024-11-29,Referral,3,0,0,0,0,50.52
2024-11-29,Organic Search,2,0,0,0,0,9.77
2024-11-29,Google Paid Search,2,0,0,0,0,191.71
2024-11-29,Facebook/Instagram Ads,1,0,0,0,0,58.9
2024-11-29,YouTube Ads,2,0,0,0,0,100.69
2024-11-29,LinkedIn,1,0,0,0,0,104.47
2024-11-29,Webinar/Events,1,0,0,0,0,82.62
2024-11-30,College Partnership Drive,1,0,0,0,0,28.7
2024-11-30,Referral,2,0,0,0,0,59.7
2024-11-30,Organic Search,5,0,0,0,0,12.57
2024-11-30,Google Paid Search,1,0,0,0,0,60.11
2024-11-30,Facebook/Instagram Ads,0,0,0,0,0,0.0
2024-11-30,YouTube Ads,6,0,0,0,0,419.5
2024-11-30,LinkedIn,3,0,0,0,0,332.63
2024-11-30,Webinar/Events,0,0,0,0,0,0.0
2024-12-01,College Partnership Drive,8,6,5,5,4,300.92
2024-12-01,Referral,4,3,2,2,1,78.62
2024-12-01,Organic Search,21,7,6,6,1,73.68
2024-12-01,Google Paid Search,20,5,5,4,3,2655.73
2024-12-01,Facebook/Instagram Ads,17,3,1,0,0,1435.08
2024-12-01,YouTube Ads,14,3,2,2,2,472.9
2024-12-01,LinkedIn,0,0,0,0,0,0.0
2024-12-01,Webinar/Events,14,6,4,3,1,760.9
2024-12-02,College Partnership Drive,9,6,6,6,2,453.28
2024-12-02,Referral,3,2,1,1,1,71.99
2024-12-02,Organic Search,8,3,3,2,0,38.37
2024-12-02,Google Paid Search,2,0,0,0,0,255.1
2024-12-02,Facebook/Instagram Ads,35,5,5,1,0,2542.35
2024-12-02,YouTube Ads,4,1,0,0,0,251.23
2024-12-02,LinkedIn,2,1,1,1,0,360.6
2024-12-02,Webinar/Events,10,5,4,3,2,757.94
2024-12-03,College Partnership Drive,6,4,3,2,1,359.78
2024-12-03,Referral,5,3,3,3,2,60.23
2024-12-03,Organic Search,13,5,4,4,4,19.47
2024-12-03,Google Paid Search,21,5,4,3,1,2687.36
2024-12-03,Facebook/Instagram Ads,53,9,6,2,0,2886.66
2024-12-03,YouTube Ads,11,2,1,1,1,796.28
2024-12-03,LinkedIn,2,1,0,0,0,389.75
2024-12-03,Webinar/Events,4,2,2,1,0,277.21
2024-12-04,College Partnership Drive,4,3,3,3,2,192.97
2024-12-04,Referral,5,3,3,3,2,121.35
2024-12-04,Organic Search,13,4,2,2,1,10.85
2024-12-04,Google Paid Search,23,6,5,5,1,2964.97
2024-12-04,Facebook/Instagram Ads,39,7,5,4,0,2822.87
2024-12-04,YouTube Ads,5,1,0,0,0,191.72
2024-12-04,LinkedIn,2,0,0,0,0,400.17
2024-12-04,Webinar/Events,4,2,2,2,1,160.38
2024-12-05,College Partnership Drive,10,6,6,6,4,423.4
2024-12-05,Referral,3,2,2,2,0,67.53
2024-12-05,Organic Search,11,4,4,3,1,33.75
2024-12-05,Google Paid Search,12,3,3,3,1,1416.38
2024-12-05,Facebook/Instagram Ads,32,5,1,1,0,1788.72
2024-12-05,YouTube Ads,1,0,0,0,0,46.43
2024-12-05,LinkedIn,4,2,2,0,0,446.49
2024-12-05,Webinar/Events,11,5,5,5,2,509.33
2024-12-06,College Partnership Drive,3,2,1,1,0,148.8
2024-12-06,Referral,5,3,3,3,2,117.87
2024-12-06,Organic Search,9,3,3,2,0,31.48
2024-12-06,Google Paid Search,11,3,2,2,2,1335.86
2024-12-06,Facebook/Instagram Ads,29,5,5,3,0,2459.37
2024-12-06,YouTube Ads,13,3,2,1,0,893.14
2024-12-06,LinkedIn,4,2,2,2,0,823.5
2024-12-06,Webinar/Events,5,3,3,3,1,431.45
2024-12-07,College Partnership Drive,4,3,3,1,0,141.66
2024-12-07,Referral,3,2,2,2,1,81.33
2024-12-07,Organic Search,12,4,3,2,2,50.37
2024-12-07,Google Paid Search,21,5,4,4,2,1886.59
2024-12-07,Facebook/Instagram Ads,62,10,2,2,1,3056.46
2024-12-07,YouTube Ads,25,5,5,4,3,1078.51
2024-12-07,LinkedIn,2,1,1,1,0,378.27
2024-12-07,Webinar/Events,4,2,2,2,1,391.08
2024-12-08,College Partnership Drive,5,3,3,3,1,167.54
2024-12-08,Referral,4,3,2,2,2,71.35
2024-12-08,Organic Search,16,6,6,6,3,63.32
2024-12-08,Google Paid Search,10,3,1,1,1,827.22
2024-12-08,Facebook/Instagram Ads,18,3,2,1,0,1050.86
2024-12-08,YouTube Ads,5,1,1,1,0,313.94
2024-12-08,LinkedIn,2,1,1,1,1,282.02
2024-12-08,Webinar/Events,4,2,2,2,2,287.42
2024-12-09,College Partnership Drive,6,4,3,3,1,285.86
2024-12-09,Referral,9,5,3,3,1,102.13
2024-12-09,Organic Search,17,7,7,6,2,11.66
2024-12-09,Google Paid Search,20,5,4,3,1,2541.78
2024-12-09,Facebook/Instagram Ads,18,3,3,0,0,850.39
2024-12-09,YouTube Ads,15,3,3,2,1,837.34
2024-12-09,LinkedIn,2,1,1,1,1,246.14
2024-12-09,Webinar/Events,4,2,2,2,1,180.08
2024-12-10,College Partnership Drive,3,2,2,2,1,174.51
2024-12-10,Referral,3,2,2,2,1,67.1
2024-12-10,Organic Search,20,7,6,3,1,94.29
2024-12-10,Google Paid Search,22,5,5,4,2,1714.19
2024-12-10,Facebook/Instagram Ads,26,4,2,2,0,2242.08
2024-12-10,YouTube Ads,5,1,1,1,0,202.87
2024-12-10,LinkedIn,0,0,0,0,0,0.0
2024-12-10,Webinar/Events,2,1,1,1,0,196.61
2024-12-11,College Partnership Drive,2,2,2,2,1,109.73
2024-12-11,Referral,4,3,3,3,1,60.8
2024-12-11,Organic Search,8,3,3,3,2,11.77
2024-12-11,Google Paid Search,23,5,3,3,0,1567.07
2024-12-11,Facebook/Instagram Ads,11,2,1,0,0,393.61
2024-12-11,YouTube Ads,0,0,0,0,0,0.0
2024-12-11,LinkedIn,0,0,0,0,0,0.0
2024-12-11,Webinar/Events,6,3,3,1,0,365.97
2024-12-12,College Partnership Drive,13,8,7,5,1,526.99
2024-12-12,Referral,1,0,0,0,0,16.06
2024-12-12,Organic Search,20,7,3,3,2,48.54
2024-12-12,Google Paid Search,8,2,0,0,0,677.4
2024-12-12,Facebook/Instagram Ads,35,6,4,1,0,2863.41
2024-12-12,YouTube Ads,6,0,0,0,0,304.02
2024-12-12,LinkedIn,2,1,0,0,0,391.31
2024-12-12,Webinar/Events,13,7,7,7,4,823.38
2024-12-13,College Partnership Drive,10,8,7,7,5,452.02
2024-12-13,Referral,3,2,2,2,1,79.68
2024-12-13,Organic Search,12,4,4,2,1,5.15
2024-12-13,Google Paid Search,4,1,1,1,0,343.32
2024-12-13,Facebook/Instagram Ads,27,5,3,0,0,1181.44
2024-12-13,YouTube Ads,4,1,1,1,0,250.71
2024-12-13,LinkedIn,1,0,0,0,0,185.5
2024-12-13,Webinar/Events,2,1,1,1,0,123.87
2024-12-14,College Partnership Drive,6,4,4,4,4,152.04
2024-12-14,Referral,9,5,5,5,1,152.42
2024-12-14,Organic Search,14,5,5,5,1,31.12
2024-12-14,Google Paid Search,14,3,2,1,1,1002.66
2024-12-14,Facebook/Instagram Ads,22,4,2,1,0,1674.72
2024-12-14,YouTube Ads,4,1,1,1,1,170.61
2024-12-14,LinkedIn,2,1,1,1,0,312.21
2024-12-14,Webinar/Events,2,1,1,0,0,89.97
2024-12-15,College Partnership Drive,11,7,4,4,3,391.33
2024-12-15,Referral,6,4,3,3,3,65.11
2024-12-15,Organic Search,12,4,3,2,1,5.75
2024-12-15,Google Paid Search,15,4,3,3,2,1982.43
2024-12-15,Facebook/Instagram Ads,54,8,4,2,1,1947.57
2024-12-15,YouTube Ads,9,2,0,0,0,303.96
2024-12-15,LinkedIn,2,1,1,1,0,382.03
2024-12-15,Webinar/Events,9,4,4,4,1,695.99
2024-12-16,College Partnership Drive,8,5,5,4,0,222.96
2024-12-16,Referral,3,0,0,0,0,48.75
2024-12-16,Organic Search,2,1,0,0,0,3.31
2024-12-16,Google Paid Search,14,3,3,3,2,970.67
2024-12-16,Facebook/Instagram Ads,5,1,1,0,0,240.11
2024-12-16,YouTube Ads,2,0,0,0,0,100.17
2024-12-16,LinkedIn,2,1,1,0,0,263.71
2024-12-16,Webinar/Events,6,3,3,3,3,533.03
2024-12-17,College Partnership Drive,3,2,2,1,0,160.76
2024-12-17,Referral,5,3,2,2,1,73.09
2024-12-17,Organic Search,13,5,5,5,0,62.01
2024-12-17,Google Paid Search,12,3,3,3,1,972.63
2024-12-17,Facebook/Instagram Ads,26,5,1,0,0,1801.26
2024-12-17,YouTube Ads,6,1,1,1,0,379.73
2024-12-17,LinkedIn,2,1,1,1,0,280.38
2024-12-17,Webinar/Events,9,4,2,1,1,661.74
2024-12-18,College Partnership Drive,15,11,11,10,3,828.1
2024-12-18,Referral,8,5,4,4,2,118.35
2024-12-18,Organic Search,7,3,2,2,0,20.76
2024-12-18,Google Paid Search,14,4,3,1,1,1592.97
2024-12-18,Facebook/Instagram Ads,34,6,2,2,1,2295.19
2024-12-18,YouTube Ads,11,2,1,1,0,624.99
2024-12-18,LinkedIn,6,3,2,2,2,843.61
2024-12-18,Webinar/Events,2,1,1,1,0,172.38
2024-12-19,College Partnership Drive,0,0,0,0,0,0.0
2024-12-19,Referral,8,5,5,4,2,219.59
2024-12-19,Organic Search,11,4,3,3,1,12.47
2024-12-19,Google Paid Search,23,5,5,5,1,2013.15
2024-12-19,Facebook/Instagram Ads,49,8,4,1,1,3553.93
2024-12-19,YouTube Ads,15,3,2,2,1,739.58
2024-12-19,LinkedIn,6,3,2,2,1,973.58
2024-12-19,Webinar/Events,6,3,3,2,2,244.13
2024-12-20,College Partnership Drive,4,3,3,3,1,170.84
2024-12-20,Referral,1,1,1,0,0,17.92
2024-12-20,Organic Search,5,2,2,2,1,15.0
2024-12-20,Google Paid Search,8,2,2,1,0,877.74
2024-12-20,Facebook/Instagram Ads,49,7,4,2,2,3759.51
2024-12-20,YouTube Ads,16,3,2,1,0,840.54
2024-12-20,LinkedIn,2,1,1,1,0,359.84
2024-12-20,Webinar/Events,4,2,2,1,0,213.84
2024-12-21,College Partnership Drive,1,1,1,1,0,33.18
2024-12-21,Referral,1,1,1,1,0,19.92
2024-12-21,Organic Search,12,4,4,4,1,26.15
2024-12-21,Google Paid Search,17,4,4,2,1,2203.34
2024-12-21,Facebook/Instagram Ads,33,5,3,1,0,1837.5
2024-12-21,YouTube Ads,16,3,1,1,0,944.04
2024-12-21,LinkedIn,2,1,1,1,1,278.38
2024-12-21,Webinar/Events,6,3,3,2,1,479.35
2024-12-22,College Partnership Drive,8,6,4,2,2,325.06
2024-12-22,Referral,8,5,5,5,3,155.98
2024-12-22,Organic Search,0,0,0,0,0,0.0
2024-12-22,Google Paid Search,8,2,1,1,0,544.92
2024-12-22,Facebook/Instagram Ads,20,3,1,1,1,1169.25
2024-12-22,YouTube Ads,38,8,7,4,1,1825.83
2024-12-22,LinkedIn,8,3,3,3,1,844.7
2024-12-22,Webinar/Events,9,4,2,2,2,696.31
2024-12-23,College Partnership Drive,9,7,7,7,4,521.24
2024-12-23,Referral,5,4,4,4,1,52.72
2024-12-23,Organic Search,6,2,1,1,0,9.67
2024-12-23,Google Paid Search,10,3,3,3,2,1294.21
2024-12-23,Facebook/Instagram Ads,54,10,7,4,0,4622.55
2024-12-23,YouTube Ads,11,2,1,0,0,691.49
2024-12-23,LinkedIn,8,3,3,3,2,1301.73
2024-12-23,Webinar/Events,3,2,2,1,0,287.88
2024-12-24,College Partnership Drive,7,4,4,4,2,183.04
2024-12-24,Referral,1,1,1,1,0,21.95
2024-12-24,Organic Search,6,2,2,2,0,7.58
2024-12-24,Google Paid Search,23,5,4,3,0,2443.01
2024-12-24,Facebook/Instagram Ads,42,7,6,2,2,2144.46
2024-12-24,YouTube Ads,10,2,2,1,0,590.32
2024-12-24,LinkedIn,2,1,1,1,0,407.93
2024-12-24,Webinar/Events,12,5,4,1,1,713.68
2024-12-25,College Partnership Drive,4,3,3,1,1,223.05
2024-12-25,Referral,10,7,7,7,4,114.15
2024-12-25,Organic Search,15,5,3,3,3,2.28
2024-12-25,Google Paid Search,7,2,0,0,0,471.56
2024-12-25,Facebook/Instagram Ads,28,5,2,1,0,1075.86
2024-12-25,YouTube Ads,14,3,2,1,0,891.04
2024-12-25,LinkedIn,4,2,1,1,0,648.42
2024-12-25,Webinar/Events,4,2,2,1,0,316.57
2024-12-26,College Partnership Drive,2,2,2,2,1,88.9
2024-12-26,Referral,6,4,4,4,1,107.64
2024-12-26,Organic Search,5,2,2,2,0,15.37
2024-12-26,Google Paid Search,4,1,1,1,1,442.12
2024-12-26,Facebook/Instagram Ads,17,3,1,0,0,949.34
2024-12-26,YouTube Ads,13,3,2,2,0,665.42
2024-12-26,LinkedIn,2,1,1,1,0,285.14
2024-12-26,Webinar/Events,4,2,2,2,0,371.23
2024-12-27,College Partnership Drive,3,2,2,2,1,130.14
2024-12-27,Referral,7,4,4,2,2,84.71
2024-12-27,Organic Search,8,3,3,3,1,32.6
2024-12-27,Google Paid Search,21,5,2,2,2,1924.07
2024-12-27,Facebook/Instagram Ads,15,3,2,1,1,869.35
2024-12-27,YouTube Ads,4,1,1,1,0,184.45
2024-12-27,LinkedIn,2,1,1,1,1,317.52
2024-12-27,Webinar/Events,9,4,4,4,1,742.8
2024-12-28,College Partnership Drive,1,0,0,0,0,34.04
2024-12-28,Referral,2,0,0,0,0,28.98
2024-12-28,Organic Search,1,0,0,0,0,4.97
2024-12-28,Google Paid Search,1,0,0,0,0,116.13
2024-12-28,Facebook/Instagram Ads,3,0,0,0,0,265.19
2024-12-28,YouTube Ads,1,0,0,0,0,71.57
2024-12-28,LinkedIn,4,0,0,0,0,703.58
2024-12-28,Webinar/Events,4,0,0,0,0,258.77
2024-12-29,College Partnership Drive,1,0,0,0,0,54.22
2024-12-29,Referral,1,0,0,0,0,26.26
2024-12-29,Organic Search,2,0,0,0,0,5.07
2024-12-29,Google Paid Search,2,0,0,0,0,231.57
2024-12-29,Facebook/Instagram Ads,4,0,0,0,0,357.13
2024-12-29,YouTube Ads,1,0,0,0,0,66.46
2024-12-29,LinkedIn,3,0,0,0,0,482.11
2024-12-29,Webinar/Events,1,0,0,0,0,67.13
2024-12-30,College Partnership Drive,6,0,0,0,0,319.23
2024-12-30,Referral,4,0,0,0,0,108.12
2024-12-30,Organic Search,1,0,0,0,0,1.92
2024-12-30,Google Paid Search,0,0,0,0,0,0.0
2024-12-30,Facebook/Instagram Ads,1,0,0,0,0,66.78
2024-12-30,YouTube Ads,4,0,0,0,0,271.37
2024-12-30,LinkedIn,1,0,0,0,0,155.97
2024-12-30,Webinar/Events,4,0,0,0,0,178.54
2024-12-31,College Partnership Drive,3,0,0,0,0,94.39
2024-12-31,Referral,0,0,0,0,0,0.0
2024-12-31,Organic Search,1,0,0,0,0,1.5
2024-12-31,Google Paid Search,2,0,0,0,0,147.57
2024-12-31,Facebook/Instagram Ads,2,0,0,0,0,85.62
2024-12-31,YouTube Ads,1,0,0,0,0,55.91
2024-12-31,LinkedIn,3,0,0,0,0,404.32
2024-12-31,Webinar/Events,1,0,0,0,0,85.61
2025-01-01,College Partnership Drive,8,5,5,5,2,223.2
2025-01-01,Referral,4,3,3,3,1,94.94
2025-01-01,Organic Search,15,5,5,5,2,67.94
2025-01-01,Google Paid Search,26,7,6,5,3,1668.91
2025-01-01,Facebook/Instagram Ads,58,11,8,6,1,3841.97
2025-01-01,YouTube Ads,15,3,2,1,0,947.83
2025-01-01,LinkedIn,3,0,0,0,0,409.69
2025-01-01,Webinar/Events,6,3,3,3,0,527.2
2025-01-02,College Partnership Drive,11,8,8,7,5,422.96
2025-01-02,Referral,11,7,6,6,3,231.24
2025-01-02,Organic Search,13,5,5,4,3,36.02
2025-01-02,Google Paid Search,23,5,3,3,0,2163.79
2025-01-02,Facebook/Instagram Ads,37,7,5,1,1,2653.92
2025-01-02,YouTube Ads,5,1,0,0,0,259.92
2025-01-02,LinkedIn,5,2,2,2,1,688.19
2025-01-02,Webinar/Events,6,3,1,1,1,598.44
2025-01-03,College Partnership Drive,17,11,11,9,6,913.06
2025-01-03,Referral,12,7,7,7,4,204.48
2025-01-03,Organic Search,10,4,3,2,1,29.38
2025-01-03,Google Paid Search,8,2,2,2,0,925.15
2025-01-03,Facebook/Instagram Ads,56,10,4,2,1,2236.34
2025-01-03,YouTube Ads,15,3,3,2,1,707.62
2025-01-03,LinkedIn,9,4,2,2,1,1056.12
2025-01-03,Webinar/Events,12,5,3,2,1,1114.41
2025-01-04,College Partnership Drive,8,6,6,5,3,206.86
2025-01-04,Referral,10,6,5,5,1,275.3
2025-01-04,Organic Search,13,4,3,3,0,62.92
2025-01-04,Google Paid Search,13,3,3,2,2,1683.66
2025-01-04,Facebook/Instagram Ads,77,11,7,3,1,5777.84
2025-01-04,YouTube Ads,27,6,3,3,1,1233.04
2025-01-04,LinkedIn,8,3,3,2,0,773.69
2025-01-04,Webinar/Events,3,2,2,1,1,228.33
2025-01-05,College Partnership Drive,10,6,6,5,2,264.61
2025-01-05,Referral,3,2,1,1,0,48.51
2025-01-05,Organic Search,5,2,2,1,1,1.7
2025-01-05,Google Paid Search,18,5,4,4,0,2404.1
2025-01-05,Facebook/Instagram Ads,53,10,7,5,1,2628.04
2025-01-05,YouTube Ads,14,3,2,1,1,905.07
2025-01-05,LinkedIn,8,3,3,3,2,1717.09
2025-01-05,Webinar/Events,12,6,5,4,0,1140.6
2025-01-06,College Partnership Drive,4,3,2,2,1,223.38
2025-01-06,Referral,5,4,4,4,2,54.24
2025-01-06,Organic Search,16,6,5,5,3,77.26
2025-01-06,Google Paid Search,29,8,7,6,1,2861.28
2025-01-06,Facebook/Instagram Ads,85,12,7,4,2,7022.12
2025-01-06,YouTube Ads,28,5,3,1,1,915.27
2025-01-06,LinkedIn,3,0,0,0,0,289.76
2025-01-06,Webinar/Events,2,0,0,0,0,179.31
2025-01-07,College Partnership Drive,19,11,11,11,6,823.6
2025-01-07,Referral,1,1,1,1,0,21.43
2025-01-07,Organic Search,12,5,5,4,1,38.54
2025-01-07,Google Paid Search,12,3,3,3,1,1328.06
2025-01-07,Facebook/Instagram Ads,61,9,6,5,1,5190.15
2025-01-07,YouTube Ads,18,4,2,1,0,1151.65
2025-01-07,LinkedIn,9,4,1,0,0,1049.19
2025-01-07,Webinar/Events,4,2,1,1,1,311.78
2025-01-08,College Partnership Drive,14,8,7,6,3,442.65
2025-01-08,Referral,3,2,2,2,1,88.89
2025-01-08,Organic Search,8,3,3,2,0,6.97
2025-01-08,Google Paid Search,22,6,6,5,3,1425.94
2025-01-08,Facebook/Instagram Ads,46,7,5,5,1,2626.83
2025-01-08,YouTube Ads,34,6,5,3,0,1279.68
2025-01-08,LinkedIn,7,3,3,3,2,1533.54
2025-01-08,Webinar/Events,2,1,1,1,0,92.34
2025-01-09,College Partnership Drive,7,5,5,4,1,193.12
2025-01-09,Referral,3,2,2,2,0,54.03
2025-01-09,Organic Search,8,3,3,2,1,16.04
2025-01-09,Google Paid Search,27,7,4,2,1,1956.06
2025-01-09,Facebook/Instagram Ads,37,7,5,3,2,2241.9
2025-01-09,YouTube Ads,4,1,1,1,0,147.28
2025-01-09,LinkedIn,2,0,0,0,0,371.21
2025-01-09,Webinar/Events,4,2,2,2,1,289.22
2025-01-10,College Partnership Drive,8,6,6,5,2,444.33
2025-01-10,Referral,4,3,3,3,1,56.54
2025-01-10,Organic Search,8,3,3,2,1,10.43
2025-01-10,Google Paid Search,26,7,5,3,1,1983.53
2025-01-10,Facebook/Instagram Ads,28,5,2,1,1,1208.41
2025-01-10,YouTube Ads,17,3,2,1,1,669.71
2025-01-10,LinkedIn,1,0,0,0,0,154.52
2025-01-10,Webinar/Events,4,2,2,2,1,347.96
2025-01-11,College Partnership Drive,3,2,2,2,2,112.79
2025-01-11,Referral,8,5,5,5,4,149.17
2025-01-11,Organic Search,6,2,2,2,1,29.9
2025-01-11,Google Paid Search,21,5,4,3,0,1760.67
2025-01-11,Facebook/Instagram Ads,35,6,5,4,1,1651.06
2025-01-11,YouTube Ads,16,3,1,1,1,670.57
2025-01-11,LinkedIn,2,0,0,0,0,358.25
2025-01-11,Webinar/Events,6,3,3,3,2,549.63
2025-01-12,College Partnership Drive,11,6,5,3,3,659.42
2025-01-12,Referral,5,3,2,2,2,128.36
2025-01-12,Organic Search,13,5,4,4,2,17.5
2025-01-12,Google Paid Search,15,4,3,2,1,1618.64
2025-01-12,Facebook/Instagram Ads,28,5,4,0,0,1720.24
2025-01-12,YouTube Ads,4,1,1,1,0,229.92
2025-01-12,LinkedIn,2,1,1,1,0,202.08
2025-01-12,Webinar/Events,3,2,1,1,0,184.61
2025-01-13,College Partnership Drive,9,6,6,6,0,395.98
2025-01-13,Referral,12,7,7,5,2,225.39
2025-01-13,Organic Search,18,7,5,5,2,27.9
2025-01-13,Google Paid Search,20,5,4,2,0,1974.17
2025-01-13,Facebook/Instagram Ads,39,7,2,1,1,3418.65
2025-01-13,YouTube Ads,13,3,2,1,0,646.52
2025-01-13,LinkedIn,10,4,3,2,1,1428.12
2025-01-13,Webinar/Events,12,6,6,6,4,645.27
2025-01-14,College Partnership Drive,13,9,8,8,4,447.82
2025-01-14,Referral,6,4,4,4,2,66.62
2025-01-14,Organic Search,19,7,6,4,2,60.99
2025-01-14,Google Paid Search,18,4,3,2,0,1238.25
2025-01-14,Facebook/Instagram Ads,25,4,2,1,1,1966.06
2025-01-14,YouTube Ads,15,3,2,1,1,477.48
2025-01-14,LinkedIn,8,3,2,2,1,888.46
2025-01-14,Webinar/Events,3,2,2,2,0,154.86
2025-01-15,College Partnership Drive,8,6,6,5,4,399.48
2025-01-15,Referral,10,6,4,4,2,179.46
2025-01-15,Organic Search,19,6,4,4,1,60.4
2025-01-15,Google Paid Search,4,1,1,1,1,425.22
2025-01-15,Facebook/Instagram Ads,34,5,2,2,1,2403.58
2025-01-15,YouTube Ads,25,5,3,2,0,1045.38
2025-01-15,LinkedIn,12,6,4,3,1,2140.92
2025-01-15,Webinar/Events,4,2,2,2,1,175.64
2025-01-16,College Partnership Drive,11,7,6,5,3,521.8
2025-01-16,Referral,8,5,5,5,2,199.45
2025-01-16,Organic Search,16,5,3,2,1,42.67
2025-01-16,Google Paid Search,21,5,5,4,2,1515.91
2025-01-16,Facebook/Instagram Ads,55,8,5,3,0,3905.97
2025-01-16,YouTube Ads,33,6,4,2,0,1450.06
2025-01-16,LinkedIn,2,1,0,0,0,211.81
2025-01-16,Webinar/Events,11,5,3,2,1,1068.51
2025-01-17,College Partnership Drive,8,5,4,4,2,279.18
2025-01-17,Referral,7,5,5,5,1,209.91
2025-01-17,Organic Search,22,7,3,2,1,68.1
2025-01-17,Google Paid Search,20,5,4,3,1,1725.07
2025-01-17,Facebook/Instagram Ads,12,2,1,0,0,954.37
2025-01-17,YouTube Ads,23,5,5,4,1,1361.38
2025-01-17,LinkedIn,2,1,1,1,1,438.31
2025-01-17,Webinar/Events,4,2,2,2,1,253.74
2025-01-18,College Partnership Drive,10,7,7,7,6,466.03
2025-01-18,Referral,11,6,5,4,4,148.51
2025-01-18,Organic Search,11,4,4,4,0,6.32
2025-01-18,Google Paid Search,7,2,1,1,0,961.95
2025-01-18,Facebook/Instagram Ads,26,4,2,1,0,2083.16
2025-01-18,YouTube Ads,18,4,2,2,1,1255.18
2025-01-18,LinkedIn,6,3,2,2,2,945.83
2025-01-18,Webinar/Events,5,3,3,3,1,454.67
2025-01-19,College Partnership Drive,6,5,5,4,4,156.59
2025-01-19,Referral,3,2,2,2,1,87.68
2025-01-19,Organic Search,12,5,5,5,2,32.84
2025-01-19,Google Paid Search,26,6,5,3,1,2078.42
2025-01-19,Facebook/Instagram Ads,61,11,8,4,1,2917.58
2025-01-19,YouTube Ads,1,0,0,0,0,65.88
2025-01-19,LinkedIn,2,1,1,1,1,354.65
2025-01-19,Webinar/Events,9,4,3,3,1,391.3
2025-01-20,College Partnership Drive,16,10,9,8,5,815.75
2025-01-20,Referral,6,4,4,4,2,168.39
2025-01-20,Organic Search,2,1,1,1,1,1.48
2025-01-20,Google Paid Search,20,5,5,3,0,2282.95
2025-01-20,Facebook/Instagram Ads,75,11,8,5,1,2744.21
2025-01-20,YouTube Ads,23,4,4,0,0,1087.93
2025-01-20,LinkedIn,5,2,2,2,1,552.56
2025-01-20,Webinar/Events,4,2,2,2,1,393.15
2025-01-21,College Partnership Drive,3,2,2,2,2,150.35
2025-01-21,Referral,3,2,2,2,1,60.0
2025-01-21,Organic Search,2,1,1,1,1,4.48
2025-01-21,Google Paid Search,35,9,6,5,0,4562.77
2025-01-21,Facebook/Instagram Ads,83,12,4,2,1,3645.57
2025-01-21,YouTube Ads,40,7,5,4,2,2195.2
2025-01-21,LinkedIn,2,1,1,1,0,264.81
2025-01-21,Webinar/Events,2,1,1,1,0,156.51
2025-01-22,College Partnership Drive,4,3,3,3,2,125.02
2025-01-22,Referral,5,3,2,1,1,79.78
2025-01-22,Organic Search,30,10,8,8,2,130.38
2025-01-22,Google Paid Search,28,7,6,4,2,3632.58
2025-01-22,Facebook/Instagram Ads,50,8,3,2,1,2906.03
2025-01-22,YouTube Ads,25,5,3,2,0,1386.86
2025-01-22,LinkedIn,9,4,4,4,2,1908.82
2025-01-22,Webinar/Events,8,4,4,3,2,707.18
2025-01-23,College Partnership Drive,8,5,5,5,1,219.63
2025-01-23,Referral,6,4,3,3,0,122.31
2025-01-23,Organic Search,15,5,5,5,3,64.77
2025-01-23,Google Paid Search,20,5,5,4,2,1211.12
2025-01-23,Facebook/Instagram Ads,20,3,2,2,1,1687.81
2025-01-23,YouTube Ads,5,1,0,0,0,157.81
2025-01-23,LinkedIn,10,4,3,2,1,1861.65
2025-01-23,Webinar/Events,8,4,4,3,2,716.69
2025-01-24,College Partnership Drive,9,6,6,5,2,355.2
2025-01-24,Referral,3,2,2,2,0,36.67
2025-01-24,Organic Search,9,3,1,1,0,37.2
2025-01-24,Google Paid Search,13,3,2,2,1,1107.67
2025-01-24,Facebook/Instagram Ads,32,6,3,2,0,2825.89
2025-01-24,YouTube Ads,18,4,3,2,1,1266.05
2025-01-24,LinkedIn,7,3,3,3,1,1177.8
2025-01-24,Webinar/Events,9,4,4,2,1,428.86
2025-01-25,College Partnership Drive,9,6,6,6,4,411.6
2025-01-25,Referral,7,5,5,4,0,194.53
2025-01-25,Organic Search,12,4,3,3,1,32.84
2025-01-25,Google Paid Search,23,5,4,4,0,3193.52
2025-01-25,Facebook/Instagram Ads,35,6,3,1,0,2121.07
2025-01-25,YouTube Ads,16,3,1,1,1,1020.58
2025-01-25,LinkedIn,5,2,2,2,1,879.36
2025-01-25,Webinar/Events,8,4,3,3,2,508.85
2025-01-26,College Partnership Drive,6,4,3,3,2,313.18
2025-01-26,Referral,0,0,0,0,0,0.0
2025-01-26,Organic Search,26,8,6,2,0,11.85
2025-01-26,Google Paid Search,15,4,3,1,1,1565.65
2025-01-26,Facebook/Instagram Ads,39,7,7,3,1,3041.85
2025-01-26,YouTube Ads,23,5,5,3,1,1681.51
2025-01-26,LinkedIn,2,1,1,0,0,439.5
2025-01-26,Webinar/Events,12,6,6,6,3,559.02
2025-01-27,College Partnership Drive,10,7,7,7,3,425.58
2025-01-27,Referral,8,5,3,2,1,150.28
2025-01-27,Organic Search,8,3,2,2,1,10.36
2025-01-27,Google Paid Search,16,4,3,3,1,1081.79
2025-01-27,Facebook/Instagram Ads,35,5,5,1,0,2593.91
2025-01-27,YouTube Ads,5,1,0,0,0,283.04
2025-01-27,LinkedIn,2,0,0,0,0,181.0
2025-01-27,Webinar/Events,13,6,5,4,0,677.16
2025-01-28,College Partnership Drive,0,0,0,0,0,0.0
2025-01-28,Referral,0,0,0,0,0,0.0
2025-01-28,Organic Search,2,0,0,0,0,3.47
2025-01-28,Google Paid Search,1,0,0,0,0,108.77
2025-01-28,Facebook/Instagram Ads,0,0,0,0,0,0.0
2025-01-28,YouTube Ads,1,0,0,0,0,65.06
2025-01-28,LinkedIn,2,0,0,0,0,434.21
2025-01-28,Webinar/Events,2,0,0,0,0,162.59
2025-01-29,College Partnership Drive,4,0,0,0,0,105.45
2025-01-29,Referral,1,0,0,0,0,23.4
2025-01-29,Organic Search,1,0,0,0,0,3.51
2025-01-29,Google Paid Search,2,0,0,0,0,237.38
2025-01-29,Facebook/Instagram Ads,3,0,0,0,0,251.51
2025-01-29,YouTube Ads,1,0,0,0,0,62.91
2025-01-29,LinkedIn,2,0,0,0,0,267.42
2025-01-29,Webinar/Events,3,0,0,0,0,237.22
2025-01-30,College Partnership Drive,3,0,0,0,0,83.13
2025-01-30,Referral,2,0,0,0,0,46.72
2025-01-30,Organic Search,1,0,0,0,0,0.34
2025-01-30,Google Paid Search,5,0,0,0,0,459.7
2025-01-30,Facebook/Instagram Ads,1,0,0,0,0,66.27
2025-01-30,YouTube Ads,0,0,0,0,0,0.0
2025-01-30,LinkedIn,3,0,0,0,0,626.91
2025-01-30,Webinar/Events,5,0,0,0,0,488.44
2025-01-31,College Partnership Drive,1,0,0,0,0,48.49
2025-01-31,Referral,1,0,0,0,0,12.23
2025-01-31,Organic Search,1,0,0,0,0,0.74
2025-01-31,Google Paid Search,3,0,0,0,0,184.21
2025-01-31,Facebook/Instagram Ads,2,0,0,0,0,126.64
2025-01-31,YouTube Ads,3,0,0,0,0,175.37
2025-01-31,LinkedIn,2,0,0,0,0,203.74
2025-01-31,Webinar/Events,4,0,0,0,0,295.67
2025-02-01,College Partnership Drive,9,5,4,4,3,351.82
2025-02-01,Referral,7,4,4,4,2,168.69
2025-02-01,Organic Search,13,5,5,5,3,8.75
2025-02-01,Google Paid Search,14,4,4,4,0,1005.86
2025-02-01,Facebook/Instagram Ads,48,7,2,2,0,2737.33
2025-02-01,YouTube Ads,14,3,2,0,0,519.45
2025-02-01,LinkedIn,2,1,1,1,1,247.34
2025-02-01,Webinar/Events,7,4,4,1,0,317.8
2025-02-02,College Partnership Drive,8,6,5,5,2,205.27
2025-02-02,Referral,7,5,4,4,1,163.93
2025-02-02,Organic Search,9,3,3,3,3,15.3
2025-02-02,Google Paid Search,19,5,4,4,0,1350.1
2025-02-02,Facebook/Instagram Ads,32,5,4,1,1,1742.03
2025-02-02,YouTube Ads,19,4,2,1,0,1073.52
2025-02-02,LinkedIn,9,4,4,4,0,1261.64
2025-02-02,Webinar/Events,7,4,4,4,2,493.74
2025-02-03,College Partnership Drive,13,8,6,6,3,744.1
2025-02-03,Referral,3,2,2,2,1,86.84
2025-02-03,Organic Search,18,6,6,5,4,49.06
2025-02-03,Google Paid Search,10,3,2,2,2,1249.82
2025-02-03,Facebook/Instagram Ads,60,9,7,4,1,3968.33
2025-02-03,YouTube Ads,9,2,1,1,0,305.46
2025-02-03,LinkedIn,4,2,1,1,1,873.86
2025-02-03,Webinar/Events,3,2,2,2,1,252.37
2025-02-04,College Partnership Drive,2,2,2,2,1,55.48
2025-02-04,Referral,1,1,1,1,1,16.36
2025-02-04,Organic Search,12,4,4,4,2,31.41
2025-02-04,Google Paid Search,27,6,1,0,0,1978.48
2025-02-04,Facebook/Instagram Ads,59,11,4,1,0,4667.16
2025-02-04,YouTube Ads,9,2,2,1,1,481.92
2025-02-04,LinkedIn,5,0,0,0,0,859.8
2025-02-04,Webinar/Events,8,4,4,3,1,323.85
2025-02-05,College Partnership Drive,16,9,9,7,4,706.76
2025-02-05,Referral,7,4,4,4,2,172.96
2025-02-05,Organic Search,14,5,4,4,1,64.15
2025-02-05,Google Paid Search,44,11,6,4,1,4426.54
2025-02-05,Facebook/Instagram Ads,26,4,3,2,0,924.97
2025-02-05,YouTube Ads,25,5,5,2,0,1211.94
2025-02-05,LinkedIn,5,2,2,2,1,489.49
2025-02-05,Webinar/Events,6,3,3,3,3,451.64
2025-02-06,College Partnership Drive,6,5,3,3,1,245.25
2025-02-06,Referral,1,1,1,1,1,11.8
2025-02-06,Organic Search,14,5,5,2,1,10.34
2025-02-06,Google Paid Search,7,2,2,2,0,949.32
2025-02-06,Facebook/Instagram Ads,49,8,3,2,0,3817.09
2025-02-06,YouTube Ads,9,2,2,2,0,654.51
2025-02-06,LinkedIn,5,2,2,1,1,969.38
2025-02-06,Webinar/Events,1,0,0,0,0,67.66
2025-02-07,College Partnership Drive,10,8,8,6,3,286.03
2025-02-07,Referral,13,7,7,6,4,197.25
2025-02-07,Organic Search,20,7,7,6,2,13.16
2025-02-07,Google Paid Search,13,3,2,2,2,1647.62
2025-02-07,Facebook/Instagram Ads,55,8,3,2,1,3285.06
2025-02-07,YouTube Ads,10,2,2,2,1,629.39
2025-02-07,LinkedIn,2,1,1,1,0,418.49
2025-02-07,Webinar/Events,4,2,2,2,1,216.47
2025-02-08,College Partnership Drive,12,8,6,6,4,328.84
2025-02-08,Referral,1,1,1,1,1,15.03
2025-02-08,Organic Search,10,4,4,4,2,13.81
2025-02-08,Google Paid Search,18,5,4,3,1,1348.51
2025-02-08,Facebook/Instagram Ads,55,8,4,2,1,3889.9
2025-02-08,YouTube Ads,17,3,3,2,1,1049.81
2025-02-08,LinkedIn,2,0,0,0,0,262.57
2025-02-08,Webinar/Events,11,5,3,3,1,788.76
2025-02-09,College Partnership Drive,8,6,6,6,5,271.32
2025-02-09,Referral,13,7,7,7,5,382.03
2025-02-09,Organic Search,10,3,3,3,1,40.28
2025-02-09,Google Paid Search,24,6,4,3,2,1984.01
2025-02-09,Facebook/Instagram Ads,60,11,7,5,1,2562.01
2025-02-09,YouTube Ads,4,1,1,1,0,224.06
2025-02-09,LinkedIn,7,3,3,2,1,839.63
2025-02-09,Webinar/Events,4,2,1,1,1,378.22
2025-02-10,College Partnership Drive,12,8,8,8,2,564.68
2025-02-10,Referral,1,1,0,0,0,10.86
2025-02-10,Organic Search,14,5,5,4,4,39.52
2025-02-10,Google Paid Search,18,4,4,4,3,1858.27
2025-02-10,Facebook/Instagram Ads,34,6,4,1,0,1838.61
2025-02-10,YouTube Ads,14,3,2,1,0,593.71
2025-02-10,LinkedIn,6,3,2,2,1,935.95
2025-02-10,Webinar/Events,4,2,2,1,0,387.13
2025-02-11,College Partnership Drive,11,6,6,6,5,611.03
2025-02-11,Referral,3,2,2,2,0,57.62
2025-02-11,Organic Search,15,5,4,2,0,72.09
2025-02-11,Google Paid Search,33,8,7,5,2,3290.77
2025-02-11,Facebook/Instagram Ads,48,9,7,3,0,1862.84
2025-02-11,YouTube Ads,18,4,4,3,1,1123.94
2025-02-11,LinkedIn,1,0,0,0,0,92.91
2025-02-11,Webinar/Events,1,0,0,0,0,41.17
2025-02-12,College Partnership Drive,8,5,5,5,2,308.52
2025-02-12,Referral,4,3,3,3,1,97.36
2025-02-12,Organic Search,12,4,3,3,1,57.02
2025-02-12,Google Paid Search,18,5,2,2,1,2360.7
2025-02-12,Facebook/Instagram Ads,95,15,10,7,1,6202.78
2025-02-12,YouTube Ads,5,1,0,0,0,364.05
2025-02-12,LinkedIn,2,1,1,1,0,200.87
2025-02-12,Webinar/Events,9,5,5,3,0,628.83
2025-02-13,College Partnership Drive,11,8,8,8,3,607.91
2025-02-13,Referral,5,3,3,3,1,142.65
2025-02-13,Organic Search,12,4,3,3,1,22.62
2025-02-13,Google Paid Search,28,6,2,2,0,2527.85
2025-02-13,Facebook/Instagram Ads,54,9,6,3,1,4552.21
2025-02-13,YouTube Ads,17,3,2,2,1,1272.08
2025-02-13,LinkedIn,2,1,1,1,1,415.15
2025-02-13,Webinar/Events,11,6,6,6,2,835.71
2025-02-14,College Partnership Drive,9,6,4,4,2,449.61
2025-02-14,Referral,8,5,5,5,2,202.58
2025-02-14,Organic Search,2,1,1,1,1,6.13
2025-02-14,Google Paid Search,1,0,0,0,0,121.52
2025-02-14,Facebook/Instagram Ads,53,9,5,4,0,3184.89
2025-02-14,YouTube Ads,17,4,2,2,1,964.18
2025-02-14,LinkedIn,5,2,2,2,0,712.13
2025-02-14,Webinar/Events,0,0,0,0,0,0.0
2025-02-15,College Partnership Drive,11,7,7,7,3,318.99
2025-02-15,Referral,11,7,7,6,2,157.92
2025-02-15,Organic Search,14,5,5,5,4,8.08
2025-02-15,Google Paid Search,13,3,3,2,2,1443.87
2025-02-15,Facebook/Instagram Ads,54,9,4,3,2,1976.93
2025-02-15,YouTube Ads,1,0,0,0,0,36.48
2025-02-15,LinkedIn,7,3,2,2,0,1069.13
2025-02-15,Webinar/Events,9,4,3,2,2,760.62
2025-02-16,College Partnership Drive,8,6,6,6,3,389.29
2025-02-16,Referral,3,2,2,2,1,87.21
2025-02-16,Organic Search,21,8,4,4,2,91.68
2025-02-16,Google Paid Search,29,7,4,4,4,2708.52
2025-02-16,Facebook/Instagram Ads,36,6,3,2,1,2190.01
2025-02-16,YouTube Ads,32,6,6,6,2,1644.14
2025-02-16,LinkedIn,6,3,3,3,1,1099.08
2025-02-16,Webinar/Events,18,8,7,7,3,914.41
2025-02-17,College Partnership Drive,10,7,7,7,5,250.03
2025-02-17,Referral,1,1,1,1,0,23.03
2025-02-17,Organic Search,23,8,7,3,0,6.28
2025-02-17,Google Paid Search,13,3,2,2,1,1019.76
2025-02-17,Facebook/Instagram Ads,41,7,3,2,1,3674.0
2025-02-17,YouTube Ads,23,4,2,2,0,910.37
2025-02-17,LinkedIn,2,1,1,1,1,354.43
2025-02-17,Webinar/Events,2,1,1,1,0,179.98
2025-02-18,College Partnership Drive,14,8,8,8,3,714.64
2025-02-18,Referral,4,3,2,2,0,52.91
2025-02-18,Organic Search,21,7,6,5,4,15.72
2025-02-18,Google Paid Search,19,4,3,3,2,2599.08
2025-02-18,Facebook/Instagram Ads,40,6,3,2,1,3149.88
2025-02-18,YouTube Ads,11,2,0,0,0,520.74
2025-02-18,LinkedIn,7,3,3,3,2,1004.5
2025-02-18,Webinar/Events,5,3,3,3,1,263.68
2025-02-19,College Partnership Drive,10,7,7,5,3,320.29
2025-02-19,Referral,5,3,1,1,0,143.53
2025-02-19,Organic Search,18,6,4,4,2,30.18
2025-02-19,Google Paid Search,8,2,2,2,1,710.11
2025-02-19,Facebook/Instagram Ads,65,12,4,1,0,2476.17
2025-02-19,YouTube Ads,19,4,1,1,0,1173.39
2025-02-19,LinkedIn,2,0,0,0,0,417.82
2025-02-19,Webinar/Events,3,2,2,2,1,162.57
2025-02-20,College Partnership Drive,4,3,3,3,1,131.86
2025-02-20,Referral,7,4,4,4,3,74.85
2025-02-20,Organic Search,21,7,7,7,1,53.21
2025-02-20,Google Paid Search,20,5,5,4,2,1419.05
2025-02-20,Facebook/Instagram Ads,52,8,7,2,0,3954.1
2025-02-20,YouTube Ads,14,3,0,0,0,719.63
2025-02-20,LinkedIn,6,0,0,0,0,1307.58
2025-02-20,Webinar/Events,6,3,3,3,0,538.96
2025-02-21,College Partnership Drive,8,6,6,6,3,443.2
2025-02-21,Referral,6,4,4,4,1,94.27
2025-02-21,Organic Search,17,7,4,2,1,28.34
2025-02-21,Google Paid Search,30,8,7,7,3,3517.89
2025-02-21,Facebook/Instagram Ads,64,9,6,5,2,2616.98
2025-02-21,YouTube Ads,30,5,4,2,1,1323.99
2025-02-21,LinkedIn,7,3,2,2,2,1289.14
2025-02-21,Webinar/Events,6,3,3,3,1,462.35
2025-02-22,College Partnership Drive,5,4,4,3,2,233.99
2025-02-22,Referral,5,3,3,3,1,145.06
2025-02-22,Organic Search,2,1,1,1,0,6.86
2025-02-22,Google Paid Search,4,1,1,1,0,283.53
2025-02-22,Facebook/Instagram Ads,48,8,7,3,1,3384.87
2025-02-22,YouTube Ads,20,4,2,1,0,1392.44
2025-02-22,LinkedIn,2,1,1,1,0,355.06
2025-02-22,Webinar/Events,6,3,3,3,1,528.05
2025-02-23,College Partnership Drive,7,5,5,4,2,319.03
2025-02-23,Referral,5,3,3,3,1,146.58
2025-02-23,Organic Search,16,5,4,3,3,69.48
2025-02-23,Google Paid Search,12,3,2,1,0,1408.76
2025-02-23,Facebook/Instagram Ads,41,7,3,3,2,3116.97
2025-02-23,YouTube Ads,24,4,3,3,1,1672.17
2025-02-23,LinkedIn,2,0,0,0,0,192.42
2025-02-23,Webinar/Events,4,2,2,2,1,286.56
2025-02-24,College Partnership Drive,9,6,5,5,2,532.09
2025-02-24,Referral,5,3,2,2,0,95.35
2025-02-24,Organic Search,7,3,3,3,2,19.11
2025-02-24,Google Paid Search,13,3,2,1,0,1254.04
2025-02-24,Facebook/Instagram Ads,63,11,7,4,2,2209.1
2025-02-24,YouTube Ads,4,1,1,0,0,158.54
2025-02-24,LinkedIn,4,2,2,2,1,686.49
2025-02-24,Webinar/Events,9,5,4,3,2,464.96
2025-02-25,College Partnership Drive,3,2,2,2,2,115.92
2025-02-25,Referral,1,1,1,1,0,12.94
2025-02-25,Organic Search,5,2,2,1,1,23.22
2025-02-25,Google Paid Search,7,2,2,2,1,726.67
2025-02-25,Facebook/Instagram Ads,48,7,5,3,0,2690.67
2025-02-25,YouTube Ads,14,3,3,3,0,542.92
2025-02-25,LinkedIn,2,1,1,1,0,236.7
2025-02-25,Webinar/Events,2,1,1,1,1,138.32
2025-02-26,College Partnership Drive,10,6,6,4,2,373.47
2025-02-26,Referral,6,4,3,3,1,60.81
2025-02-26,Organic Search,8,3,3,2,2,34.58
2025-02-26,Google Paid Search,15,4,0,0,0,2077.8
2025-02-26,Facebook/Instagram Ads,38,7,5,2,0,2272.93
2025-02-26,YouTube Ads,10,2,0,0,0,727.53
2025-02-26,LinkedIn,2,1,1,1,0,229.88
2025-02-26,Webinar/Events,1,1,0,0,0,76.2
2025-02-27,College Partnership Drive,8,6,5,4,1,285.13
2025-02-27,Referral,6,4,3,3,1,104.76
2025-02-27,Organic Search,16,5,4,2,1,27.51
2025-02-27,Google Paid Search,26,7,7,6,3,2012.58
2025-02-27,Facebook/Instagram Ads,29,5,3,3,0,2527.34
2025-02-27,YouTube Ads,27,5,4,2,2,1086.9
2025-02-27,LinkedIn,5,2,2,2,1,760.35
2025-02-27,Webinar/Events,11,6,6,5,2,563.33
2025-02-28,College Partnership Drive,3,0,0,0,0,157.37
2025-02-28,Referral,3,0,0,0,0,37.13
2025-02-28,Organic Search,3,0,0,0,0,14.11
2025-02-28,Google Paid Search,0,0,0,0,0,0.0
2025-02-28,Facebook/Instagram Ads,1,0,0,0,0,44.97
2025-02-28,YouTube Ads,4,0,0,0,0,278.87
2025-02-28,LinkedIn,2,0,0,0,0,277.14
2025-02-28,Webinar/Events,4,0,0,0,0,169.92
2025-03-01,College Partnership Drive,8,5,3,3,1,208.07
2025-03-01,Referral,13,7,5,5,3,154.71
2025-03-01,Organic Search,5,2,2,2,0,13.99
2025-03-01,Google Paid Search,17,4,2,2,0,2362.44
2025-03-01,Facebook/Instagram Ads,33,5,2,1,0,1248.11
2025-03-01,YouTube Ads,10,2,1,0,0,329.41
2025-03-01,LinkedIn,5,2,2,2,1,903.14
2025-03-01,Webinar/Events,2,1,1,1,0,136.04
2025-03-02,College Partnership Drive,6,4,3,3,1,274.98
2025-03-02,Referral,3,2,1,1,0,43.57
2025-03-02,Organic Search,0,0,0,0,0,0.0
2025-03-02,Google Paid Search,15,4,4,2,1,1683.92
2025-03-02,Facebook/Instagram Ads,26,5,2,1,0,958.19
2025-03-02,YouTube Ads,11,2,2,0,0,433.52
2025-03-02,LinkedIn,5,2,2,2,2,499.26
2025-03-02,Webinar/Events,4,2,2,1,0,161.84
2025-03-03,College Partnership Drive,2,2,2,2,1,103.59
2025-03-03,Referral,7,4,4,4,1,189.28
2025-03-03,Organic Search,2,1,1,1,1,6.13
2025-03-03,Google Paid Search,14,3,3,3,1,1631.42
2025-03-03,Facebook/Instagram Ads,33,6,5,3,0,1205.8
2025-03-03,YouTube Ads,13,3,2,2,0,633.34
2025-03-03,LinkedIn,8,4,3,3,1,1400.44
2025-03-03,Webinar/Events,9,4,3,2,2,597.75
2025-03-04,College Partnership Drive,4,3,2,2,0,189.84
2025-03-04,Referral,12,7,4,4,3,278.06
2025-03-04,Organic Search,17,7,7,7,3,2.3
2025-03-04,Google Paid Search,15,4,3,2,0,1192.47
2025-03-04,Facebook/Instagram Ads,46,7,3,0,0,3979.25
2025-03-04,YouTube Ads,30,6,3,3,2,1286.88
2025-03-04,LinkedIn,2,0,0,0,0,185.03
2025-03-04,Webinar/Events,7,3,2,2,2,390.39
2025-03-05,College Partnership Drive,6,4,4,4,4,248.25
2025-03-05,Referral,4,3,3,3,3,102.32
2025-03-05,Organic Search,25,8,6,5,2,31.49
2025-03-05,Google Paid Search,22,5,4,4,1,1398.86
2025-03-05,Facebook/Instagram Ads,41,6,2,0,0,3286.66
2025-03-05,YouTube Ads,15,3,1,1,0,530.81
2025-03-05,LinkedIn,5,2,1,1,1,922.13
2025-03-05,Webinar/Events,1,1,1,1,1,57.45
2025-03-06,College Partnership Drive,9,7,6,4,2,475.35
2025-03-06,Referral,3,2,2,2,2,38.96
2025-03-06,Organic Search,2,1,1,1,0,2.9
2025-03-06,Google Paid Search,17,4,2,2,0,2075.67
2025-03-06,Facebook/Instagram Ads,55,9,7,5,0,4261.31
2025-03-06,YouTube Ads,10,2,2,1,1,508.12
2025-03-06,LinkedIn,7,3,3,3,3,931.79
2025-03-06,Webinar/Events,2,0,0,0,0,116.81
2025-03-07,College Partnership Drive,9,5,5,5,4,360.27
2025-03-07,Referral,7,4,4,4,2,186.12
2025-03-07,Organic Search,8,3,2,1,0,25.13
2025-03-07,Google Paid Search,8,2,1,1,0,743.42
2025-03-07,Facebook/Instagram Ads,33,5,3,1,0,1733.04
2025-03-07,YouTube Ads,17,3,3,3,1,628.87
2025-03-07,LinkedIn,2,0,0,0,0,313.2
2025-03-07,Webinar/Events,7,4,4,2,1,298.77
2025-03-08,College Partnership Drive,3,2,0,0,0,113.22
2025-03-08,Referral,4,3,3,3,1,116.58
2025-03-08,Organic Search,12,4,4,4,2,51.26
2025-03-08,Google Paid Search,9,2,2,2,0,1143.42
2025-03-08,Facebook/Instagram Ads,37,6,3,3,0,2080.55
2025-03-08,YouTube Ads,5,1,1,0,0,305.38
2025-03-08,LinkedIn,1,0,0,0,0,155.75
2025-03-08,Webinar/Events,5,3,2,2,1,218.16
2025-03-09,College Partnership Drive,10,6,6,6,4,540.75
2025-03-09,Referral,1,1,1,1,1,10.98
2025-03-09,Organic Search,20,6,4,4,3,79.4
2025-03-09,Google Paid Search,19,4,4,4,2,2621.84
2025-03-09,Facebook/Instagram Ads,44,7,2,1,0,2014.32
2025-03-09,YouTube Ads,4,1,1,1,1,197.25
2025-03-09,LinkedIn,7,3,2,2,0,1229.7
2025-03-09,Webinar/Events,4,2,1,1,1,215.41
2025-03-10,College Partnership Drive,5,4,4,4,0,145.91
2025-03-10,Referral,4,3,3,3,1,43.12
2025-03-10,Organic Search,23,7,5,4,1,78.33
2025-03-10,Google Paid Search,14,4,3,3,2,1847.24
2025-03-10,Facebook/Instagram Ads,10,2,1,0,0,658.23
2025-03-10,YouTube Ads,4,1,0,0,0,218.94
2025-03-10,LinkedIn,2,1,1,1,1,297.42
2025-03-10,Webinar/Events,6,3,2,2,1,364.49
2025-03-11,College Partnership Drive,10,6,5,5,3,487.95
2025-03-11,Referral,1,0,0,0,0,20.36
2025-03-11,Organic Search,2,1,0,0,0,7.83
2025-03-11,Google Paid Search,28,8,4,3,0,2637.81
2025-03-11,Facebook/Instagram Ads,27,5,2,1,1,1200.61
2025-03-11,YouTube Ads,19,4,3,3,1,1038.42
2025-03-11,LinkedIn,5,2,2,2,1,1069.01
2025-03-11,Webinar/Events,6,3,2,2,0,258.48
2025-03-12,College Partnership Drive,7,5,3,3,2,244.36
2025-03-12,Referral,8,5,5,5,2,196.18
2025-03-12,Organic Search,6,2,2,1,1,1.9
2025-03-12,Google Paid Search,10,3,3,3,0,1134.48
2025-03-12,Facebook/Instagram Ads,22,4,3,2,1,1438.63
2025-03-12,YouTube Ads,13,3,3,2,1,749.77
2025-03-12,LinkedIn,5,2,2,2,1,692.51
2025-03-12,Webinar/Events,6,3,3,1,0,443.25
2025-03-13,College Partnership Drive,7,5,5,5,2,277.16
2025-03-13,Referral,3,2,2,2,1,73.38
2025-03-13,Organic Search,15,5,4,4,3,57.1
2025-03-13,Google Paid Search,7,2,1,1,1,466.76
2025-03-13,Facebook/Instagram Ads,10,2,1,0,0,664.21
2025-03-13,YouTube Ads,14,3,1,1,0,964.29
2025-03-13,LinkedIn,5,2,2,2,0,696.99
2025-03-13,Webinar/Events,2,1,1,1,0,119.54
2025-03-14,College Partnership Drive,4,3,1,1,0,216.56
2025-03-14,Referral,3,2,2,2,2,58.13
2025-03-14,Organic Search,2,1,1,1,0,4.24
2025-03-14,Google Paid Search,4,1,0,0,0,413.85
2025-03-14,Facebook/Instagram Ads,28,4,3,3,1,1529.35
2025-03-14,YouTube Ads,4,1,1,1,0,266.57
2025-03-14,LinkedIn,7,3,3,3,2,811.5
2025-03-14,Webinar/Events,2,1,1,1,0,132.09
2025-03-15,College Partnership Drive,1,1,1,1,0,26.87
2025-03-15,Referral,5,4,4,4,0,134.45
2025-03-15,Organic Search,7,3,2,2,1,32.2
2025-03-15,Google Paid Search,18,5,4,3,2,1448.88
2025-03-15,Facebook/Instagram Ads,6,1,0,0,0,316.88
2025-03-15,YouTube Ads,11,2,2,2,1,513.57
2025-03-15,LinkedIn,2,1,1,1,1,319.8
2025-03-15,Webinar/Events,6,3,2,2,1,394.36
2025-03-16,College Partnership Drive,7,4,4,3,3,404.85
2025-03-16,Referral,3,2,2,2,1,42.16
2025-03-16,Organic Search,8,3,3,3,1,36.1
2025-03-16,Google Paid Search,14,4,3,0,0,1320.18
2025-03-16,Facebook/Instagram Ads,36,6,2,0,0,1348.34
2025-03-16,YouTube Ads,5,1,0,0,0,351.34
2025-03-16,LinkedIn,2,1,1,1,0,395.32
2025-03-16,Webinar/Events,2,1,1,1,0,196.7
2025-03-17,College Partnership Drive,4,3,3,3,1,110.25
2025-03-17,Referral,4,3,3,3,0,111.61
2025-03-17,Organic Search,18,6,5,4,2,62.59
2025-03-17,Google Paid Search,9,2,1,1,0,1250.36
2025-03-17,Facebook/Instagram Ads,46,8,3,1,0,2074.32
2025-03-17,YouTube Ads,18,4,2,0,0,755.69
2025-03-17,LinkedIn,2,1,1,1,1,234.98
2025-03-17,Webinar/Events,4,2,2,2,1,294.86
2025-03-18,College Partnership Drive,4,3,3,3,0,238.83
2025-03-18,Referral,9,6,6,6,1,261.3
2025-03-18,Organic Search,5,2,2,2,1,3.82
2025-03-18,Google Paid Search,14,3,2,2,1,1137.8
2025-03-18,Facebook/Instagram Ads,34,5,3,2,0,2953.98
2025-03-18,YouTube Ads,9,2,0,0,0,278.77
2025-03-18,LinkedIn,4,2,2,2,1,431.65
2025-03-18,Webinar/Events,11,6,5,5,1,553.04
2025-03-19,College Partnership Drive,8,6,6,6,5,465.95
2025-03-19,Referral,3,0,0,0,0,36.55
2025-03-19,Organic Search,6,2,1,1,1,28.98
2025-03-19,Google Paid Search,8,2,2,1,0,1067.3
2025-03-19,Facebook/Instagram Ads,12,2,1,1,1,764.93
2025-03-19,YouTube Ads,27,5,5,3,1,1527.37
2025-03-19,LinkedIn,2,1,1,1,0,209.68
2025-03-19,Webinar/Events,2,1,1,0,0,86.44
2025-03-20,College Partnership Drive,8,6,5,5,2,301.7
2025-03-20,Referral,1,1,1,1,1,22.75
2025-03-20,Organic Search,12,5,5,3,1,10.94
2025-03-20,Google Paid Search,11,3,3,3,1,1154.03
2025-03-20,Facebook/Instagram Ads,54,8,5,0,0,3722.4
2025-03-20,YouTube Ads,5,1,0,0,0,170.18
2025-03-20,LinkedIn,2,0,0,0,0,225.03
2025-03-20,Webinar/Events,4,2,2,2,0,213.6
2025-03-21,College Partnership Drive,3,2,2,2,0,113.6
2025-03-21,Referral,1,0,0,0,0,26.92
2025-03-21,Organic Search,10,4,3,1,0,15.59
2025-03-21,Google Paid Search,13,3,2,2,0,1539.63
2025-03-21,Facebook/Instagram Ads,38,6,5,1,0,3382.36
2025-03-21,YouTube Ads,4,1,1,1,0,294.14
2025-03-21,LinkedIn,2,1,1,0,0,283.19
2025-03-21,Webinar/Events,3,0,0,0,0,227.8
2025-03-22,College Partnership Drive,3,2,2,2,0,86.71
2025-03-22,Referral,5,3,2,2,1,144.51
2025-03-22,Organic Search,8,3,2,2,2,33.53
2025-03-22,Google Paid Search,11,3,2,2,1,1051.7
2025-03-22,Facebook/Instagram Ads,42,7,5,2,1,1909.92
2025-03-22,YouTube Ads,5,1,0,0,0,286.61
2025-03-22,LinkedIn,8,4,3,3,2,1152.85
2025-03-22,Webinar/Events,4,2,2,2,0,280.99
2025-03-23,College Partnership Drive,7,5,5,4,1,358.25
2025-03-23,Referral,1,1,1,1,1,18.77
2025-03-23,Organic Search,6,2,2,2,1,21.67
2025-03-23,Google Paid Search,23,5,3,3,2,1581.76
2025-03-23,Facebook/Instagram Ads,11,2,0,0,0,912.48
2025-03-23,YouTube Ads,29,6,2,1,0,1954.41
2025-03-23,LinkedIn,11,5,5,5,4,1899.42
2025-03-23,Webinar/Events,2,1,0,0,0,126.34
2025-03-24,College Partnership Drive,8,5,4,4,2,424.56
2025-03-24,Referral,8,5,3,3,2,116.18
2025-03-24,Organic Search,10,4,3,3,1,17.06
2025-03-24,Google Paid Search,17,5,4,4,1,1786.84
2025-03-24,Facebook/Instagram Ads,36,6,5,4,2,1639.62
2025-03-24,YouTube Ads,20,4,1,0,0,609.15
2025-03-24,LinkedIn,5,2,2,0,0,1089.88
2025-03-24,Webinar/Events,7,4,3,3,2,642.72
2025-03-25,College Partnership Drive,6,4,4,4,1,331.15
2025-03-25,Referral,6,4,2,2,2,148.18
2025-03-25,Organic Search,6,2,2,2,2,3.75
2025-03-25,Google Paid Search,13,3,3,2,1,1735.18
2025-03-25,Facebook/Instagram Ads,57,10,6,5,2,4060.5
2025-03-25,YouTube Ads,29,5,4,2,0,1642.85
2025-03-25,LinkedIn,3,0,0,0,0,472.68
2025-03-25,Webinar/Events,4,2,2,2,1,190.03
2025-03-26,College Partnership Drive,10,6,6,6,5,564.93
2025-03-26,Referral,5,3,2,2,1,114.36
2025-03-26,Organic Search,19,6,5,5,3,19.41
2025-03-26,Google Paid Search,15,4,3,2,1,1865.48
2025-03-26,Facebook/Instagram Ads,69,11,9,7,5,6116.06
2025-03-26,YouTube Ads,9,2,2,2,0,465.82
2025-03-26,LinkedIn,2,1,1,1,0,418.07
2025-03-26,Webinar/Events,1,1,0,0,0,51.02
2025-03-27,College Partnership Drive,3,2,1,1,1,175.3
2025-03-27,Referral,11,7,7,7,6,143.96
2025-03-27,Organic Search,5,2,1,1,1,9.26
2025-03-27,Google Paid Search,2,0,0,0,0,182.28
2025-03-27,Facebook/Instagram Ads,19,3,2,1,1,772.78
2025-03-27,YouTube Ads,4,1,0,0,0,125.7
2025-03-27,LinkedIn,1,0,0,0,0,168.29
2025-03-27,Webinar/Events,11,5,5,5,1,494.19
2025-03-28,College Partnership Drive,2,0,0,0,0,115.36
2025-03-28,Referral,1,0,0,0,0,23.21
2025-03-28,Organic Search,2,0,0,0,0,9.53
2025-03-28,Google Paid Search,3,0,0,0,0,198.85
2025-03-28,Facebook/Instagram Ads,1,0,0,0,0,67.04
2025-03-28,YouTube Ads,0,0,0,0,0,0.0
2025-03-28,LinkedIn,1,0,0,0,0,200.99
2025-03-28,Webinar/Events,1,0,0,0,0,49.84
2025-03-29,College Partnership Drive,0,0,0,0,0,0.0
2025-03-29,Referral,3,0,0,0,0,51.96
2025-03-29,Organic Search,4,0,0,0,0,6.52
2025-03-29,Google Paid Search,2,0,0,0,0,248.56
2025-03-29,Facebook/Instagram Ads,4,0,0,0,0,175.5
2025-03-29,YouTube Ads,1,0,0,0,0,40.9
2025-03-29,LinkedIn,2,0,0,0,0,215.72
2025-03-29,Webinar/Events,2,0,0,0,0,95.67
2025-03-30,College Partnership Drive,0,0,0,0,0,0.0
2025-03-30,Referral,0,0,0,0,0,0.0
2025-03-30,Organic Search,2,0,0,0,0,1.65
2025-03-30,Google Paid Search,1,0,0,0,0,77.46
2025-03-30,Facebook/Instagram Ads,4,0,0,0,0,327.05
2025-03-30,YouTube Ads,1,0,0,0,0,63.72
2025-03-30,LinkedIn,4,0,0,0,0,711.65
2025-03-30,Webinar/Events,0,0,0,0,0,0.0
2025-03-31,College Partnership Drive,2,0,0,0,0,68.38
2025-03-31,Referral,2,0,0,0,0,53.45
2025-03-31,Organic Search,0,0,0,0,0,0.0
2025-03-31,Google Paid Search,2,0,0,0,0,212.29
2025-03-31,Facebook/Instagram Ads,0,0,0,0,0,0.0
2025-03-31,YouTube Ads,1,0,0,0,0,69.49
2025-03-31,LinkedIn,1,0,0,0,0,109.25
2025-03-31,Webinar/Events,2,0,0,0,0,109.76
2025-04-01,College Partnership Drive,6,4,4,4,3,193.31
2025-04-01,Referral,3,2,2,2,0,79.54
2025-04-01,Organic Search,13,5,4,4,3,37.94
2025-04-01,Google Paid Search,4,1,1,1,1,390.51
2025-04-01,Facebook/Instagram Ads,45,7,6,4,1,2572.34
2025-04-01,YouTube Ads,26,5,0,0,0,1684.36
2025-04-01,LinkedIn,4,2,2,2,2,639.29
2025-04-01,Webinar/Events,4,2,1,1,0,175.45
2025-04-02,College Partnership Drive,6,4,4,4,2,233.83
2025-04-02,Referral,5,3,3,2,1,59.85
2025-04-02,Organic Search,15,6,6,6,4,73.43
2025-04-02,Google Paid Search,18,4,3,1,0,2266.07
2025-04-02,Facebook/Instagram Ads,33,5,3,0,0,2038.56
2025-04-02,YouTube Ads,15,3,1,1,0,962.07
2025-04-02,LinkedIn,10,4,4,4,1,1046.03
2025-04-02,Webinar/Events,7,4,2,2,0,557.17
2025-04-03,College Partnership Drive,12,7,6,5,3,540.25
2025-04-03,Referral,4,3,3,3,0,81.57
2025-04-03,Organic Search,5,2,0,0,0,11.03
2025-04-03,Google Paid Search,25,6,4,3,1,1583.52
2025-04-03,Facebook/Instagram Ads,48,8,4,2,1,4285.3
2025-04-03,YouTube Ads,3,0,0,0,0,186.3
2025-04-03,LinkedIn,5,2,2,2,1,534.99
2025-04-03,Webinar/Events,12,5,5,4,1,681.0
2025-04-04,College Partnership Drive,6,4,4,4,2,209.05
2025-04-04,Referral,5,3,2,2,2,143.83
2025-04-04,Organic Search,30,10,6,5,2,26.13
2025-04-04,Google Paid Search,19,5,1,1,0,1933.21
2025-04-04,Facebook/Instagram Ads,23,4,2,1,0,2005.38
2025-04-04,YouTube Ads,9,2,2,2,0,619.01
2025-04-04,LinkedIn,10,4,3,3,1,1968.5
2025-04-04,Webinar/Events,14,6,4,4,3,1169.79
2025-04-05,College Partnership Drive,8,5,5,4,2,238.38
2025-04-05,Referral,6,4,4,2,1,131.92
2025-04-05,Organic Search,3,1,1,1,0,4.65
2025-04-05,Google Paid Search,26,6,5,4,3,1667.75
2025-04-05,Facebook/Instagram Ads,35,5,4,2,0,1665.29
2025-04-05,YouTube Ads,5,1,1,1,0,161.4
2025-04-05,LinkedIn,9,4,4,4,0,1056.77
2025-04-05,Webinar/Events,2,0,0,0,0,157.01
2025-04-06,College Partnership Drive,8,6,6,6,2,240.75
2025-04-06,Referral,8,5,5,5,4,97.5
2025-04-06,Organic Search,3,1,1,1,1,9.07
2025-04-06,Google Paid Search,7,2,2,2,1,768.57
2025-04-06,Facebook/Instagram Ads,18,3,2,2,1,787.67
2025-04-06,YouTube Ads,10,2,1,1,1,560.77
2025-04-06,LinkedIn,5,2,0,0,0,923.1
2025-04-06,Webinar/Events,11,5,3,2,1,473.17
2025-04-07,College Partnership Drive,3,2,2,2,0,153.47
2025-04-07,Referral,4,3,3,3,2,84.37
2025-04-07,Organic Search,11,4,3,3,2,9.3
2025-04-07,Google Paid Search,24,6,5,5,4,1452.92
2025-04-07,Facebook/Instagram Ads,32,6,3,2,0,2363.87
2025-04-07,YouTube Ads,19,4,2,0,0,691.11
2025-04-07,LinkedIn,2,1,1,1,0,238.94
2025-04-07,Webinar/Events,9,5,2,2,0,422.99
2025-04-08,College Partnership Drive,4,3,3,3,1,191.58
2025-04-08,Referral,8,5,5,5,1,145.24
2025-04-08,Organic Search,15,5,4,4,0,3.2
2025-04-08,Google Paid Search,4,1,1,1,0,383.04
2025-04-08,Facebook/Instagram Ads,34,6,5,4,1,1707.12
2025-04-08,YouTube Ads,23,5,1,1,1,1062.23
2025-04-08,LinkedIn,2,1,1,1,1,333.62
2025-04-08,Webinar/Events,4,2,2,2,0,217.84
2025-04-09,College Partnership Drive,4,3,2,1,0,150.02
2025-04-09,Referral,4,3,3,3,1,70.26
2025-04-09,Organic Search,20,7,7,6,3,44.33
2025-04-09,Google Paid Search,23,5,3,3,1,2576.92
2025-04-09,Facebook/Instagram Ads,10,2,1,0,0,612.61
2025-04-09,YouTube Ads,6,1,1,1,0,248.48
2025-04-09,LinkedIn,10,4,3,3,2,1944.48
2025-04-09,Webinar/Events,4,2,2,1,1,267.17
2025-04-10,College Partnership Drive,9,6,5,5,3,477.11
2025-04-10,Referral,7,4,4,4,4,122.93
2025-04-10,Organic Search,12,4,4,4,1,29.67
2025-04-10,Google Paid Search,7,2,2,2,0,615.47
2025-04-10,Facebook/Instagram Ads,53,8,6,2,2,4094.34
2025-04-10,YouTube Ads,17,3,2,1,0,1134.24
2025-04-10,LinkedIn,2,1,1,1,0,378.79
2025-04-10,Webinar/Events,4,2,2,2,1,193.23
2025-04-11,College Partnership Drive,5,4,4,4,1,272.72
2025-04-11,Referral,5,3,3,3,2,133.96
2025-04-11,Organic Search,13,4,2,2,1,51.21
2025-04-11,Google Paid Search,18,4,3,3,3,1800.72
2025-04-11,Facebook/Instagram Ads,48,9,4,2,2,3159.65
2025-04-11,YouTube Ads,17,3,2,1,0,1076.73
2025-04-11,LinkedIn,5,2,2,2,2,500.13
2025-04-11,Webinar/Events,10,5,4,3,2,840.44
2025-04-12,College Partnership Drive,6,4,4,3,2,271.98
2025-04-12,Referral,4,3,3,3,1,102.3
2025-04-12,Organic Search,16,5,5,5,3,21.83
2025-04-12,Google Paid Search,21,5,4,2,1,2179.72
2025-04-12,Facebook/Instagram Ads,49,9,4,2,0,3351.79
2025-04-12,YouTube Ads,16,3,0,0,0,884.13
2025-04-12,LinkedIn,2,1,1,1,0,369.79
2025-04-12,Webinar/Events,8,4,3,3,1,360.67
2025-04-13,College Partnership Drive,5,3,3,3,1,207.26
2025-04-13,Referral,3,2,2,2,0,83.76
2025-04-13,Organic Search,11,4,3,2,2,50.6
2025-04-13,Google Paid Search,8,2,1,1,0,689.65
2025-04-13,Facebook/Instagram Ads,31,5,3,1,0,2700.11
2025-04-13,YouTube Ads,17,3,1,1,0,1140.44
2025-04-13,LinkedIn,2,1,1,1,0,392.97
2025-04-13,Webinar/Events,9,4,3,3,3,736.51
2025-04-14,College Partnership Drive,5,4,4,4,3,141.36
2025-04-14,Referral,4,3,3,3,1,48.95
2025-04-14,Organic Search,5,2,1,1,0,10.77
2025-04-14,Google Paid Search,1,0,0,0,0,105.06
2025-04-14,Facebook/Instagram Ads,36,6,4,3,0,2864.57
2025-04-14,YouTube Ads,5,1,1,1,0,170.9
2025-04-14,LinkedIn,2,1,1,1,0,266.7
2025-04-14,Webinar/Events,2,1,0,0,0,107.11
2025-04-15,College Partnership Drive,10,6,6,6,5,354.72
2025-04-15,Referral,11,6,5,5,5,216.97
2025-04-15,Organic Search,20,8,7,6,4,18.7
2025-04-15,Google Paid Search,9,2,1,1,1,1182.78
2025-04-15,Facebook/Instagram Ads,67,10,5,5,3,3866.35
2025-04-15,YouTube Ads,9,2,2,1,0,367.93
2025-04-15,LinkedIn,7,3,3,3,1,1453.62
2025-04-15,Webinar/Events,4,2,2,1,0,354.04
2025-04-16,College Partnership Drive,6,4,4,4,2,163.68
2025-04-16,Referral,4,3,3,3,2,92.8
2025-04-16,Organic Search,13,5,5,5,2,22.01
2025-04-16,Google Paid Search,27,6,4,4,1,3423.08
2025-04-16,Facebook/Instagram Ads,57,8,7,4,2,4359.19
2025-04-16,YouTube Ads,22,4,2,0,0,1100.66
2025-04-16,LinkedIn,2,1,1,1,1,362.79
2025-04-16,Webinar/Events,7,4,3,3,2,545.28
2025-04-17,College Partnership Drive,5,4,4,4,1,200.16
2025-04-17,Referral,8,5,4,4,3,166.92
2025-04-17,Organic Search,6,2,2,2,0,28.61
2025-04-17,Google Paid Search,26,6,4,2,1,2824.06
2025-04-17,Facebook/Instagram Ads,62,9,5,1,0,5148.95
2025-04-17,YouTube Ads,13,3,0,0,0,672.89
2025-04-17,LinkedIn,4,2,2,2,0,518.23
2025-04-17,Webinar/Events,5,3,3,2,2,455.11
2025-04-18,College Partnership Drive,6,4,4,4,2,274.79
2025-04-18,Referral,6,4,4,3,3,132.0
2025-04-18,Organic Search,8,3,2,2,2,22.38
2025-04-18,Google Paid Search,10,3,2,2,0,705.44
2025-04-18,Facebook/Instagram Ads,61,9,5,3,0,5230.85
2025-04-18,YouTube Ads,14,3,3,2,1,748.77
2025-04-18,LinkedIn,2,1,1,1,0,402.61
2025-04-18,Webinar/Events,7,4,4,3,0,586.52
2025-04-19,College Partnership Drive,9,5,5,5,1,357.76
2025-04-19,Referral,8,6,5,4,3,172.62
2025-04-19,Organic Search,9,3,3,2,1,11.56
2025-04-19,Google Paid Search,15,4,3,3,0,1506.56
2025-04-19,Facebook/Instagram Ads,36,6,2,2,0,2801.55
2025-04-19,YouTube Ads,38,7,5,2,0,1874.97
2025-04-19,LinkedIn,5,2,2,1,1,1058.26
2025-04-19,Webinar/Events,7,3,3,3,2,422.26
2025-04-20,College Partnership Drive,10,6,6,4,4,365.08
2025-04-20,Referral,5,3,3,3,2,92.55
2025-04-20,Organic Search,5,2,0,0,0,20.95
2025-04-20,Google Paid Search,11,3,3,3,2,1067.98
2025-04-20,Facebook/Instagram Ads,22,4,2,1,1,1088.76
2025-04-20,YouTube Ads,23,4,2,1,0,876.34
2025-04-20,LinkedIn,7,3,3,2,1,820.2
2025-04-20,Webinar/Events,4,2,2,1,0,185.84
2025-04-21,College Partnership Drive,5,3,3,3,2,244.64
2025-04-21,Referral,6,4,4,4,2,91.08
2025-04-21,Organic Search,5,2,1,1,1,4.47
2025-04-21,Google Paid Search,12,3,2,2,2,1396.03
2025-04-21,Facebook/Instagram Ads,49,8,7,3,0,3778.55
2025-04-21,YouTube Ads,4,1,0,0,0,225.22
2025-04-21,LinkedIn,2,1,1,1,1,389.06
2025-04-21,Webinar/Events,10,5,4,4,1,742.05
2025-04-22,College Partnership Drive,9,6,5,4,0,494.27
2025-04-22,Referral,6,4,4,4,2,61.95
2025-04-22,Organic Search,16,5,4,4,2,17.6
2025-04-22,Google Paid Search,9,2,2,2,0,789.34
2025-04-22,Facebook/Instagram Ads,36,6,2,1,0,2460.12
2025-04-22,YouTube Ads,3,0,0,0,0,105.9
2025-04-22,LinkedIn,5,2,2,2,1,1093.91
2025-04-22,Webinar/Events,7,3,3,2,1,438.08
2025-04-23,College Partnership Drive,6,4,4,4,2,206.9
2025-04-23,Referral,7,5,5,5,1,180.4
2025-04-23,Organic Search,11,4,3,3,1,19.54
2025-04-23,Google Paid Search,16,4,4,2,1,1234.37
2025-04-23,Facebook/Instagram Ads,50,8,5,1,0,3291.07
2025-04-23,YouTube Ads,5,1,1,0,0,307.15
2025-04-23,LinkedIn,4,2,2,2,2,818.72
2025-04-23,Webinar/Events,4,2,2,1,1,378.7
2025-04-24,College Partnership Drive,9,5,5,4,2,290.69
2025-04-24,Referral,1,1,1,0,0,10.66
2025-04-24,Organic Search,2,0,0,0,0,3.44
2025-04-24,Google Paid Search,16,4,2,2,0,2062.16
2025-04-24,Facebook/Instagram Ads,33,6,4,1,0,2912.78
2025-04-24,YouTube Ads,6,0,0,0,0,357.8
2025-04-24,LinkedIn,3,0,0,0,0,298.2
2025-04-24,Webinar/Events,3,2,2,2,0,277.68
2025-04-25,College Partnership Drive,10,7,7,7,3,536.49
2025-04-25,Referral,3,2,2,2,0,31.59
2025-04-25,Organic Search,2,1,1,1,1,7.74
2025-04-25,Google Paid Search,29,7,4,4,3,2460.78
2025-04-25,Facebook/Instagram Ads,52,9,6,4,0,4559.08
2025-04-25,YouTube Ads,24,4,3,3,0,1406.49
2025-04-25,LinkedIn,2,1,1,1,0,223.6
2025-04-25,Webinar/Events,6,3,3,3,1,530.05
2025-04-26,College Partnership Drive,5,3,2,2,1,165.03
2025-04-26,Referral,14,8,6,6,3,255.48
2025-04-26,Organic Search,2,1,1,1,1,4.56
2025-04-26,Google Paid Search,10,3,3,3,1,990.47
2025-04-26,Facebook/Instagram Ads,43,6,3,2,0,3555.26
2025-04-26,YouTube Ads,19,4,3,3,0,1003.22
2025-04-26,LinkedIn,4,2,1,1,1,859.7
2025-04-26,Webinar/Events,2,1,1,0,0,80.95
2025-04-27,College Partnership Drive,5,3,3,3,2,126.47
2025-04-27,Referral,3,2,2,2,2,54.75
2025-04-27,Organic Search,17,7,6,6,3,14.3
2025-04-27,Google Paid Search,17,4,3,3,1,1129.64
2025-04-27,Facebook/Instagram Ads,31,6,3,2,0,2661.67
2025-04-27,YouTube Ads,25,5,2,1,1,1050.06
2025-04-27,LinkedIn,4,0,0,0,0,367.62
2025-04-27,Webinar/Events,2,1,1,1,1,105.63
2025-04-28,College Partnership Drive,2,0,0,0,0,65.67
2025-04-28,Referral,1,0,0,0,0,14.48
2025-04-28,Organic Search,0,0,0,0,0,0.0
2025-04-28,Google Paid Search,3,0,0,0,0,360.3
2025-04-28,Facebook/Instagram Ads,5,0,0,0,0,285.79
2025-04-28,YouTube Ads,2,0,0,0,0,115.47
2025-04-28,LinkedIn,1,0,0,0,0,90.29
2025-04-28,Webinar/Events,2,0,0,0,0,129.52
2025-04-29,College Partnership Drive,3,0,0,0,0,88.99
2025-04-29,Referral,0,0,0,0,0,0.0
2025-04-29,Organic Search,7,0,0,0,0,24.99
2025-04-29,Google Paid Search,3,0,0,0,0,414.13
2025-04-29,Facebook/Instagram Ads,0,0,0,0,0,0.0
2025-04-29,YouTube Ads,2,0,0,0,0,109.64
2025-04-29,LinkedIn,1,0,0,0,0,213.23
2025-04-29,Webinar/Events,1,0,0,0,0,41.94
2025-04-30,College Partnership Drive,3,0,0,0,0,101.32
2025-04-30,Referral,3,0,0,0,0,85.77
2025-04-30,Organic Search,0,0,0,0,0,0.0
2025-04-30,Google Paid Search,2,0,0,0,0,178.56
2025-04-30,Facebook/Instagram Ads,2,0,0,0,0,78.83
2025-04-30,YouTube Ads,2,0,0,0,0,148.81
2025-04-30,LinkedIn,2,0,0,0,0,337.69
2025-04-30,Webinar/Events,0,0,0,0,0,0.0
2025-05-01,College Partnership Drive,7,5,5,5,0,291.63
2025-05-01,Referral,4,3,3,3,1,104.12
2025-05-01,Organic Search,40,12,7,7,2,146.97
2025-05-01,Google Paid Search,28,7,6,4,2,1846.3
2025-05-01,Facebook/Instagram Ads,52,9,7,6,0,4181.1
2025-05-01,YouTube Ads,33,7,2,1,1,1195.78
2025-05-01,LinkedIn,16,6,4,4,2,2524.83
2025-05-01,Webinar/Events,5,3,3,2,1,202.82
2025-05-02,College Partnership Drive,12,9,9,9,3,607.26
2025-05-02,Referral,3,2,2,2,1,73.2
2025-05-02,Organic Search,14,5,3,3,1,65.87
2025-05-02,Google Paid Search,30,8,8,5,2,2467.64
2025-05-02,Facebook/Instagram Ads,72,12,9,6,2,3225.57
2025-05-02,YouTube Ads,19,4,4,1,0,814.45
2025-05-02,LinkedIn,4,2,2,2,2,800.4
2025-05-02,Webinar/Events,6,3,3,3,2,373.74
2025-05-03,College Partnership Drive,8,5,5,5,2,396.09
2025-05-03,Referral,10,6,6,6,2,140.64
2025-05-03,Organic Search,23,9,9,6,5,110.73
2025-05-03,Google Paid Search,27,7,5,5,1,1694.11
2025-05-03,Facebook/Instagram Ads,75,11,8,5,2,3786.02
2025-05-03,YouTube Ads,4,1,1,1,0,200.35
2025-05-03,LinkedIn,1,0,0,0,0,112.3
2025-05-03,Webinar/Events,10,5,4,3,2,971.02
2025-05-04,College Partnership Drive,14,8,8,7,5,759.65
2025-05-04,Referral,8,5,5,4,1,87.12
2025-05-04,Organic Search,26,9,7,6,0,18.22
2025-05-04,Google Paid Search,16,4,3,2,1,1857.17
2025-05-04,Facebook/Instagram Ads,49,7,6,1,0,2298.05
2025-05-04,YouTube Ads,11,2,1,1,0,492.7
2025-05-04,LinkedIn,4,2,2,2,0,814.85
2025-05-04,Webinar/Events,9,4,2,2,2,896.45
2025-05-05,College Partnership Drive,7,4,3,2,0,352.5
2025-05-05,Referral,7,4,4,4,2,91.08
2025-05-05,Organic Search,13,4,4,3,2,35.06
2025-05-05,Google Paid Search,18,4,4,3,2,1605.47
2025-05-05,Facebook/Instagram Ads,59,9,7,4,0,4339.19
2025-05-05,YouTube Ads,15,3,1,1,0,996.41
2025-05-05,LinkedIn,5,2,2,2,2,964.99
2025-05-05,Webinar/Events,6,3,2,1,1,585.82
2025-05-06,College Partnership Drive,4,3,3,2,2,216.96
2025-05-06,Referral,11,6,6,6,3,303.78
2025-05-06,Organic Search,16,5,5,4,3,28.21
2025-05-06,Google Paid Search,11,3,1,0,0,1305.65
2025-05-06,Facebook/Instagram Ads,32,6,3,1,0,1727.73
2025-05-06,YouTube Ads,21,4,3,2,0,1147.59
2025-05-06,LinkedIn,2,1,1,1,0,435.51
2025-05-06,Webinar/Events,16,8,8,7,1,643.62
2025-05-07,College Partnership Drive,6,4,4,4,3,349.73
2025-05-07,Referral,6,4,4,4,1,83.49
2025-05-07,Organic Search,20,6,6,6,1,20.67
2025-05-07,Google Paid Search,8,2,1,1,1,1109.77
2025-05-07,Facebook/Instagram Ads,44,7,4,4,0,3382.09
2025-05-07,YouTube Ads,33,6,4,1,0,1712.35
2025-05-07,LinkedIn,2,1,1,1,1,328.03
2025-05-07,Webinar/Events,11,6,4,3,2,605.44
2025-05-08,College Partnership Drive,9,6,6,6,2,290.63
2025-05-08,Referral,1,1,1,1,1,22.69
2025-05-08,Organic Search,18,7,5,4,1,73.41
2025-05-08,Google Paid Search,29,8,2,2,2,2425.75
2025-05-08,Facebook/Instagram Ads,33,5,1,1,0,1571.14
2025-05-08,YouTube Ads,12,2,2,2,1,551.17
2025-05-08,LinkedIn,2,1,1,1,0,425.23
2025-05-08,Webinar/Events,7,4,2,2,1,647.62
2025-05-09,College Partnership Drive,6,4,4,3,1,220.5
2025-05-09,Referral,14,9,8,8,3,271.85
2025-05-09,Organic Search,10,3,3,3,2,44.49
2025-05-09,Google Paid Search,11,3,3,2,1,1158.27
2025-05-09,Facebook/Instagram Ads,52,8,4,4,0,4032.47
2025-05-09,YouTube Ads,10,2,0,0,0,382.36
2025-05-09,LinkedIn,4,2,2,2,1,750.06
2025-05-09,Webinar/Events,10,5,5,5,2,551.59
2025-05-10,College Partnership Drive,9,7,6,6,4,427.97
2025-05-10,Referral,7,5,5,5,3,98.29
2025-05-10,Organic Search,13,4,2,2,0,26.1
2025-05-10,Google Paid Search,14,4,3,2,1,1726.81
2025-05-10,Facebook/Instagram Ads,62,10,5,3,0,3772.65
2025-05-10,YouTube Ads,34,6,4,3,1,2207.0
2025-05-10,LinkedIn,7,3,3,3,1,718.67
2025-05-10,Webinar/Events,4,2,2,2,2,330.06
2025-05-11,College Partnership Drive,8,5,5,5,4,387.48
2025-05-11,Referral,10,6,5,5,2,130.89
2025-05-11,Organic Search,20,8,2,2,1,2.59
2025-05-11,Google Paid Search,51,11,9,6,3,3229.05
2025-05-11,Facebook/Instagram Ads,73,11,6,3,2,4866.5
2025-05-11,YouTube Ads,11,2,1,0,0,431.85
2025-05-11,LinkedIn,2,1,1,1,0,341.67
2025-05-11,Webinar/Events,6,3,0,0,0,267.54
2025-05-12,College Partnership Drive,10,7,6,6,5,433.99
2025-05-12,Referral,10,6,6,6,4,213.54
2025-05-12,Organic Search,12,4,4,4,2,23.77
2025-05-12,Google Paid Search,18,4,3,2,0,2296.08
2025-05-12,Facebook/Instagram Ads,49,9,7,4,1,4346.8
2025-05-12,YouTube Ads,28,5,3,3,1,1696.52
2025-05-12,LinkedIn,5,2,1,1,1,781.94
2025-05-12,Webinar/Events,9,4,4,4,3,365.1
2025-05-13,College Partnership Drive,12,8,8,8,5,699.42
2025-05-13,Referral,9,6,4,4,2,188.63
2025-05-13,Organic Search,23,9,8,7,3,23.71
2025-05-13,Google Paid Search,19,5,4,3,2,1393.96
2025-05-13,Facebook/Instagram Ads,67,11,6,3,0,4083.31
2025-05-13,YouTube Ads,9,2,1,0,0,612.47
2025-05-13,LinkedIn,8,4,3,3,1,1018.37
2025-05-13,Webinar/Events,12,5,5,5,4,1004.33
2025-05-14,College Partnership Drive,11,7,7,7,3,519.01
2025-05-14,Referral,6,4,4,3,2,138.86
2025-05-14,Organic Search,9,3,3,3,1,26.77
2025-05-14,Google Paid Search,20,5,5,5,2,2575.19
2025-05-14,Facebook/Instagram Ads,41,6,2,1,0,1802.55
2025-05-14,YouTube Ads,11,2,2,1,0,524.43
2025-05-14,LinkedIn,2,1,0,0,0,252.06
2025-05-14,Webinar/Events,4,2,2,1,0,186.82
2025-05-15,College Partnership Drive,10,6,6,5,2,359.85
2025-05-15,Referral,7,4,4,4,3,157.48
2025-05-15,Organic Search,22,7,3,3,2,102.58
2025-05-15,Google Paid Search,25,7,4,2,1,3110.42
2025-05-15,Facebook/Instagram Ads,55,8,3,1,0,3530.79
2025-05-15,YouTube Ads,11,2,0,0,0,807.97
2025-05-15,LinkedIn,7,3,3,2,1,962.6
2025-05-15,Webinar/Events,2,1,1,1,1,105.97
2025-05-16,College Partnership Drive,10,7,7,7,3,338.43
2025-05-16,Referral,7,4,4,3,1,202.68
2025-05-16,Organic Search,13,5,5,2,0,10.85
2025-05-16,Google Paid Search,21,5,4,2,1,2817.39
2025-05-16,Facebook/Instagram Ads,62,9,3,1,0,5096.82
2025-05-16,YouTube Ads,46,9,5,4,0,1601.12
2025-05-16,LinkedIn,8,4,4,3,0,1616.28
2025-05-16,Webinar/Events,11,5,4,3,1,688.45
2025-05-17,College Partnership Drive,7,5,5,5,3,229.4
2025-05-17,Referral,9,5,4,4,2,120.79
2025-05-17,Organic Search,15,6,5,4,2,53.8
2025-05-17,Google Paid Search,15,4,3,3,1,1340.21
2025-05-17,Facebook/Instagram Ads,92,13,9,8,4,7849.37
2025-05-17,YouTube Ads,20,4,3,2,0,977.81
2025-05-17,LinkedIn,4,2,2,2,1,842.79
2025-05-17,Webinar/Events,7,3,2,1,1,415.75
2025-05-18,College Partnership Drive,11,6,6,6,1,590.65
2025-05-18,Referral,17,9,8,8,5,429.57
2025-05-18,Organic Search,14,5,4,4,2,27.91
2025-05-18,Google Paid Search,28,7,6,6,5,3771.88
2025-05-18,Facebook/Instagram Ads,38,7,4,3,2,1421.4
2025-05-18,YouTube Ads,32,6,4,3,0,2282.07
2025-05-18,LinkedIn,4,2,1,1,0,750.71
2025-05-18,Webinar/Events,8,4,3,3,0,622.95
2025-05-19,College Partnership Drive,9,6,6,5,1,448.86
2025-05-19,Referral,5,3,2,2,1,76.35
2025-05-19,Organic Search,7,3,2,2,1,11.53
2025-05-19,Google Paid Search,41,9,8,5,3,4748.56
2025-05-19,Facebook/Instagram Ads,58,9,5,1,0,2816.23
2025-05-19,YouTube Ads,19,4,3,1,0,1257.43
2025-05-19,LinkedIn,1,0,0,0,0,205.28
2025-05-19,Webinar/Events,3,2,1,1,1,299.31
2025-05-20,College Partnership Drive,16,9,9,8,1,840.44
2025-05-20,Referral,22,12,10,10,8,440.63
2025-05-20,Organic Search,13,4,3,3,2,47.74
2025-05-20,Google Paid Search,14,3,3,3,0,1603.56
2025-05-20,Facebook/Instagram Ads,33,5,5,5,1,2182.2
2025-05-20,YouTube Ads,27,5,2,1,0,1982.76
2025-05-20,LinkedIn,6,3,2,2,2,1094.63
2025-05-20,Webinar/Events,10,5,3,2,1,875.63
2025-05-21,College Partnership Drive,13,9,9,9,5,381.48
2025-05-21,Referral,10,6,6,6,4,238.52
2025-05-21,Organic Search,10,4,3,2,0,10.88
2025-05-21,Google Paid Search,23,5,4,4,1,3102.52
2025-05-21,Facebook/Instagram Ads,64,10,8,3,1,3154.41
2025-05-21,YouTube Ads,14,3,3,3,0,997.64
2025-05-21,LinkedIn,2,1,1,1,0,285.21
2025-05-21,Webinar/Events,6,3,3,3,3,331.54
2025-05-22,College Partnership Drive,3,2,2,2,2,98.26
2025-05-22,Referral,11,7,5,5,5,132.29
2025-05-22,Organic Search,3,1,1,1,0,0.71
2025-05-22,Google Paid Search,8,2,1,1,0,952.89
2025-05-22,Facebook/Instagram Ads,30,5,5,3,2,1364.38
2025-05-22,YouTube Ads,36,8,5,1,1,1174.64
2025-05-22,LinkedIn,8,3,3,3,1,1594.63
2025-05-22,Webinar/Events,6,3,3,2,0,512.03
2025-05-23,College Partnership Drive,5,4,4,3,2,200.19
2025-05-23,Referral,8,5,5,4,2,86.39
2025-05-23,Organic Search,10,4,3,3,2,37.1
2025-05-23,Google Paid Search,25,7,4,4,2,2869.91
2025-05-23,Facebook/Instagram Ads,70,10,7,6,1,5933.58
2025-05-23,YouTube Ads,16,3,1,1,0,482.73
2025-05-23,LinkedIn,2,1,1,1,0,293.38
2025-05-23,Webinar/Events,5,3,3,2,0,263.58
2025-05-24,College Partnership Drive,1,1,0,0,0,36.25
2025-05-24,Referral,11,7,6,4,1,317.27
2025-05-24,Organic Search,16,5,4,4,1,63.28
2025-05-24,Google Paid Search,19,5,5,4,2,2410.48
2025-05-24,Facebook/Instagram Ads,60,9,7,3,0,2129.98
2025-05-24,YouTube Ads,10,2,2,1,0,429.02
2025-05-24,LinkedIn,2,1,1,1,1,272.94
2025-05-24,Webinar/Events,4,2,2,2,2,221.3
2025-05-25,College Partnership Drive,1,1,1,0,0,37.35
2025-05-25,Referral,5,3,2,2,1,130.94
2025-05-25,Organic Search,17,6,6,5,2,65.46
2025-05-25,Google Paid Search,13,3,3,3,1,1590.18
2025-05-25,Facebook/Instagram Ads,54,10,5,2,0,3381.07
2025-05-25,YouTube Ads,23,4,4,1,1,1468.11
2025-05-25,LinkedIn,2,1,1,1,0,323.55
2025-05-25,Webinar/Events,1,0,0,0,0,93.24
2025-05-26,College Partnership Drive,4,3,3,2,1,172.23
2025-05-26,Referral,7,4,4,4,2,202.59
2025-05-26,Organic Search,15,5,3,3,2,12.0
2025-05-26,Google Paid Search,28,7,6,4,2,2934.43
2025-05-26,Facebook/Instagram Ads,60,9,9,3,0,2809.9
2025-05-26,YouTube Ads,20,4,3,3,1,1339.28
2025-05-26,LinkedIn,5,2,1,1,0,1042.0
2025-05-26,Webinar/Events,4,2,1,0,0,289.79
2025-05-27,College Partnership Drive,9,5,5,5,1,285.51
2025-05-27,Referral,7,5,4,3,3,118.17
2025-05-27,Organic Search,36,12,12,9,5,87.89
2025-05-27,Google Paid Search,19,5,4,3,1,2122.02
2025-05-27,Facebook/Instagram Ads,75,14,7,3,0,2964.19
2025-05-27,YouTube Ads,11,2,2,2,0,653.06
2025-05-27,LinkedIn,3,0,0,0,0,625.25
2025-05-27,Webinar/Events,3,2,2,2,1,136.14
2025-05-28,College Partnership Drive,1,0,0,0,0,25.46
2025-05-28,Referral,1,0,0,0,0,29.81
2025-05-28,Organic Search,5,0,0,0,0,8.14
2025-05-28,Google Paid Search,2,0,0,0,0,154.08
2025-05-28,Facebook/Instagram Ads,4,0,0,0,0,348.68
2025-05-28,YouTube Ads,4,0,0,0,0,239.2
2025-05-28,LinkedIn,1,0,0,0,0,217.22
2025-05-28,Webinar/Events,0,0,0,0,0,0.0
2025-05-29,College Partnership Drive,2,0,0,0,0,81.39
2025-05-29,Referral,1,0,0,0,0,23.89
2025-05-29,Organic Search,1,0,0,0,0,0.12
2025-05-29,Google Paid Search,3,0,0,0,0,264.47
2025-05-29,Facebook/Instagram Ads,2,0,0,0,0,128.46
2025-05-29,YouTube Ads,4,0,0,0,0,175.15
2025-05-29,LinkedIn,3,0,0,0,0,492.22
2025-05-29,Webinar/Events,3,0,0,0,0,231.13
2025-05-30,College Partnership Drive,2,0,0,0,0,98.71
2025-05-30,Referral,0,0,0,0,0,0.0
2025-05-30,Organic Search,2,0,0,0,0,0.88
2025-05-30,Google Paid Search,1,0,0,0,0,84.09
2025-05-30,Facebook/Instagram Ads,0,0,0,0,0,0.0
2025-05-30,YouTube Ads,0,0,0,0,0,0.0
2025-05-30,LinkedIn,2,0,0,0,0,408.9
2025-05-30,Webinar/Events,2,0,0,0,0,163.44
2025-05-31,College Partnership Drive,2,0,0,0,0,77.06
2025-05-31,Referral,2,0,0,0,0,42.44
2025-05-31,Organic Search,1,0,0,0,0,2.49
2025-05-31,Google Paid Search,1,0,0,0,0,113.95
2025-05-31,Facebook/Instagram Ads,2,0,0,0,0,177.16
2025-05-31,YouTube Ads,0,0,0,0,0,0.0
2025-05-31,LinkedIn,3,0,0,0,0,450.48
2025-05-31,Webinar/Events,4,0,0,0,0,245.08
2025-06-01,College Partnership Drive,8,5,5,4,2,369.5
2025-06-01,Referral,1,1,1,1,0,22.59
2025-06-01,Organic Search,15,6,4,4,0,3.14
2025-06-01,Google Paid Search,19,5,2,1,1,1512.64
2025-06-01,Facebook/Instagram Ads,46,8,4,2,0,2585.34
2025-06-01,YouTube Ads,19,4,4,3,2,1071.14
2025-06-01,LinkedIn,4,2,1,1,1,376.44
2025-06-01,Webinar/Events,13,7,7,7,4,1107.9
2025-06-02,College Partnership Drive,9,6,6,6,3,412.07
2025-06-02,Referral,6,4,4,4,2,162.51
2025-06-02,Organic Search,12,5,4,4,3,51.87
2025-06-02,Google Paid Search,30,7,6,6,1,3039.35
2025-06-02,Facebook/Instagram Ads,94,15,9,2,1,5008.33
2025-06-02,YouTube Ads,26,5,2,2,2,1015.01
2025-06-02,LinkedIn,4,2,2,2,0,394.44
2025-06-02,Webinar/Events,15,8,8,8,4,1415.92
2025-06-03,College Partnership Drive,20,12,12,12,7,755.9
2025-06-03,Referral,10,7,7,7,4,132.36
2025-06-03,Organic Search,15,5,5,5,2,37.75
2025-06-03,Google Paid Search,22,6,6,6,3,2197.94
2025-06-03,Facebook/Instagram Ads,67,12,7,5,2,5846.12
2025-06-03,YouTube Ads,29,6,2,0,0,1510.92
2025-06-03,LinkedIn,5,2,2,1,0,1089.6
2025-06-03,Webinar/Events,6,3,3,3,0,392.74
2025-06-04,College Partnership Drive,12,8,7,7,6,403.57
2025-06-04,Referral,3,2,2,1,1,44.6
2025-06-04,Organic Search,29,10,8,8,4,130.77
2025-06-04,Google Paid Search,9,2,2,1,0,825.37
2025-06-04,Facebook/Instagram Ads,45,8,6,4,3,2389.59
2025-06-04,YouTube Ads,15,3,1,0,0,790.13
2025-06-04,LinkedIn,2,1,1,1,1,234.64
2025-06-04,Webinar/Events,11,5,5,3,0,837.46
2025-06-05,College Partnership Drive,16,10,10,10,6,809.05
2025-06-05,Referral,3,2,1,1,0,48.25
2025-06-05,Organic Search,18,6,6,6,0,60.5
2025-06-05,Google Paid Search,12,3,2,2,0,1036.43
2025-06-05,Facebook/Instagram Ads,70,10,4,0,0,5871.37
2025-06-05,YouTube Ads,40,9,6,3,1,2323.42
2025-06-05,LinkedIn,13,5,4,4,3,2793.26
2025-06-05,Webinar/Events,6,3,3,1,1,282.1
2025-06-06,College Partnership Drive,7,4,4,4,1,236.14
2025-06-06,Referral,6,4,3,3,0,132.26
2025-06-06,Organic Search,21,7,6,6,2,6.98
2025-06-06,Google Paid Search,18,4,2,2,1,2359.16
2025-06-06,Facebook/Instagram Ads,56,8,5,5,1,3494.94
2025-06-06,YouTube Ads,28,6,3,1,0,1204.35
2025-06-06,LinkedIn,8,4,4,4,2,1619.56
2025-06-06,Webinar/Events,12,5,4,3,0,1037.28
2025-06-07,College Partnership Drive,8,6,6,6,2,219.19
2025-06-07,Referral,15,8,6,6,5,386.5
2025-06-07,Organic Search,10,4,4,4,2,2.84
2025-06-07,Google Paid Search,28,6,4,2,2,3675.21
2025-06-07,Facebook/Instagram Ads,84,15,8,5,1,3318.09
2025-06-07,YouTube Ads,19,4,2,0,0,1269.9
2025-06-07,LinkedIn,7,3,1,1,1,979.38
2025-06-07,Webinar/Events,13,7,7,6,1,714.07
2025-06-08,College Partnership Drive,12,7,7,5,4,442.68
2025-06-08,Referral,5,3,3,2,2,83.28
2025-06-08,Organic Search,19,6,4,4,3,2.89
2025-06-08,Google Paid Search,27,6,4,4,2,1637.32
2025-06-08,Facebook/Instagram Ads,64,10,6,3,0,5363.61
2025-06-08,YouTube Ads,29,5,4,4,2,1852.22
2025-06-08,LinkedIn,2,1,1,1,0,325.87
2025-06-08,Webinar/Events,8,4,4,2,1,455.38
2025-06-09,College Partnership Drive,9,7,6,4,0,292.14
2025-06-09,Referral,11,7,6,6,3,205.45
2025-06-09,Organic Search,11,4,4,4,0,33.77
2025-06-09,Google Paid Search,22,6,6,6,4,2868.42
2025-06-09,Facebook/Instagram Ads,48,7,6,3,1,1972.16
2025-06-09,YouTube Ads,31,6,3,2,1,1619.07
2025-06-09,LinkedIn,10,4,3,2,1,1496.9
2025-06-09,Webinar/Events,10,5,5,4,0,559.64
2025-06-10,College Partnership Drive,9,6,6,6,2,339.78
2025-06-10,Referral,10,6,5,5,3,161.85
2025-06-10,Organic Search,41,13,12,12,8,138.65
2025-06-10,Google Paid Search,27,7,6,5,3,2602.66
2025-06-10,Facebook/Instagram Ads,64,9,8,3,0,4553.3
2025-06-10,YouTube Ads,51,10,7,3,1,2942.93
2025-06-10,LinkedIn,6,3,3,2,1,974.84
2025-06-10,Webinar/Events,2,1,1,1,1,141.76
2025-06-11,College Partnership Drive,13,10,9,9,5,583.57
2025-06-11,Referral,9,5,5,4,2,251.82
2025-06-11,Organic Search,16,5,4,2,0,56.1
2025-06-11,Google Paid Search,34,8,6,5,4,3745.16
2025-06-11,Facebook/Instagram Ads,92,13,11,5,0,5048.82
2025-06-11,YouTube Ads,29,5,3,2,0,2019.11
2025-06-11,LinkedIn,5,2,2,2,2,770.53
2025-06-11,Webinar/Events,9,4,4,3,2,631.56
2025-06-12,College Partnership Drive,15,11,11,11,5,468.44
2025-06-12,Referral,12,7,7,7,5,153.47
2025-06-12,Organic Search,24,8,8,8,6,105.17
2025-06-12,Google Paid Search,14,4,4,3,2,1934.83
2025-06-12,Facebook/Instagram Ads,44,7,6,1,1,2163.22
2025-06-12,YouTube Ads,5,1,1,0,0,287.93
2025-06-12,LinkedIn,7,3,1,1,1,743.25
2025-06-12,Webinar/Events,8,4,4,3,2,414.58
2025-06-13,College Partnership Drive,11,7,7,7,3,499.7
2025-06-13,Referral,3,2,2,2,1,48.06
2025-06-13,Organic Search,17,6,4,4,2,38.92
2025-06-13,Google Paid Search,20,5,5,4,2,2646.47
2025-06-13,Facebook/Instagram Ads,77,13,6,3,0,5040.89
2025-06-13,YouTube Ads,4,1,1,1,0,298.82
2025-06-13,LinkedIn,4,2,2,2,1,825.0
2025-06-13,Webinar/Events,6,3,1,1,1,254.89
2025-06-14,College Partnership Drive,14,8,7,7,5,367.75
2025-06-14,Referral,12,7,7,7,3,262.69
2025-06-14,Organic Search,20,7,6,6,5,41.64
2025-06-14,Google Paid Search,17,4,2,2,2,2123.53
2025-06-14,Facebook/Instagram Ads,58,10,5,0,0,3899.22
2025-06-14,YouTube Ads,52,10,8,6,2,3097.63
2025-06-14,LinkedIn,5,2,2,2,1,977.29
2025-06-14,Webinar/Events,6,3,3,2,2,322.24
2025-06-15,College Partnership Drive,18,11,10,10,6,954.4
2025-06-15,Referral,6,4,3,3,3,166.74
2025-06-15,Organic Search,12,5,4,3,3,23.51
2025-06-15,Google Paid Search,28,6,4,4,1,1779.15
2025-06-15,Facebook/Instagram Ads,60,10,4,3,0,4818.04
2025-06-15,YouTube Ads,5,1,1,1,0,333.13
2025-06-15,LinkedIn,4,2,2,1,0,441.61
2025-06-15,Webinar/Events,9,4,4,4,1,765.1
2025-06-16,College Partnership Drive,18,12,12,9,5,507.42
2025-06-16,Referral,13,9,8,8,5,314.21
2025-06-16,Organic Search,10,4,1,1,0,5.92
2025-06-16,Google Paid Search,14,4,2,2,1,1730.73
2025-06-16,Facebook/Instagram Ads,74,12,5,4,1,3586.96
2025-06-16,YouTube Ads,18,4,4,3,0,893.4
2025-06-16,LinkedIn,4,2,2,1,0,733.12
2025-06-16,Webinar/Events,16,8,6,6,1,1155.44
2025-06-17,College Partnership Drive,7,5,5,5,3,243.13
2025-06-17,Referral,10,6,5,5,2,141.95
2025-06-17,Organic Search,27,9,8,7,2,49.11
2025-06-17,Google Paid Search,26,7,4,4,1,3217.99
2025-06-17,Facebook/Instagram Ads,105,15,7,4,1,4094.81
2025-06-17,YouTube Ads,24,5,3,2,1,1569.3
2025-06-17,LinkedIn,12,5,3,3,3,1764.75
2025-06-17,Webinar/Events,9,4,3,2,1,633.33
2025-06-18,College Partnership Drive,14,8,7,7,7,784.55
2025-06-18,Referral,13,7,4,4,3,379.15
2025-06-18,Organic Search,26,8,8,7,4,43.2
2025-06-18,Google Paid Search,32,8,7,5,4,2642.82
2025-06-18,Facebook/Instagram Ads,26,4,2,2,2,2032.86
2025-06-18,YouTube Ads,13,3,2,2,1,570.16
2025-06-18,LinkedIn,6,3,3,2,0,823.42
2025-06-18,Webinar/Events,5,3,3,2,0,483.76
2025-06-19,College Partnership Drive,8,6,5,5,2,405.23
2025-06-19,Referral,6,4,4,4,3,73.06
2025-06-19,Organic Search,27,9,7,7,4,53.92
2025-06-19,Google Paid Search,53,12,10,9,3,7393.72
2025-06-19,Facebook/Instagram Ads,27,4,2,1,0,2424.36
2025-06-19,YouTube Ads,21,4,2,1,0,985.83
2025-06-19,LinkedIn,5,2,2,2,0,712.95
2025-06-19,Webinar/Events,11,5,5,5,1,815.51
2025-06-20,College Partnership Drive,18,11,9,9,6,673.95
2025-06-20,Referral,14,8,7,7,2,411.21
2025-06-20,Organic Search,10,4,3,3,1,32.88
2025-06-20,Google Paid Search,36,8,7,4,2,2777.05
2025-06-20,Facebook/Instagram Ads,84,14,8,3,2,2999.32
2025-06-20,YouTube Ads,5,1,0,0,0,361.26
2025-06-20,LinkedIn,5,2,0,0,0,683.34
2025-06-20,Webinar/Events,13,7,6,6,4,864.18
2025-06-21,College Partnership Drive,14,9,9,8,6,702.07
2025-06-21,Referral,6,4,4,3,3,137.75
2025-06-21,Organic Search,18,7,5,5,2,35.69
2025-06-21,Google Paid Search,27,7,6,5,1,2340.76
2025-06-21,Facebook/Instagram Ads,71,12,6,4,1,6341.49
2025-06-21,YouTube Ads,41,8,6,6,4,2323.96
2025-06-21,LinkedIn,14,6,3,3,1,2934.66
2025-06-21,Webinar/Events,9,4,4,3,1,621.95
2025-06-22,College Partnership Drive,14,10,9,6,3,690.18
2025-06-22,Referral,13,7,6,5,2,204.83
2025-06-22,Organic Search,20,8,8,7,2,13.06
2025-06-22,Google Paid Search,33,8,4,3,1,4192.39
2025-06-22,Facebook/Instagram Ads,77,12,9,3,0,2971.64
2025-06-22,YouTube Ads,27,5,4,2,0,1694.04
2025-06-22,LinkedIn,8,3,3,3,1,1724.01
2025-06-22,Webinar/Events,7,4,4,3,1,560.67
2025-06-23,College Partnership Drive,10,7,6,3,2,289.71
2025-06-23,Referral,1,1,1,1,1,19.86
2025-06-23,Organic Search,11,4,3,3,1,39.0
2025-06-23,Google Paid Search,25,7,4,2,2,3069.92
2025-06-23,Facebook/Instagram Ads,44,7,3,2,0,3262.54
2025-06-23,YouTube Ads,10,2,2,0,0,329.69
2025-06-23,LinkedIn,3,0,0,0,0,307.08
2025-06-23,Webinar/Events,9,4,3,2,2,899.0
2025-06-24,College Partnership Drive,11,7,6,6,3,540.84
2025-06-24,Referral,9,5,5,5,4,101.69
2025-06-24,Organic Search,31,10,9,7,4,117.0
2025-06-24,Google Paid Search,36,8,4,4,1,2323.35
2025-06-24,Facebook/Instagram Ads,96,15,7,5,1,7585.82
2025-06-24,YouTube Ads,27,5,5,5,1,1734.8
2025-06-24,LinkedIn,5,2,2,2,0,878.59
2025-06-24,Webinar/Events,10,5,2,2,2,541.42
2025-06-25,College Partnership Drive,10,7,7,7,4,570.82
2025-06-25,Referral,13,7,6,6,4,164.83
2025-06-25,Organic Search,15,5,5,2,2,4.14
2025-06-25,Google Paid Search,36,8,7,6,3,3700.33
2025-06-25,Facebook/Instagram Ads,37,7,4,3,3,1930.65
2025-06-25,YouTube Ads,37,7,3,3,3,2003.17
2025-06-25,LinkedIn,21,8,6,6,2,2280.25
2025-06-25,Webinar/Events,11,6,5,5,2,633.4
2025-06-26,College Partnership Drive,21,14,13,13,6,543.33
2025-06-26,Referral,5,3,2,2,1,61.04
2025-06-26,Organic Search,30,11,8,8,4,94.34
2025-06-26,Google Paid Search,32,8,5,4,4,3370.52
2025-06-26,Facebook/Instagram Ads,40,6,3,1,0,1950.56
2025-06-26,YouTube Ads,28,5,5,4,3,2085.48
2025-06-26,LinkedIn,13,6,5,5,1,1428.93
2025-06-26,Webinar/Events,10,5,3,3,2,412.06
2025-06-27,College Partnership Drive,10,7,6,5,4,327.37
2025-06-27,Referral,9,5,5,4,3,240.14
2025-06-27,Organic Search,28,11,11,7,2,124.91
2025-06-27,Google Paid Search,36,8,7,7,2,2486.92
2025-06-27,Facebook/Instagram Ads,50,9,4,2,1,3624.93
2025-06-27,YouTube Ads,30,6,3,1,0,1784.99
2025-06-27,LinkedIn,16,6,5,5,4,1906.84
2025-06-27,Webinar/Events,18,8,8,7,3,1469.97
2025-06-28,College Partnership Drive,3,0,0,0,0,112.93
2025-06-28,Referral,2,0,0,0,0,44.22
2025-06-28,Organic Search,2,0,0,0,0,9.32
2025-06-28,Google Paid Search,2,0,0,0,0,194.38
2025-06-28,Facebook/Instagram Ads,1,0,0,0,0,65.81
2025-06-28,YouTube Ads,2,0,0,0,0,131.96
2025-06-28,LinkedIn,5,0,0,0,0,821.44
2025-06-28,Webinar/Events,2,0,0,0,0,86.81
2025-06-29,College Partnership Drive,0,0,0,0,0,0.0
2025-06-29,Referral,4,0,0,0,0,61.46
2025-06-29,Organic Search,5,0,0,0,0,22.87
2025-06-29,Google Paid Search,2,0,0,0,0,196.38
2025-06-29,Facebook/Instagram Ads,2,0,0,0,0,76.45
2025-06-29,YouTube Ads,2,0,0,0,0,135.13
2025-06-29,LinkedIn,2,0,0,0,0,368.94
2025-06-29,Webinar/Events,2,0,0,0,0,184.28
2025-06-30,College Partnership Drive,4,0,0,0,0,167.45
2025-06-30,Referral,8,0,0,0,0,197.45
2025-06-30,Organic Search,1,0,0,0,0,4.12
2025-06-30,Google Paid Search,1,0,0,0,0,82.87
2025-06-30,Facebook/Instagram Ads,1,0,0,0,0,73.47
2025-06-30,YouTube Ads,2,0,0,0,0,131.24
2025-06-30,LinkedIn,1,0,0,0,0,111.41
2025-06-30,Webinar/Events,2,0,0,0,0,133.86
2025-07-01,College Partnership Drive,10,7,7,7,6,318.44
2025-07-01,Referral,7,4,4,4,1,125.07
2025-07-01,Organic Search,30,10,5,4,1,80.87
2025-07-01,Google Paid Search,28,7,6,4,2,2439.51
2025-07-01,Facebook/Instagram Ads,84,12,6,3,1,7444.4
2025-07-01,YouTube Ads,20,4,3,2,0,787.49
2025-07-01,LinkedIn,7,3,3,3,3,634.05
2025-07-01,Webinar/Events,4,2,2,1,0,349.8
2025-07-02,College Partnership Drive,23,13,13,13,8,586.67
2025-07-02,Referral,11,6,4,4,2,141.72
2025-07-02,Organic Search,9,3,3,2,2,38.29
2025-07-02,Google Paid Search,22,6,4,4,4,1430.47
2025-07-02,Facebook/Instagram Ads,56,10,7,3,0,2165.47
2025-07-02,YouTube Ads,23,5,2,1,0,1554.7
2025-07-02,LinkedIn,10,5,4,4,2,1042.57
2025-07-02,Webinar/Events,4,2,2,2,1,383.11
2025-07-03,College Partnership Drive,12,8,8,6,1,548.82
2025-07-03,Referral,7,4,4,3,2,106.74
2025-07-03,Organic Search,29,9,8,7,2,112.58
2025-07-03,Google Paid Search,25,7,6,6,3,1892.24
2025-07-03,Facebook/Instagram Ads,63,11,6,2,1,5078.15
2025-07-03,YouTube Ads,28,6,3,2,1,1696.18
2025-07-03,LinkedIn,5,2,1,1,1,863.9
2025-07-03,Webinar/Events,25,12,9,9,3,1481.63
2025-07-04,College Partnership Drive,18,11,10,9,4,791.31
2025-07-04,Referral,9,5,5,5,2,253.26
2025-07-04,Organic Search,2,0,0,0,0,3.01
2025-07-04,Google Paid Search,18,5,4,3,3,1906.18
2025-07-04,Facebook/Instagram Ads,63,10,6,4,1,3023.67
2025-07-04,YouTube Ads,19,4,3,0,0,626.53
2025-07-04,LinkedIn,2,1,0,0,0,207.17
2025-07-04,Webinar/Events,4,2,1,1,0,353.97
2025-07-05,College Partnership Drive,25,15,14,14,11,831.84
2025-07-05,Referral,7,4,4,4,4,173.71
2025-07-05,Organic Search,14,5,3,3,1,36.88
2025-07-05,Google Paid Search,17,4,4,2,0,1154.43
2025-07-05,Facebook/Instagram Ads,89,13,8,3,2,7184.1
2025-07-05,YouTube Ads,36,8,4,3,1,1826.78
2025-07-05,LinkedIn,5,2,2,2,1,597.99
2025-07-05,Webinar/Events,11,5,4,2,0,529.95
2025-07-06,College Partnership Drive,8,5,5,5,1,349.47
2025-07-06,Referral,9,6,4,4,4,265.05
2025-07-06,Organic Search,14,5,4,2,2,11.63
2025-07-06,Google Paid Search,16,4,4,2,0,1782.26
2025-07-06,Facebook/Instagram Ads,49,7,3,2,0,2836.58
2025-07-06,YouTube Ads,17,4,4,3,1,889.17
2025-07-06,LinkedIn,2,0,0,0,0,316.97
2025-07-06,Webinar/Events,10,5,3,3,1,509.43
2025-07-07,College Partnership Drive,10,6,6,5,3,531.05
2025-07-07,Referral,4,3,3,3,2,60.36
2025-07-07,Organic Search,18,7,6,6,2,53.19
2025-07-07,Google Paid Search,31,7,5,5,2,2120.87
2025-07-07,Facebook/Instagram Ads,118,18,12,8,1,6979.47
2025-07-07,YouTube Ads,13,3,1,1,1,643.74
2025-07-07,LinkedIn,6,3,3,3,2,1075.77
2025-07-07,Webinar/Events,7,4,4,3,2,583.36
2025-07-08,College Partnership Drive,24,14,13,13,7,1022.79
2025-07-08,Referral,5,3,3,3,3,92.15
2025-07-08,Organic Search,12,4,3,3,1,39.69
2025-07-08,Google Paid Search,30,8,8,6,2,3015.56
2025-07-08,Facebook/Instagram Ads,65,10,6,4,0,2468.9
2025-07-08,YouTube Ads,11,2,1,1,0,472.02
2025-07-08,LinkedIn,7,3,3,3,3,1531.51
2025-07-08,Webinar/Events,15,7,6,6,3,840.01
2025-07-09,College Partnership Drive,11,7,7,7,5,477.5
2025-07-09,Referral,7,4,4,4,2,206.42
2025-07-09,Organic Search,22,7,7,7,1,61.75
2025-07-09,Google Paid Search,37,8,5,5,2,3453.31
2025-07-09,Facebook/Instagram Ads,54,9,5,1,0,3735.34
2025-07-09,YouTube Ads,30,6,2,1,0,1109.78
2025-07-09,LinkedIn,2,0,0,0,0,190.91
2025-07-09,Webinar/Events,5,3,1,1,1,393.1
2025-07-10,College Partnership Drive,18,10,10,6,2,883.14
2025-07-10,Referral,5,3,3,3,0,70.95
2025-07-10,Organic Search,18,7,6,3,1,28.83
2025-07-10,Google Paid Search,19,5,3,3,0,2554.35
2025-07-10,Facebook/Instagram Ads,71,10,7,2,1,5798.04
2025-07-10,YouTube Ads,36,8,4,2,0,1244.96
2025-07-10,LinkedIn,11,4,4,4,1,2154.06
2025-07-10,Webinar/Events,8,4,4,4,2,695.95
2025-07-11,College Partnership Drive,8,5,5,5,4,333.82
2025-07-11,Referral,11,7,6,6,3,160.42
2025-07-11,Organic Search,33,12,10,8,5,71.85
2025-07-11,Google Paid Search,22,6,5,5,3,1800.4
2025-07-11,Facebook/Instagram Ads,50,8,4,2,1,4062.24
2025-07-11,YouTube Ads,22,4,4,2,2,806.32
2025-07-11,LinkedIn,6,3,3,2,0,682.09
2025-07-11,Webinar/Events,7,4,4,4,1,626.19
2025-07-12,College Partnership Drive,21,14,14,13,7,760.86
2025-07-12,Referral,10,6,5,5,1,233.37
2025-07-12,Organic Search,32,11,9,8,3,61.76
2025-07-12,Google Paid Search,37,8,6,5,0,3354.43
2025-07-12,Facebook/Instagram Ads,47,8,5,2,1,2189.79
2025-07-12,YouTube Ads,18,4,0,0,0,1049.91
2025-07-12,LinkedIn,2,1,1,1,0,187.32
2025-07-12,Webinar/Events,12,5,3,3,2,1017.4
2025-07-13,College Partnership Drive,11,8,8,7,2,299.67
2025-07-13,Referral,9,5,5,5,3,111.1
2025-07-13,Organic Search,48,16,14,13,5,16.21
2025-07-13,Google Paid Search,27,6,3,3,0,3170.06
2025-07-13,Facebook/Instagram Ads,68,11,6,2,0,5248.47
2025-07-13,YouTube Ads,22,4,2,0,0,1007.53
2025-07-13,LinkedIn,4,2,1,1,0,635.1
2025-07-13,Webinar/Events,6,3,3,3,2,388.45
2025-07-14,College Partnership Drive,14,10,10,8,5,585.85
2025-07-14,Referral,12,7,7,7,4,165.42
2025-07-14,Organic Search,17,6,4,3,1,17.87
2025-07-14,Google Paid Search,33,9,9,5,1,3337.54
2025-07-14,Facebook/Instagram Ads,73,11,7,2,1,5518.15
2025-07-14,YouTube Ads,37,7,5,5,1,1502.72
2025-07-14,LinkedIn,9,4,4,4,3,945.42
2025-07-14,Webinar/Events,17,8,7,6,5,1678.33
2025-07-15,College Partnership Drive,7,4,4,4,1,309.45
2025-07-15,Referral,5,3,3,3,2,125.28
2025-07-15,Organic Search,26,9,9,8,3,19.36
2025-07-15,Google Paid Search,24,6,2,2,1,1864.36
2025-07-15,Facebook/Instagram Ads,56,10,5,4,2,3732.77
2025-07-15,YouTube Ads,28,5,1,1,0,1902.68
2025-07-15,LinkedIn,12,6,4,4,1,2523.21
2025-07-15,Webinar/Events,8,4,4,4,1,506.77
2025-07-16,College Partnership Drive,18,12,12,12,8,465.84
2025-07-16,Referral,4,3,2,2,0,76.61
2025-07-16,Organic Search,16,5,4,3,1,75.49
2025-07-16,Google Paid Search,8,2,2,1,0,666.22
2025-07-16,Facebook/Instagram Ads,46,8,5,4,0,4004.96
2025-07-16,YouTube Ads,39,8,5,4,1,2792.66
2025-07-16,LinkedIn,8,3,3,3,2,1585.64
2025-07-16,Webinar/Events,16,9,8,8,4,1552.49
2025-07-17,College Partnership Drive,17,10,9,9,2,451.23
2025-07-17,Referral,18,10,8,8,3,267.86
2025-07-17,Organic Search,14,5,4,4,2,15.79
2025-07-17,Google Paid Search,14,3,3,3,1,968.89
2025-07-17,Facebook/Instagram Ads,83,12,5,2,1,5994.49
2025-07-17,YouTube Ads,28,6,3,3,2,1144.13
2025-07-17,LinkedIn,16,6,3,3,3,1599.28
2025-07-17,Webinar/Events,15,8,8,6,2,1057.55
2025-07-18,College Partnership Drive,12,7,7,6,4,698.61
2025-07-18,Referral,8,6,5,5,1,237.84
2025-07-18,Organic Search,19,6,3,3,1,77.91
2025-07-18,Google Paid Search,12,3,2,1,0,1016.99
2025-07-18,Facebook/Instagram Ads,73,13,8,4,0,5356.66
2025-07-18,YouTube Ads,13,3,1,0,0,548.81
2025-07-18,LinkedIn,17,7,6,5,4,1572.36
2025-07-18,Webinar/Events,4,2,2,2,2,312.23
2025-07-19,College Partnership Drive,22,14,11,9,4,1194.72
2025-07-19,Referral,9,6,4,4,0,214.58
2025-07-19,Organic Search,21,8,7,7,4,16.44
2025-07-19,Google Paid Search,32,7,5,5,1,3874.08
2025-07-19,Facebook/Instagram Ads,95,15,13,8,3,5702.28
2025-07-19,YouTube Ads,28,5,4,4,1,1222.63
2025-07-19,LinkedIn,10,5,3,3,1,1144.54
2025-07-19,Webinar/Events,4,2,2,0,0,379.64
2025-07-20,College Partnership Drive,10,7,7,4,3,443.83
2025-07-20,Referral,7,5,2,2,0,155.47
2025-07-20,Organic Search,17,7,6,5,3,34.06
2025-07-20,Google Paid Search,26,7,6,3,1,3579.49
2025-07-20,Facebook/Instagram Ads,50,9,6,4,2,4473.2
2025-07-20,YouTube Ads,14,3,1,0,0,891.24
2025-07-20,LinkedIn,14,6,5,5,2,1482.75
2025-07-20,Webinar/Events,10,5,5,5,1,405.51
2025-07-21,College Partnership Drive,12,9,4,3,0,451.89
2025-07-21,Referral,11,6,6,6,4,217.82
2025-07-21,Organic Search,20,7,6,4,0,19.87
2025-07-21,Google Paid Search,17,4,3,2,2,1135.26
2025-07-21,Facebook/Instagram Ads,67,10,3,3,2,3991.35
2025-07-21,YouTube Ads,32,6,3,2,1,1656.36
2025-07-21,LinkedIn,11,4,4,4,2,1832.44
2025-07-21,Webinar/Events,15,8,7,4,1,1295.45
2025-07-22,College Partnership Drive,18,10,10,10,5,1047.63
2025-07-22,Referral,10,6,4,4,1,102.83
2025-07-22,Organic Search,12,4,3,3,2,16.15
2025-07-22,Google Paid Search,45,11,7,6,3,4288.06
2025-07-22,Facebook/Instagram Ads,16,3,1,0,0,1065.55
2025-07-22,YouTube Ads,31,6,4,2,1,1443.51
2025-07-22,LinkedIn,4,2,2,1,0,623.02
2025-07-22,Webinar/Events,10,5,3,2,1,972.02
2025-07-23,College Partnership Drive,4,3,3,3,1,186.8
2025-07-23,Referral,19,13,11,11,6,522.05
2025-07-23,Organic Search,20,6,5,5,2,53.98
2025-07-23,Google Paid Search,14,3,1,1,0,1170.9
2025-07-23,Facebook/Instagram Ads,98,14,9,4,1,6032.47
2025-07-23,YouTube Ads,18,3,2,1,0,1176.18
2025-07-23,LinkedIn,6,3,3,2,1,890.98
2025-07-23,Webinar/Events,4,2,2,1,1,233.54
2025-07-24,College Partnership Drive,8,5,5,5,5,410.82
2025-07-24,Referral,5,3,3,2,1,95.84
2025-07-24,Organic Search,13,4,4,4,2,17.49
2025-07-24,Google Paid Search,25,7,4,4,0,2907.88
2025-07-24,Facebook/Instagram Ads,99,14,8,6,1,7568.0
2025-07-24,YouTube Ads,38,7,2,1,0,2129.73
2025-07-24,LinkedIn,4,2,1,1,1,450.85
2025-07-24,Webinar/Events,16,8,6,6,4,1016.86
2025-07-25,College Partnership Drive,22,12,12,11,5,606.04
2025-07-25,Referral,3,2,2,2,1,47.95
2025-07-25,Organic Search,17,6,4,3,2,6.71
2025-07-25,Google Paid Search,36,8,6,6,2,4448.0
2025-07-25,Facebook/Instagram Ads,50,9,7,1,1,3898.79
2025-07-25,YouTube Ads,11,2,2,1,1,817.71
2025-07-25,LinkedIn,11,5,5,4,3,1898.89
2025-07-25,Webinar/Events,12,6,4,3,2,869.73
2025-07-26,College Partnership Drive,8,6,6,5,3,463.88
2025-07-26,Referral,7,4,3,3,3,166.08
2025-07-26,Organic Search,13,5,2,1,0,46.46
2025-07-26,Google Paid Search,19,5,2,1,0,2041.06
2025-07-26,Facebook/Instagram Ads,97,14,7,4,3,7704.79
2025-07-26,YouTube Ads,4,1,1,0,0,168.27
2025-07-26,LinkedIn,4,2,1,1,0,798.19
2025-07-26,Webinar/Events,3,2,2,2,0,268.07
2025-07-27,College Partnership Drive,20,12,11,11,6,1161.72
2025-07-27,Referral,6,4,4,4,2,135.99
2025-07-27,Organic Search,15,6,6,6,2,53.82
2025-07-27,Google Paid Search,13,3,0,0,0,1427.13
2025-07-27,Facebook/Instagram Ads,79,13,12,7,0,5515.32
2025-07-27,YouTube Ads,16,3,1,1,1,928.65
2025-07-27,LinkedIn,1,0,0,0,0,169.5
2025-07-27,Webinar/Events,14,7,6,5,2,1163.51
2025-07-28,College Partnership Drive,2,0,0,0,0,82.15
2025-07-28,Referral,5,0,0,0,0,88.76
2025-07-28,Organic Search,1,0,0,0,0,1.95
2025-07-28,Google Paid Search,4,0,0,0,0,557.07
2025-07-28,Facebook/Instagram Ads,3,0,0,0,0,114.55
2025-07-28,YouTube Ads,2,0,0,0,0,83.62
2025-07-28,LinkedIn,3,0,0,0,0,659.64
2025-07-28,Webinar/Events,1,0,0,0,0,86.15
2025-07-29,College Partnership Drive,2,0,0,0,0,98.72
2025-07-29,Referral,0,0,0,0,0,0.0
2025-07-29,Organic Search,3,0,0,0,0,11.14
2025-07-29,Google Paid Search,0,0,0,0,0,0.0
2025-07-29,Facebook/Instagram Ads,2,0,0,0,0,85.23
2025-07-29,YouTube Ads,4,0,0,0,0,176.69
2025-07-29,LinkedIn,7,0,0,0,0,1000.48
2025-07-29,Webinar/Events,2,0,0,0,0,143.73
2025-07-30,College Partnership Drive,5,0,0,0,0,173.15
2025-07-30,Referral,2,0,0,0,0,20.69
2025-07-30,Organic Search,1,0,0,0,0,4.27
2025-07-30,Google Paid Search,1,0,0,0,0,139.5
2025-07-30,Facebook/Instagram Ads,3,0,0,0,0,143.77
2025-07-30,YouTube Ads,2,0,0,0,0,92.93
2025-07-30,LinkedIn,3,0,0,0,0,380.2
2025-07-30,Webinar/Events,4,0,0,0,0,273.65
2025-07-31,College Partnership Drive,5,0,0,0,0,163.37
2025-07-31,Referral,1,0,0,0,0,16.82
2025-07-31,Organic Search,0,0,0,0,0,0.0
2025-07-31,Google Paid Search,1,0,0,0,0,66.35
2025-07-31,Facebook/Instagram Ads,1,0,0,0,0,74.71
2025-07-31,YouTube Ads,2,0,0,0,0,98.23
2025-07-31,LinkedIn,0,0,0,0,0,0.0
2025-07-31,Webinar/Events,0,0,0,0,0,0.0
2025-08-01,College Partnership Drive,10,6,6,5,1,501.52
2025-08-01,Referral,6,4,4,3,2,84.17
2025-08-01,Organic Search,16,5,4,4,2,33.87
2025-08-01,Google Paid Search,19,5,4,2,2,2605.64
2025-08-01,Facebook/Instagram Ads,68,10,5,3,3,4855.83
2025-08-01,YouTube Ads,5,1,1,1,0,245.23
2025-08-01,LinkedIn,0,0,0,0,0,0.0
2025-08-01,Webinar/Events,10,5,4,4,0,813.51
2025-08-02,College Partnership Drive,2,2,2,1,0,76.71
2025-08-02,Referral,8,5,5,4,1,120.17
2025-08-02,Organic Search,12,4,4,4,1,54.76
2025-08-02,Google Paid Search,18,5,1,1,0,2103.86
2025-08-02,Facebook/Instagram Ads,126,18,8,5,0,11299.18
2025-08-02,YouTube Ads,22,5,2,2,0,1095.11
2025-08-02,LinkedIn,8,3,3,2,1,1457.87
2025-08-02,Webinar/Events,19,8,8,7,4,1863.61
2025-08-03,College Partnership Drive,10,6,5,5,3,471.1
2025-08-03,Referral,3,2,2,2,0,58.03
2025-08-03,Organic Search,14,5,3,3,1,53.27
2025-08-03,Google Paid Search,54,12,9,6,3,3257.29
2025-08-03,Facebook/Instagram Ads,61,10,3,2,1,4199.59
2025-08-03,YouTube Ads,11,2,0,0,0,730.61
2025-08-03,LinkedIn,7,3,3,2,1,728.36
2025-08-03,Webinar/Events,10,5,5,3,0,758.0
2025-08-04,College Partnership Drive,10,7,7,7,3,469.15
2025-08-04,Referral,5,3,3,3,1,119.91
2025-08-04,Organic Search,11,4,4,4,3,47.42
2025-08-04,Google Paid Search,16,4,2,2,1,1375.9
2025-08-04,Facebook/Instagram Ads,82,14,9,7,2,6338.51
2025-08-04,YouTube Ads,26,5,3,2,1,1868.33
2025-08-04,LinkedIn,13,5,5,5,3,2791.33
2025-08-04,Webinar/Events,9,4,4,4,1,688.42
2025-08-05,College Partnership Drive,15,9,8,8,5,794.05
2025-08-05,Referral,5,3,2,2,1,79.53
2025-08-05,Organic Search,15,6,5,5,4,51.59
2025-08-05,Google Paid Search,46,11,9,6,1,3924.24
2025-08-05,Facebook/Instagram Ads,51,8,5,4,1,4323.95
2025-08-05,YouTube Ads,23,4,4,3,1,1385.91
2025-08-05,LinkedIn,4,2,0,0,0,773.43
2025-08-05,Webinar/Events,11,6,5,4,2,581.16
2025-08-06,College Partnership Drive,5,3,3,3,2,241.47
2025-08-06,Referral,5,3,2,2,1,143.05
2025-08-06,Organic Search,10,4,4,4,2,7.67
2025-08-06,Google Paid Search,23,5,3,3,2,1500.88
2025-08-06,Facebook/Instagram Ads,74,12,5,2,1,4949.82
2025-08-06,YouTube Ads,9,2,2,1,0,609.5
2025-08-06,LinkedIn,10,4,4,3,1,1435.49
2025-08-06,Webinar/Events,5,3,3,3,1,212.59
2025-08-07,College Partnership Drive,15,10,10,9,5,671.64
2025-08-07,Referral,9,6,5,5,1,160.0
2025-08-07,Organic Search,16,5,2,2,1,44.4
2025-08-07,Google Paid Search,30,7,4,3,3,1910.68
2025-08-07,Facebook/Instagram Ads,85,14,6,2,1,7587.3
2025-08-07,YouTube Ads,26,6,5,2,0,846.12
2025-08-07,LinkedIn,0,0,0,0,0,0.0
2025-08-07,Webinar/Events,5,3,3,3,0,385.08
2025-08-08,College Partnership Drive,17,10,9,6,3,615.11
2025-08-08,Referral,3,2,2,2,2,51.82
2025-08-08,Organic Search,19,6,5,4,2,57.23
2025-08-08,Google Paid Search,26,7,5,1,0,2082.09
2025-08-08,Facebook/Instagram Ads,74,13,6,5,1,2665.76
2025-08-08,YouTube Ads,22,4,3,1,0,991.05
2025-08-08,LinkedIn,2,1,1,1,0,366.59
2025-08-08,Webinar/Events,9,4,2,1,0,889.31
2025-08-09,College Partnership Drive,10,7,7,5,3,540.67
2025-08-09,Referral,3,2,2,2,1,72.51
2025-08-09,Organic Search,9,3,2,2,0,20.24
2025-08-09,Google Paid Search,19,5,5,3,1,2383.78
2025-08-09,Facebook/Instagram Ads,77,13,7,4,1,6712.32
2025-08-09,YouTube Ads,17,3,2,2,0,832.75
2025-08-09,LinkedIn,4,2,1,1,0,473.0
2025-08-09,Webinar/Events,9,4,3,1,0,870.79
2025-08-10,College Partnership Drive,6,4,4,3,1,279.2
2025-08-10,Referral,8,5,4,4,1,104.24
2025-08-10,Organic Search,22,7,6,5,3,78.15
2025-08-10,Google Paid Search,26,7,3,3,1,2138.75
2025-08-10,Facebook/Instagram Ads,60,10,5,1,1,3417.39
2025-08-10,YouTube Ads,5,1,1,0,0,224.24
2025-08-10,LinkedIn,12,5,4,4,1,1369.47
2025-08-10,Webinar/Events,1,0,0,0,0,75.0
2025-08-11,College Partnership Drive,13,8,8,7,3,454.09
2025-08-11,Referral,11,7,6,6,3,126.13
2025-08-11,Organic Search,21,7,5,4,3,52.28
2025-08-11,Google Paid Search,41,9,4,4,0,5483.09
2025-08-11,Facebook/Instagram Ads,34,5,4,3,1,2570.87
2025-08-11,YouTube Ads,21,4,3,2,1,1362.18
2025-08-11,LinkedIn,11,4,4,3,1,1845.06
2025-08-11,Webinar/Events,7,3,2,2,1,671.28
2025-08-12,College Partnership Drive,13,9,6,2,2,374.27
2025-08-12,Referral,12,7,5,5,4,305.36
2025-08-12,Organic Search,19,7,5,3,0,17.0
2025-08-12,Google Paid Search,17,4,4,3,1,1199.98
2025-08-12,Facebook/Instagram Ads,71,12,7,3,2,3918.56
2025-08-12,YouTube Ads,20,4,3,3,1,1131.65
2025-08-12,LinkedIn,2,1,1,1,0,234.52
2025-08-12,Webinar/Events,12,5,3,3,3,813.02
2025-08-13,College Partnership Drive,14,8,8,8,5,542.48
2025-08-13,Referral,13,7,7,7,6,275.39
2025-08-13,Organic Search,24,8,6,6,1,58.35
2025-08-13,Google Paid Search,28,8,5,4,3,1977.49
2025-08-13,Facebook/Instagram Ads,48,7,5,4,1,2811.05
2025-08-13,YouTube Ads,15,3,0,0,0,1030.11
2025-08-13,LinkedIn,4,2,2,1,0,495.45
2025-08-13,Webinar/Events,6,3,3,3,1,332.31
2025-08-14,College Partnership Drive,12,8,7,3,2,417.75
2025-08-14,Referral,5,3,3,2,0,132.41
2025-08-14,Organic Search,19,6,4,4,3,23.52
2025-08-14,Google Paid Search,17,4,3,1,0,2321.47
2025-08-14,Facebook/Instagram Ads,42,6,3,2,0,2513.58
2025-08-14,YouTube Ads,16,3,1,0,0,939.45
2025-08-14,LinkedIn,4,2,1,1,0,866.09
2025-08-14,Webinar/Events,3,2,2,2,1,278.17
2025-08-15,College Partnership Drive,18,12,12,12,7,671.63
2025-08-15,Referral,4,3,3,3,2,100.39
2025-08-15,Organic Search,14,5,3,3,2,58.75
2025-08-15,Google Paid Search,24,6,1,1,0,3172.38
2025-08-15,Facebook/Instagram Ads,92,13,8,3,0,4740.55
2025-08-15,YouTube Ads,26,5,3,3,2,1876.16
2025-08-15,LinkedIn,2,0,0,0,0,196.11
2025-08-15,Webinar/Events,4,2,2,1,0,340.48
2025-08-16,College Partnership Drive,11,7,7,7,4,446.07
2025-08-16,Referral,13,7,2,2,1,176.08
2025-08-16,Organic Search,24,9,8,7,5,97.47
2025-08-16,Google Paid Search,23,6,5,5,3,1492.99
2025-08-16,Facebook/Instagram Ads,46,8,7,3,0,2010.91
2025-08-16,YouTube Ads,9,2,1,1,0,549.49
2025-08-16,LinkedIn,7,3,3,2,2,1022.85
2025-08-16,Webinar/Events,6,3,3,3,2,471.19
2025-08-17,College Partnership Drive,11,8,8,8,6,601.1
2025-08-17,Referral,8,5,5,5,2,156.05
2025-08-17,Organic Search,12,5,4,4,1,18.54
2025-08-17,Google Paid Search,17,4,2,2,0,2370.92
2025-08-17,Facebook/Instagram Ads,64,12,5,4,3,5520.8
2025-08-17,YouTube Ads,9,2,0,0,0,540.27
2025-08-17,LinkedIn,6,3,1,1,1,938.94
2025-08-17,Webinar/Events,4,2,2,1,1,342.91
2025-08-18,College Partnership Drive,15,10,9,9,6,760.53
2025-08-18,Referral,9,5,4,4,1,177.58
2025-08-18,Organic Search,10,4,4,4,2,40.49
2025-08-18,Google Paid Search,8,2,2,1,1,628.28
2025-08-18,Facebook/Instagram Ads,68,10,4,3,1,3349.59
2025-08-18,YouTube Ads,9,2,2,2,1,506.63
2025-08-18,LinkedIn,4,2,2,2,0,602.61
2025-08-18,Webinar/Events,10,5,4,4,2,981.27
2025-08-19,College Partnership Drive,8,5,4,3,1,433.63
2025-08-19,Referral,13,7,7,7,3,281.14
2025-08-19,Organic Search,18,6,6,5,2,10.91
2025-08-19,Google Paid Search,22,5,3,2,1,2672.43
2025-08-19,Facebook/Instagram Ads,63,9,3,0,0,5623.24
2025-08-19,YouTube Ads,11,2,1,1,1,596.38
2025-08-19,LinkedIn,10,4,4,3,1,1369.67
2025-08-19,Webinar/Events,5,3,3,2,0,334.52
2025-08-20,College Partnership Drive,10,6,6,3,0,376.38
2025-08-20,Referral,4,3,3,2,1,113.89
2025-08-20,Organic Search,16,5,4,4,3,45.88
2025-08-20,Google Paid Search,23,5,4,2,1,2589.77
2025-08-20,Facebook/Instagram Ads,32,6,1,0,0,2373.43
2025-08-20,YouTube Ads,27,5,4,3,0,1821.92
2025-08-20,LinkedIn,5,2,2,2,0,965.85
2025-08-20,Webinar/Events,3,2,2,1,0,187.46
2025-08-21,College Partnership Drive,7,5,5,5,3,192.35
2025-08-21,Referral,6,4,4,3,2,150.85
2025-08-21,Organic Search,16,5,5,5,3,40.36
2025-08-21,Google Paid Search,16,4,2,1,0,1497.14
2025-08-21,Facebook/Instagram Ads,35,6,4,3,1,2144.79
2025-08-21,YouTube Ads,36,7,6,5,3,2288.27
2025-08-21,LinkedIn,6,3,3,3,3,1018.07
2025-08-21,Webinar/Events,4,2,2,1,1,383.09
2025-08-22,College Partnership Drive,10,6,6,6,4,260.82
2025-08-22,Referral,9,6,5,5,4,139.93
2025-08-22,Organic Search,16,5,5,5,3,46.27
2025-08-22,Google Paid Search,25,6,6,5,1,1566.34
2025-08-22,Facebook/Instagram Ads,35,6,3,0,0,1689.16
2025-08-22,YouTube Ads,14,3,1,0,0,436.54
2025-08-22,LinkedIn,2,1,1,1,1,297.42
2025-08-22,Webinar/Events,8,4,4,4,2,419.68
2025-08-23,College Partnership Drive,15,9,9,9,4,502.17
2025-08-23,Referral,7,5,4,3,1,119.07
2025-08-23,Organic Search,15,5,5,5,1,17.77
2025-08-23,Google Paid Search,29,8,6,5,4,3343.93
2025-08-23,Facebook/Instagram Ads,29,5,1,1,1,1330.18
2025-08-23,YouTube Ads,10,2,2,2,2,625.53
2025-08-23,LinkedIn,4,2,1,0,0,697.48
2025-08-23,Webinar/Events,12,5,3,3,2,781.57
2025-08-24,College Partnership Drive,18,10,9,7,2,490.79
2025-08-24,Referral,4,3,3,3,3,92.57
2025-08-24,Organic Search,26,8,6,6,3,84.37
2025-08-24,Google Paid Search,33,9,8,6,0,4144.52
2025-08-24,Facebook/Instagram Ads,53,9,5,3,1,2601.44
2025-08-24,YouTube Ads,14,3,2,2,0,678.69
2025-08-24,LinkedIn,7,3,3,3,1,1067.37
2025-08-24,Webinar/Events,3,2,1,1,0,144.03
2025-08-25,College Partnership Drive,9,6,6,5,2,283.44
2025-08-25,Referral,4,3,3,3,1,62.69
2025-08-25,Organic Search,16,5,4,4,3,5.07
2025-08-25,Google Paid Search,37,8,8,4,1,3998.24
2025-08-25,Facebook/Instagram Ads,76,11,7,4,1,4777.89
2025-08-25,YouTube Ads,16,3,1,1,0,590.0
2025-08-25,LinkedIn,7,3,3,2,1,1373.3
2025-08-25,Webinar/Events,2,1,1,0,0,139.13
2025-08-26,College Partnership Drive,17,11,11,9,5,931.07
2025-08-26,Referral,8,5,4,3,0,86.84
2025-08-26,Organic Search,14,5,4,3,0,11.32
2025-08-26,Google Paid Search,26,7,6,3,3,3223.16
2025-08-26,Facebook/Instagram Ads,51,9,4,2,1,2569.38
2025-08-26,YouTube Ads,35,6,4,4,0,2452.99
2025-08-26,LinkedIn,7,3,3,3,2,858.34
2025-08-26,Webinar/Events,9,4,4,3,2,539.87
2025-08-27,College Partnership Drive,10,7,6,5,1,340.86
2025-08-27,Referral,9,6,5,5,4,248.05
2025-08-27,Organic Search,16,5,5,4,2,65.32
2025-08-27,Google Paid Search,44,11,9,6,2,3195.87
2025-08-27,Facebook/Instagram Ads,62,10,8,4,2,5030.15
2025-08-27,YouTube Ads,14,3,1,0,0,438.53
2025-08-27,LinkedIn,6,3,3,2,1,678.55
2025-08-27,Webinar/Events,14,7,7,6,4,1210.99
2025-08-28,College Partnership Drive,5,0,0,0,0,182.34
2025-08-28,Referral,5,0,0,0,0,72.35
2025-08-28,Organic Search,3,0,0,0,0,0.63
2025-08-28,Google Paid Search,4,0,0,0,0,425.17
2025-08-28,Facebook/Instagram Ads,2,0,0,0,0,160.64
2025-08-28,YouTube Ads,1,0,0,0,0,67.2
2025-08-28,LinkedIn,0,0,0,0,0,0.0
2025-08-28,Webinar/Events,2,0,0,0,0,143.78
2025-08-29,College Partnership Drive,1,0,0,0,0,38.91
2025-08-29,Referral,1,0,0,0,0,10.35
2025-08-29,Organic Search,3,0,0,0,0,14.81
2025-08-29,Google Paid Search,2,0,0,0,0,230.84
2025-08-29,Facebook/Instagram Ads,1,0,0,0,0,89.89
2025-08-29,YouTube Ads,5,0,0,0,0,369.46
2025-08-29,LinkedIn,1,0,0,0,0,177.16
2025-08-29,Webinar/Events,4,0,0,0,0,332.78
2025-08-30,College Partnership Drive,2,0,0,0,0,89.34
2025-08-30,Referral,1,0,0,0,0,23.99
2025-08-30,Organic Search,1,0,0,0,0,1.8
2025-08-30,Google Paid Search,2,0,0,0,0,144.8
2025-08-30,Facebook/Instagram Ads,0,0,0,0,0,0.0
2025-08-30,YouTube Ads,4,0,0,0,0,216.74
2025-08-30,LinkedIn,4,0,0,0,0,643.16
2025-08-30,Webinar/Events,4,0,0,0,0,232.1
2025-08-31,College Partnership Drive,1,0,0,0,0,35.86
2025-08-31,Referral,3,0,0,0,0,41.34
2025-08-31,Organic Search,1,0,0,0,0,0.57
2025-08-31,Google Paid Search,2,0,0,0,0,259.42
2025-08-31,Facebook/Instagram Ads,6,0,0,0,0,282.78
2025-08-31,YouTube Ads,0,0,0,0,0,0.0
2025-08-31,LinkedIn,1,0,0,0,0,136.98
2025-08-31,Webinar/Events,2,0,0,0,0,120.97
2025-09-01,College Partnership Drive,9,6,6,6,4,252.33
2025-09-01,Referral,7,4,4,4,2,105.97
2025-09-01,Organic Search,11,4,3,2,0,40.65
2025-09-01,Google Paid Search,13,3,3,3,2,1089.23
2025-09-01,Facebook/Instagram Ads,32,5,3,2,0,2712.69
2025-09-01,YouTube Ads,10,2,2,1,0,399.57
2025-09-01,LinkedIn,2,1,1,1,1,343.36
2025-09-01,Webinar/Events,8,4,4,2,1,720.86
2025-09-02,College Partnership Drive,22,16,16,16,9,590.26
2025-09-02,Referral,10,6,5,5,3,216.07
2025-09-02,Organic Search,14,5,3,2,0,41.31
2025-09-02,Google Paid Search,36,9,3,1,1,4213.86
2025-09-02,Facebook/Instagram Ads,75,14,7,4,1,5091.37
2025-09-02,YouTube Ads,31,6,5,2,0,1623.22
2025-09-02,LinkedIn,5,2,2,2,2,981.62
2025-09-02,Webinar/Events,12,6,5,4,2,713.66
2025-09-03,College Partnership Drive,20,12,12,12,6,934.56
2025-09-03,Referral,8,5,5,5,3,82.41
2025-09-03,Organic Search,5,2,2,2,1,9.24
2025-09-03,Google Paid Search,16,4,4,1,0,2182.33
2025-09-03,Facebook/Instagram Ads,45,7,5,5,0,3833.32
2025-09-03,YouTube Ads,9,2,1,1,1,543.62
2025-09-03,LinkedIn,4,2,1,0,0,364.58
2025-09-03,Webinar/Events,5,3,3,3,1,313.75
2025-09-04,College Partnership Drive,17,12,11,11,7,994.67
2025-09-04,Referral,11,6,6,4,2,317.0
2025-09-04,Organic Search,16,5,3,3,0,50.79
2025-09-04,Google Paid Search,16,4,3,3,2,1865.87
2025-09-04,Facebook/Instagram Ads,40,6,2,1,0,2909.28
2025-09-04,YouTube Ads,20,4,2,2,0,1255.31
2025-09-04,LinkedIn,7,3,3,3,1,649.33
2025-09-04,Webinar/Events,2,0,0,0,0,97.61
2025-09-05,College Partnership Drive,13,9,8,8,2,497.13
2025-09-05,Referral,5,3,2,2,2,79.89
2025-09-05,Organic Search,26,9,9,8,2,63.35
2025-09-05,Google Paid Search,23,6,4,4,1,1703.12
2025-09-05,Facebook/Instagram Ads,48,9,4,2,0,2392.63
2025-09-05,YouTube Ads,24,5,4,2,0,1508.24
2025-09-05,LinkedIn,7,3,3,3,0,1233.36
2025-09-05,Webinar/Events,4,2,1,1,0,386.84
2025-09-06,College Partnership Drive,5,4,4,3,1,267.2
2025-09-06,Referral,3,2,2,2,2,43.54
2025-09-06,Organic Search,29,9,5,4,0,113.29
2025-09-06,Google Paid Search,22,5,3,3,1,1866.85
2025-09-06,Facebook/Instagram Ads,29,5,3,3,0,1932.59
2025-09-06,YouTube Ads,9,2,1,1,0,340.93
2025-09-06,LinkedIn,5,2,1,1,0,819.74
2025-09-06,Webinar/Events,5,3,2,2,1,274.28
2025-09-07,College Partnership Drive,15,10,9,9,5,682.01
2025-09-07,Referral,5,3,3,3,0,65.98
2025-09-07,Organic Search,23,9,8,7,3,10.44
2025-09-07,Google Paid Search,18,4,4,3,1,1413.09
2025-09-07,Facebook/Instagram Ads,80,14,6,4,2,5468.25
2025-09-07,YouTube Ads,17,3,3,1,1,846.61
2025-09-07,LinkedIn,2,1,0,0,0,376.96
2025-09-07,Webinar/Events,8,4,3,3,2,645.7
2025-09-08,College Partnership Drive,15,11,10,10,4,615.44
2025-09-08,Referral,7,4,3,3,2,124.7
2025-09-08,Organic Search,13,5,3,3,1,46.91
2025-09-08,Google Paid Search,8,2,2,0,0,658.65
2025-09-08,Facebook/Instagram Ads,76,13,11,6,4,2942.24
2025-09-08,YouTube Ads,10,2,2,1,0,478.16
2025-09-08,LinkedIn,7,3,3,3,0,981.09
2025-09-08,Webinar/Events,2,1,1,1,1,84.56
2025-09-09,College Partnership Drive,14,9,8,8,5,554.97
2025-09-09,Referral,3,2,1,0,0,44.42
2025-09-09,Organic Search,15,6,6,3,2,15.74
2025-09-09,Google Paid Search,15,4,4,2,1,1130.48
2025-09-09,Facebook/Instagram Ads,74,13,3,1,0,5672.56
2025-09-09,YouTube Ads,14,3,0,0,0,555.38
2025-09-09,LinkedIn,9,4,4,3,1,1292.4
2025-09-09,Webinar/Events,11,5,2,2,0,691.26
2025-09-10,College Partnership Drive,8,5,5,5,4,423.16
2025-09-10,Referral,6,4,3,3,1,86.32
2025-09-10,Organic Search,13,5,4,4,1,8.96
2025-09-10,Google Paid Search,27,6,4,3,1,2640.44
2025-09-10,Facebook/Instagram Ads,42,6,2,2,0,2945.87
2025-09-10,YouTube Ads,20,4,3,1,0,636.55
2025-09-10,LinkedIn,9,4,4,4,1,1027.36
2025-09-10,Webinar/Events,7,0,0,0,0,546.75
2025-09-11,College Partnership Drive,13,9,8,6,2,432.73
2025-09-11,Referral,7,4,4,2,1,133.85
2025-09-11,Organic Search,13,5,3,2,1,62.43
2025-09-11,Google Paid Search,54,12,9,6,3,6027.29
2025-09-11,Facebook/Instagram Ads,90,14,7,4,1,7639.19
2025-09-11,YouTube Ads,27,5,2,2,2,1703.3
2025-09-11,LinkedIn,6,3,3,2,1,852.26
2025-09-11,Webinar/Events,19,8,7,6,3,1079.82
2025-09-12,College Partnership Drive,4,3,3,2,2,167.63
2025-09-12,Referral,5,3,3,3,2,92.6
2025-09-12,Organic Search,12,4,3,2,0,1.31
2025-09-12,Google Paid Search,28,7,6,5,0,3873.99
2025-09-12,Facebook/Instagram Ads,73,11,4,1,1,3862.9
2025-09-12,YouTube Ads,13,3,1,1,1,463.15
2025-09-12,LinkedIn,2,1,1,1,0,320.53
2025-09-12,Webinar/Events,1,1,1,1,0,91.49
2025-09-13,College Partnership Drive,10,6,4,4,2,300.61
2025-09-13,Referral,9,6,6,6,4,124.7
2025-09-13,Organic Search,19,7,5,5,1,17.91
2025-09-13,Google Paid Search,21,5,4,4,2,2770.11
2025-09-13,Facebook/Instagram Ads,59,11,7,5,4,2474.42
2025-09-13,YouTube Ads,18,4,2,1,0,835.15
2025-09-13,LinkedIn,10,4,4,4,1,2183.9
2025-09-13,Webinar/Events,7,4,4,2,2,563.41
2025-09-14,College Partnership Drive,7,5,5,4,4,346.71
2025-09-14,Referral,12,7,6,6,3,132.32
2025-09-14,Organic Search,10,4,3,3,1,18.42
2025-09-14,Google Paid Search,18,4,3,2,2,1791.98
2025-09-14,Facebook/Instagram Ads,34,6,5,3,1,3016.42
2025-09-14,YouTube Ads,4,1,0,0,0,254.77
2025-09-14,LinkedIn,5,2,2,2,1,645.24
2025-09-14,Webinar/Events,9,4,2,2,1,640.33
2025-09-15,College Partnership Drive,18,10,9,7,3,849.65
2025-09-15,Referral,2,2,2,2,1,56.62
2025-09-15,Organic Search,8,3,3,3,2,16.94
2025-09-15,Google Paid Search,11,3,2,2,0,700.44
2025-09-15,Facebook/Instagram Ads,43,7,6,5,3,2532.37
2025-09-15,YouTube Ads,17,3,3,1,0,762.79
2025-09-15,LinkedIn,15,6,6,6,1,1599.27
2025-09-15,Webinar/Events,8,4,4,3,2,440.74
2025-09-16,College Partnership Drive,9,6,6,3,3,234.31
2025-09-16,Referral,1,1,1,1,1,12.4
2025-09-16,Organic Search,10,4,3,2,1,17.18
2025-09-16,Google Paid Search,32,7,6,5,4,3031.9
2025-09-16,Facebook/Instagram Ads,45,8,4,1,0,2702.81
2025-09-16,YouTube Ads,51,9,8,7,2,3670.91
2025-09-16,LinkedIn,4,2,2,2,0,737.75
2025-09-16,Webinar/Events,2,1,0,0,0,170.19
2025-09-17,College Partnership Drive,8,5,5,4,2,279.61
2025-09-17,Referral,13,7,4,4,3,141.73
2025-09-17,Organic Search,13,4,3,3,2,9.83
2025-09-17,Google Paid Search,23,6,4,4,2,1438.26
2025-09-17,Facebook/Instagram Ads,43,7,5,3,1,1586.17
2025-09-17,YouTube Ads,17,3,1,1,1,932.75
2025-09-17,LinkedIn,4,2,2,2,1,501.98
2025-09-17,Webinar/Events,2,0,0,0,0,152.65
2025-09-18,College Partnership Drive,12,8,8,6,2,517.59
2025-09-18,Referral,11,6,6,6,5,325.93
2025-09-18,Organic Search,22,7,6,6,1,1.93
2025-09-18,Google Paid Search,7,2,1,1,0,837.68
2025-09-18,Facebook/Instagram Ads,35,5,1,1,0,2776.31
2025-09-18,YouTube Ads,0,0,0,0,0,0.0
2025-09-18,LinkedIn,11,4,2,2,0,1741.96
2025-09-18,Webinar/Events,1,1,1,1,1,72.14
2025-09-19,College Partnership Drive,6,4,4,4,3,325.28
2025-09-19,Referral,5,3,3,3,1,50.19
2025-09-19,Organic Search,6,2,1,1,1,10.78
2025-09-19,Google Paid Search,29,7,6,6,4,2245.52
2025-09-19,Facebook/Instagram Ads,78,11,5,4,1,4388.4
2025-09-19,YouTube Ads,5,1,0,0,0,209.42
2025-09-19,LinkedIn,2,0,0,0,0,377.78
2025-09-19,Webinar/Events,6,3,3,2,0,367.21
2025-09-20,College Partnership Drive,3,2,2,2,0,101.88
2025-09-20,Referral,6,4,4,4,2,140.66
2025-09-20,Organic Search,5,2,2,2,1,20.66
2025-09-20,Google Paid Search,31,7,5,5,3,3360.94
2025-09-20,Facebook/Instagram Ads,71,13,10,1,0,4974.84
2025-09-20,YouTube Ads,4,1,0,0,0,218.11
2025-09-20,LinkedIn,4,2,2,2,1,403.36
2025-09-20,Webinar/Events,5,3,3,2,1,414.83
2025-09-21,College Partnership Drive,18,11,10,10,6,1043.05
2025-09-21,Referral,8,5,4,4,2,135.0
2025-09-21,Organic Search,5,2,2,2,0,7.96
2025-09-21,Google Paid Search,21,6,5,5,1,2787.5
2025-09-21,Facebook/Instagram Ads,80,14,9,3,2,2858.67
2025-09-21,YouTube Ads,5,1,0,0,0,308.87
2025-09-21,LinkedIn,2,1,0,0,0,228.84
2025-09-21,Webinar/Events,11,5,4,4,1,1069.54
2025-09-22,College Partnership Drive,14,8,8,7,5,568.45
2025-09-22,Referral,5,3,3,3,3,149.83
2025-09-22,Organic Search,13,4,3,1,1,3.17
2025-09-22,Google Paid Search,32,7,2,1,1,3661.48
2025-09-22,Facebook/Instagram Ads,33,5,2,1,0,1316.46
2025-09-22,YouTube Ads,30,5,2,1,0,1568.68
2025-09-22,LinkedIn,3,0,0,0,0,369.91
2025-09-22,Webinar/Events,11,5,5,3,1,761.38
2025-09-23,College Partnership Drive,11,7,7,6,2,296.55
2025-09-23,Referral,8,5,4,4,4,230.81
2025-09-23,Organic Search,20,7,6,5,2,43.65
2025-09-23,Google Paid Search,18,4,4,4,1,1784.49
2025-09-23,Facebook/Instagram Ads,68,10,7,3,0,5608.41
2025-09-23,YouTube Ads,22,4,2,1,1,1528.15
2025-09-23,LinkedIn,5,2,1,0,0,1086.69
2025-09-23,Webinar/Events,12,6,5,3,1,545.57
2025-09-24,College Partnership Drive,10,6,6,4,4,331.08
2025-09-24,Referral,3,2,2,2,2,40.21
2025-09-24,Organic Search,34,11,11,10,3,65.21
2025-09-24,Google Paid Search,26,7,5,5,3,3130.89
2025-09-24,Facebook/Instagram Ads,43,7,5,3,1,2242.35
2025-09-24,YouTube Ads,27,5,4,2,1,1555.06
2025-09-24,LinkedIn,12,5,5,5,2,2403.43
2025-09-24,Webinar/Events,9,5,4,2,1,526.61
2025-09-25,College Partnership Drive,6,4,3,2,0,321.65
2025-09-25,Referral,9,6,6,6,4,262.68
2025-09-25,Organic Search,19,7,6,6,2,7.75
2025-09-25,Google Paid Search,12,3,1,1,0,1312.08
2025-09-25,Facebook/Instagram Ads,77,13,4,2,1,3124.11
2025-09-25,YouTube Ads,16,3,1,0,0,1070.37
2025-09-25,LinkedIn,2,1,0,0,0,196.59
2025-09-25,Webinar/Events,12,5,5,4,0,890.29
2025-09-26,College Partnership Drive,12,9,7,4,1,711.75
2025-09-26,Referral,8,5,4,4,3,120.48
2025-09-26,Organic Search,8,3,3,2,2,33.37
2025-09-26,Google Paid Search,26,6,3,0,0,2502.87
2025-09-26,Facebook/Instagram Ads,57,8,4,3,2,4971.05
2025-09-26,YouTube Ads,17,3,2,1,1,792.48
2025-09-26,LinkedIn,2,0,0,0,0,246.26
2025-09-26,Webinar/Events,2,0,0,0,0,163.54
2025-09-27,College Partnership Drive,9,7,7,7,5,446.57
2025-09-27,Referral,9,5,5,4,0,171.32
2025-09-27,Organic Search,27,9,6,6,1,5.36
2025-09-27,Google Paid Search,14,3,3,2,0,1887.8
2025-09-27,Facebook/Instagram Ads,65,11,7,1,0,2770.51
2025-09-27,YouTube Ads,10,2,2,1,0,708.4
2025-09-27,LinkedIn,7,3,3,3,2,1349.11
2025-09-27,Webinar/Events,8,4,4,2,1,334.06
2025-09-28,College Partnership Drive,1,0,0,0,0,35.23
2025-09-28,Referral,1,0,0,0,0,23.19
2025-09-28,Organic Search,3,0,0,0,0,0.96
2025-09-28,Google Paid Search,1,0,0,0,0,68.38
2025-09-28,Facebook/Instagram Ads,0,0,0,0,0,0.0
2025-09-28,YouTube Ads,0,0,0,0,0,0.0
2025-09-28,LinkedIn,3,0,0,0,0,444.79
2025-09-28,Webinar/Events,1,0,0,0,0,53.11
2025-09-29,College Partnership Drive,5,0,0,0,0,188.4
2025-09-29,Referral,4,0,0,0,0,48.09
2025-09-29,Organic Search,2,0,0,0,0,8.08
2025-09-29,Google Paid Search,1,0,0,0,0,61.9
2025-09-29,Facebook/Instagram Ads,2,0,0,0,0,70.81
2025-09-29,YouTube Ads,2,0,0,0,0,88.99
2025-09-29,LinkedIn,2,0,0,0,0,227.98
2025-09-29,Webinar/Events,0,0,0,0,0,0.0
2025-09-30,College Partnership Drive,1,0,0,0,0,47.62
2025-09-30,Referral,3,0,0,0,0,54.88
2025-09-30,Organic Search,6,0,0,0,0,20.82
2025-09-30,Google Paid Search,3,0,0,0,0,284.75
2025-09-30,Facebook/Instagram Ads,2,0,0,0,0,111.79
2025-09-30,YouTube Ads,0,0,0,0,0,0.0
2025-09-30,LinkedIn,0,0,0,0,0,0.0
2025-09-30,Webinar/Events,3,0,0,0,0,150.65
2025-10-01,College Partnership Drive,8,5,5,5,2,336.74
2025-10-01,Referral,13,8,8,5,3,289.2
2025-10-01,Organic Search,23,7,4,3,2,49.14
2025-10-01,Google Paid Search,18,5,3,2,2,1499.48
2025-10-01,Facebook/Instagram Ads,37,6,2,2,1,2449.41
2025-10-01,YouTube Ads,20,4,3,3,2,875.16
2025-10-01,LinkedIn,6,3,2,2,0,1239.17
2025-10-01,Webinar/Events,4,2,1,1,1,380.49
2025-10-02,College Partnership Drive,4,3,3,2,2,202.26
2025-10-02,Referral,4,3,3,3,2,99.8
2025-10-02,Organic Search,14,5,4,2,1,49.9
2025-10-02,Google Paid Search,19,5,3,2,1,2369.9
2025-10-02,Facebook/Instagram Ads,51,8,5,3,1,4333.6
2025-10-02,YouTube Ads,5,1,1,1,0,309.04
2025-10-02,LinkedIn,2,1,1,1,0,220.2
2025-10-02,Webinar/Events,4,2,1,1,0,263.21
2025-10-03,College Partnership Drive,9,6,6,6,5,450.28
2025-10-03,Referral,3,2,2,2,1,88.71
2025-10-03,Organic Search,20,7,6,5,1,1.16
2025-10-03,Google Paid Search,22,5,4,2,0,2446.52
2025-10-03,Facebook/Instagram Ads,43,8,5,4,1,3194.7
2025-10-03,YouTube Ads,4,1,1,1,0,289.84
2025-10-03,LinkedIn,4,2,2,2,2,786.74
2025-10-03,Webinar/Events,2,1,1,1,1,98.38
2025-10-04,College Partnership Drive,7,5,5,4,1,303.59
2025-10-04,Referral,7,4,4,4,1,171.13
2025-10-04,Organic Search,15,5,3,3,3,29.4
2025-10-04,Google Paid Search,11,3,2,1,1,1349.98
2025-10-04,Facebook/Instagram Ads,28,5,5,3,1,2079.6
2025-10-04,YouTube Ads,14,3,1,1,0,744.06
2025-10-04,LinkedIn,1,0,0,0,0,137.28
2025-10-04,Webinar/Events,7,3,3,2,0,292.65
2025-10-05,College Partnership Drive,12,8,7,7,4,709.29
2025-10-05,Referral,3,2,2,2,0,79.68
2025-10-05,Organic Search,16,6,5,3,0,32.92
2025-10-05,Google Paid Search,27,6,6,6,1,2958.73
2025-10-05,Facebook/Instagram Ads,65,10,9,5,1,5728.41
2025-10-05,YouTube Ads,23,5,2,1,0,1631.7
2025-10-05,LinkedIn,4,2,2,2,1,660.48
2025-10-05,Webinar/Events,3,2,2,2,2,196.73
2025-10-06,College Partnership Drive,14,8,8,8,3,491.38
2025-10-06,Referral,8,5,5,3,2,159.87
2025-10-06,Organic Search,5,2,2,2,0,4.68
2025-10-06,Google Paid Search,17,4,3,3,2,1919.3
2025-10-06,Facebook/Instagram Ads,75,12,7,2,0,4805.62
2025-10-06,YouTube Ads,1,0,0,0,0,66.22
2025-10-06,LinkedIn,2,1,1,1,1,417.61
2025-10-06,Webinar/Events,9,4,3,3,3,383.17
2025-10-07,College Partnership Drive,8,6,6,4,3,271.04
2025-10-07,Referral,6,4,4,4,4,80.58
2025-10-07,Organic Search,12,4,3,2,1,21.3
2025-10-07,Google Paid Search,20,5,2,2,0,1522.95
2025-10-07,Facebook/Instagram Ads,37,6,3,1,0,2273.79
2025-10-07,YouTube Ads,24,5,4,2,0,751.04
2025-10-07,LinkedIn,2,1,0,0,0,203.1
2025-10-07,Webinar/Events,9,5,4,1,0,544.01
2025-10-08,College Partnership Drive,7,5,4,3,2,264.84
2025-10-08,Referral,4,3,2,1,0,45.96
2025-10-08,Organic Search,13,5,4,4,3,55.96
2025-10-08,Google Paid Search,16,4,3,3,0,1712.73
2025-10-08,Facebook/Instagram Ads,28,4,2,2,0,1889.71
2025-10-08,YouTube Ads,5,1,1,0,0,196.67
2025-10-08,LinkedIn,3,0,0,0,0,451.17
2025-10-08,Webinar/Events,10,5,4,3,0,931.14
2025-10-09,College Partnership Drive,4,3,3,3,3,199.15
2025-10-09,Referral,3,2,2,2,1,34.51
2025-10-09,Organic Search,12,4,2,2,1,58.9
2025-10-09,Google Paid Search,4,1,1,1,1,397.12
2025-10-09,Facebook/Instagram Ads,55,9,5,3,1,2528.0
2025-10-09,YouTube Ads,31,7,3,2,1,996.13
2025-10-09,LinkedIn,8,4,4,4,2,1684.31
2025-10-09,Webinar/Events,3,2,1,1,0,142.68
2025-10-10,College Partnership Drive,20,11,11,11,3,583.71
2025-10-10,Referral,8,5,5,4,1,177.11
2025-10-10,Organic Search,11,4,4,2,1,22.84
2025-10-10,Google Paid Search,23,6,4,4,2,3101.27
2025-10-10,Facebook/Instagram Ads,85,13,7,5,0,7587.45
2025-10-10,YouTube Ads,18,4,2,2,1,621.91
2025-10-10,LinkedIn,1,0,0,0,0,92.11
2025-10-10,Webinar/Events,8,4,4,3,1,605.05
2025-10-11,College Partnership Drive,6,4,4,2,1,186.1
2025-10-11,Referral,5,3,3,3,3,135.74
2025-10-11,Organic Search,6,2,2,2,1,11.26
2025-10-11,Google Paid Search,15,4,4,4,1,1752.38
2025-10-11,Facebook/Instagram Ads,48,7,3,2,1,2630.75
2025-10-11,YouTube Ads,9,2,1,1,0,467.42
2025-10-11,LinkedIn,2,1,1,1,1,356.48
2025-10-11,Webinar/Events,5,3,1,0,0,268.62
2025-10-12,College Partnership Drive,7,4,2,1,1,345.65
2025-10-12,Referral,5,3,2,2,1,115.96
2025-10-12,Organic Search,17,7,7,6,4,63.33
2025-10-12,Google Paid Search,7,2,2,1,0,893.76
2025-10-12,Facebook/Instagram Ads,42,7,3,2,0,2464.27
2025-10-12,YouTube Ads,12,2,2,1,0,780.87
2025-10-12,LinkedIn,15,6,5,4,1,3159.36
2025-10-12,Webinar/Events,4,2,2,2,2,250.4
2025-10-13,College Partnership Drive,3,2,2,1,1,132.89
2025-10-13,Referral,6,4,3,3,3,160.61
2025-10-13,Organic Search,14,5,4,4,3,25.42
2025-10-13,Google Paid Search,4,1,1,1,1,523.92
2025-10-13,Facebook/Instagram Ads,64,10,9,3,1,4766.33
2025-10-13,YouTube Ads,11,2,1,1,0,758.57
2025-10-13,LinkedIn,5,2,2,2,2,508.32
2025-10-13,Webinar/Events,7,3,3,3,2,378.76
2025-10-14,College Partnership Drive,4,3,2,2,1,226.6
2025-10-14,Referral,5,3,3,3,1,85.81
2025-10-14,Organic Search,6,2,2,2,2,26.47
2025-10-14,Google Paid Search,17,4,1,1,0,1083.95
2025-10-14,Facebook/Instagram Ads,37,6,1,0,0,2618.84
2025-10-14,YouTube Ads,23,5,3,2,1,989.24
2025-10-14,LinkedIn,4,2,1,1,1,693.03
2025-10-14,Webinar/Events,6,3,3,1,1,508.73
2025-10-15,College Partnership Drive,9,6,6,4,3,439.31
2025-10-15,Referral,5,3,2,2,1,115.68
2025-10-15,Organic Search,18,6,6,6,1,11.4
2025-10-15,Google Paid Search,12,3,3,0,0,1319.05
2025-10-15,Facebook/Instagram Ads,94,14,10,2,1,5394.27
2025-10-15,YouTube Ads,22,4,4,2,1,675.47
2025-10-15,LinkedIn,6,3,2,2,2,798.61
2025-10-15,Webinar/Events,12,6,4,3,1,1131.91
2025-10-16,College Partnership Drive,8,6,6,4,1,335.97
2025-10-16,Referral,15,9,9,9,5,238.44
2025-10-16,Organic Search,30,11,8,8,3,82.25
2025-10-16,Google Paid Search,29,7,5,5,4,2638.93
2025-10-16,Facebook/Instagram Ads,92,13,10,7,2,7562.2
2025-10-16,YouTube Ads,31,7,6,4,2,1942.21
2025-10-16,LinkedIn,2,1,1,1,1,341.14
2025-10-16,Webinar/Events,11,6,5,5,2,775.07
2025-10-17,College Partnership Drive,9,6,5,5,3,394.12
2025-10-17,Referral,4,3,2,2,0,77.13
2025-10-17,Organic Search,23,9,5,5,2,9.8
2025-10-17,Google Paid Search,8,2,2,2,1,809.1
2025-10-17,Facebook/Instagram Ads,55,9,5,2,0,4490.26
2025-10-17,YouTube Ads,4,1,1,0,0,215.19
2025-10-17,LinkedIn,9,4,4,4,1,1231.49
2025-10-17,Webinar/Events,6,3,3,3,0,527.17
2025-10-18,College Partnership Drive,6,4,4,4,1,260.5
2025-10-18,Referral,11,6,6,6,6,118.59
2025-10-18,Organic Search,13,5,4,4,4,1.92
2025-10-18,Google Paid Search,16,4,3,2,0,1538.41
2025-10-18,Facebook/Instagram Ads,56,8,3,1,1,4857.93
2025-10-18,YouTube Ads,17,3,2,1,0,1196.34
2025-10-18,LinkedIn,4,2,2,2,0,589.0
2025-10-18,Webinar/Events,9,4,4,3,3,752.66
2025-10-19,College Partnership Drive,13,8,8,6,2,428.83
2025-10-19,Referral,1,1,1,0,0,21.53
2025-10-19,Organic Search,19,6,4,3,1,71.25
2025-10-19,Google Paid Search,13,3,1,1,0,1577.43
2025-10-19,Facebook/Instagram Ads,28,4,4,1,1,2194.01
2025-10-19,YouTube Ads,11,2,1,1,0,573.26
2025-10-19,LinkedIn,4,2,2,2,2,876.7
2025-10-19,Webinar/Events,2,1,1,0,0,158.77
2025-10-20,College Partnership Drive,4,3,3,3,2,204.32
2025-10-20,Referral,3,2,1,1,0,47.53
2025-10-20,Organic Search,6,2,2,2,0,2.97
2025-10-20,Google Paid Search,17,4,4,2,0,1630.53
2025-10-20,Facebook/Instagram Ads,38,6,4,3,0,2879.59
2025-10-20,YouTube Ads,20,4,3,2,0,623.03
2025-10-20,LinkedIn,8,3,3,3,0,1234.96
2025-10-20,Webinar/Events,2,1,1,1,1,155.07
2025-10-21,College Partnership Drive,4,3,3,2,0,105.06
2025-10-21,Referral,8,5,5,5,3,226.57
2025-10-21,Organic Search,19,6,5,5,4,33.81
2025-10-21,Google Paid Search,12,3,3,2,0,1018.58
2025-10-21,Facebook/Instagram Ads,11,2,0,0,0,754.41
2025-10-21,YouTube Ads,18,4,4,3,0,1251.81
2025-10-21,LinkedIn,2,1,1,1,0,412.58
2025-10-21,Webinar/Events,9,4,2,1,1,763.82
2025-10-22,College Partnership Drive,5,4,4,1,1,260.54
2025-10-22,Referral,6,4,4,4,4,80.91
2025-10-22,Organic Search,16,6,6,4,0,39.05
2025-10-22,Google Paid Search,11,3,2,2,1,1412.46
2025-10-22,Facebook/Instagram Ads,27,4,4,3,2,2122.97
2025-10-22,YouTube Ads,18,4,2,2,1,877.02
2025-10-22,LinkedIn,2,1,1,1,0,186.3
2025-10-22,Webinar/Events,5,3,3,3,1,242.03
2025-10-23,College Partnership Drive,10,6,5,5,3,492.49
2025-10-23,Referral,4,3,3,3,1,48.69
2025-10-23,Organic Search,12,5,4,4,1,1.9
2025-10-23,Google Paid Search,4,1,0,0,0,494.23
2025-10-23,Facebook/Instagram Ads,79,14,8,5,2,5897.18
2025-10-23,YouTube Ads,16,3,1,1,1,997.79
2025-10-23,LinkedIn,2,1,1,1,1,258.14
2025-10-23,Webinar/Events,2,0,0,0,0,82.07
2025-10-24,College Partnership Drive,1,1,1,1,1,40.35
2025-10-24,Referral,7,5,5,5,3,109.21
2025-10-24,Organic Search,19,7,5,3,2,74.31
2025-10-24,Google Paid Search,12,3,2,1,1,1539.92
2025-10-24,Facebook/Instagram Ads,18,3,1,0,0,1106.76
2025-10-24,YouTube Ads,33,6,2,1,0,2390.67
2025-10-24,LinkedIn,2,1,1,1,0,331.72
2025-10-24,Webinar/Events,10,5,5,3,2,691.67
2025-10-25,College Partnership Drive,8,6,6,6,3,243.12
2025-10-25,Referral,8,5,4,4,2,103.07
2025-10-25,Organic Search,10,3,3,3,0,34.6
2025-10-25,Google Paid Search,33,7,5,5,2,2046.1
2025-10-25,Facebook/Instagram Ads,61,9,5,3,1,3124.53
2025-10-25,YouTube Ads,22,4,4,3,1,1582.07
2025-10-25,LinkedIn,2,1,1,1,0,277.81
2025-10-25,Webinar/Events,8,4,3,2,2,356.61
2025-10-26,College Partnership Drive,8,5,5,5,3,388.2
2025-10-26,Referral,4,3,2,2,1,69.88
2025-10-26,Organic Search,9,3,2,2,0,2.38
2025-10-26,Google Paid Search,18,5,3,2,2,1995.26
2025-10-26,Facebook/Instagram Ads,52,8,3,2,0,2912.2
2025-10-26,YouTube Ads,4,1,1,1,0,232.17
2025-10-26,LinkedIn,2,1,0,0,0,385.96
2025-10-26,Webinar/Events,6,3,2,2,2,337.93
2025-10-27,College Partnership Drive,8,5,5,5,2,281.29
2025-10-27,Referral,9,6,5,5,4,225.43
2025-10-27,Organic Search,24,8,5,4,1,91.29
2025-10-27,Google Paid Search,4,1,1,1,1,366.77
2025-10-27,Facebook/Instagram Ads,68,10,5,5,1,2734.47
2025-10-27,YouTube Ads,11,2,2,2,2,589.78
2025-10-27,LinkedIn,2,1,1,1,1,358.87
2025-10-27,Webinar/Events,9,5,5,5,0,723.46
2025-10-28,College Partnership Drive,0,0,0,0,0,0.0
2025-10-28,Referral,3,0,0,0,0,52.99
2025-10-28,Organic Search,3,0,0,0,0,3.65
2025-10-28,Google Paid Search,4,0,0,0,0,279.55
2025-10-28,Facebook/Instagram Ads,2,0,0,0,0,134.05
2025-10-28,YouTube Ads,1,0,0,0,0,32.27
2025-10-28,LinkedIn,1,0,0,0,0,179.71
2025-10-28,Webinar/Events,1,0,0,0,0,52.91
2025-10-29,College Partnership Drive,1,0,0,0,0,35.24
2025-10-29,Referral,2,0,0,0,0,33.57
2025-10-29,Organic Search,5,0,0,0,0,14.25
2025-10-29,Google Paid Search,2,0,0,0,0,131.54
2025-10-29,Facebook/Instagram Ads,2,0,0,0,0,95.41
2025-10-29,YouTube Ads,3,0,0,0,0,176.51
2025-10-29,LinkedIn,2,0,0,0,0,379.13
2025-10-29,Webinar/Events,2,0,0,0,0,142.18
2025-10-30,College Partnership Drive,2,0,0,0,0,60.2
2025-10-30,Referral,1,0,0,0,0,18.73
2025-10-30,Organic Search,1,0,0,0,0,1.06
2025-10-30,Google Paid Search,3,0,0,0,0,284.79
2025-10-30,Facebook/Instagram Ads,0,0,0,0,0,0.0
2025-10-30,YouTube Ads,2,0,0,0,0,85.54
2025-10-30,LinkedIn,3,0,0,0,0,453.99
2025-10-30,Webinar/Events,3,0,0,0,0,214.51
2025-10-31,College Partnership Drive,0,0,0,0,0,0.0
2025-10-31,Referral,4,0,0,0,0,84.73
2025-10-31,Organic Search,0,0,0,0,0,0.0
2025-10-31,Google Paid Search,1,0,0,0,0,136.12
2025-10-31,Facebook/Instagram Ads,3,0,0,0,0,249.09
2025-10-31,YouTube Ads,3,0,0,0,0,150.85
2025-10-31,LinkedIn,3,0,0,0,0,647.91
2025-10-31,Webinar/Events,3,0,0,0,0,172.55
2025-11-01,College Partnership Drive,7,4,4,4,1,194.44
2025-11-01,Referral,3,2,2,2,2,32.25
2025-11-01,Organic Search,11,4,3,3,2,52.39
2025-11-01,Google Paid Search,19,5,4,4,0,1492.75
2025-11-01,Facebook/Instagram Ads,23,4,3,0,0,2058.65
2025-11-01,YouTube Ads,11,2,2,0,0,820.46
2025-11-01,LinkedIn,4,2,2,2,1,395.2
2025-11-01,Webinar/Events,3,2,2,2,0,132.0
2025-11-02,College Partnership Drive,10,6,6,5,1,430.54
2025-11-02,Referral,3,2,1,1,1,30.65
2025-11-02,Organic Search,2,1,1,1,1,8.24
2025-11-02,Google Paid Search,4,1,1,0,0,460.07
2025-11-02,Facebook/Instagram Ads,17,3,1,1,0,1197.26
2025-11-02,YouTube Ads,31,7,4,3,1,1586.78
2025-11-02,LinkedIn,0,0,0,0,0,0.0
2025-11-02,Webinar/Events,10,5,5,5,1,753.43
2025-11-03,College Partnership Drive,1,1,1,1,1,27.31
2025-11-03,Referral,6,4,4,4,3,160.81
2025-11-03,Organic Search,5,2,1,1,1,0.04
2025-11-03,Google Paid Search,26,6,5,5,1,3585.57
2025-11-03,Facebook/Instagram Ads,25,4,2,1,1,1367.63
2025-11-03,YouTube Ads,15,3,2,1,1,954.07
2025-11-03,LinkedIn,4,2,2,2,0,725.55
2025-11-03,Webinar/Events,4,2,2,2,1,285.92
2025-11-04,College Partnership Drive,7,5,5,5,3,220.3
2025-11-04,Referral,5,3,3,3,1,111.19
2025-11-04,Organic Search,2,1,1,1,1,7.44
2025-11-04,Google Paid Search,11,3,3,3,2,1005.43
2025-11-04,Facebook/Instagram Ads,26,5,3,0,0,1690.16
2025-11-04,YouTube Ads,5,1,1,0,0,279.3
2025-11-04,LinkedIn,2,0,0,0,0,317.33
2025-11-04,Webinar/Events,8,4,1,1,1,603.92
2025-11-05,College Partnership Drive,4,3,3,3,2,158.53
2025-11-05,Referral,3,2,2,2,1,58.42
2025-11-05,Organic Search,3,1,1,1,1,9.4
2025-11-05,Google Paid Search,12,3,2,2,1,1020.82
2025-11-05,Facebook/Instagram Ads,34,5,3,0,0,1483.67
2025-11-05,YouTube Ads,18,4,4,3,2,980.17
2025-11-05,LinkedIn,4,2,0,0,0,603.36
2025-11-05,Webinar/Events,2,1,1,1,0,96.4
2025-11-06,College Partnership Drive,10,7,6,5,5,525.66
2025-11-06,Referral,6,4,4,4,2,119.87
2025-11-06,Organic Search,4,0,0,0,0,16.86
2025-11-06,Google Paid Search,4,1,0,0,0,296.91
2025-11-06,Facebook/Instagram Ads,40,6,3,2,0,3450.23
2025-11-06,YouTube Ads,21,4,1,0,0,1405.5
2025-11-06,LinkedIn,2,1,1,1,0,375.62
2025-11-06,Webinar/Events,4,2,2,2,1,203.15
2025-11-07,College Partnership Drive,4,3,3,2,0,227.98
2025-11-07,Referral,5,4,4,4,2,96.38
2025-11-07,Organic Search,5,2,1,1,1,10.93
2025-11-07,Google Paid Search,9,2,2,2,1,1191.01
2025-11-07,Facebook/Instagram Ads,45,7,2,1,0,2149.31
2025-11-07,YouTube Ads,11,2,0,0,0,485.71
2025-11-07,LinkedIn,2,1,1,1,0,407.51
2025-11-07,Webinar/Events,1,0,0,0,0,73.81
2025-11-08,College Partnership Drive,10,6,5,4,2,392.79
2025-11-08,Referral,7,4,4,4,3,159.17
2025-11-08,Organic Search,15,5,4,4,1,57.35
2025-11-08,Google Paid Search,28,6,5,4,1,2817.89
2025-11-08,Facebook/Instagram Ads,48,8,6,2,0,3602.15
2025-11-08,YouTube Ads,14,3,2,1,1,593.53
2025-11-08,LinkedIn,2,1,0,0,0,232.58
2025-11-08,Webinar/Events,2,1,1,1,1,106.06
2025-11-09,College Partnership Drive,3,2,2,2,1,110.04
2025-11-09,Referral,1,1,1,1,0,23.6
2025-11-09,Organic Search,14,5,3,2,1,29.6
2025-11-09,Google Paid Search,11,3,2,2,1,1519.8
2025-11-09,Facebook/Instagram Ads,19,3,2,0,0,750.91
2025-11-09,YouTube Ads,10,2,2,1,0,664.33
2025-11-09,LinkedIn,5,2,1,1,1,923.87
2025-11-09,Webinar/Events,7,3,3,3,3,483.15
2025-11-10,College Partnership Drive,6,4,4,4,1,191.82
2025-11-10,Referral,3,2,2,2,2,89.89
2025-11-10,Organic Search,17,6,4,4,1,2.93
2025-11-10,Google Paid Search,32,7,2,2,0,3146.25
2025-11-10,Facebook/Instagram Ads,40,6,2,2,0,2585.81
2025-11-10,YouTube Ads,3,0,0,0,0,112.66
2025-11-10,LinkedIn,2,1,1,1,1,427.65
2025-11-10,Webinar/Events,6,3,3,2,2,508.21
2025-11-11,College Partnership Drive,5,3,3,3,2,284.63
2025-11-11,Referral,6,4,4,3,1,78.48
2025-11-11,Organic Search,22,7,6,6,3,83.74
2025-11-11,Google Paid Search,18,4,3,2,0,2400.87
2025-11-11,Facebook/Instagram Ads,48,8,2,1,0,3419.02
2025-11-11,YouTube Ads,5,1,0,0,0,334.95
2025-11-11,LinkedIn,2,1,1,1,1,425.74
2025-11-11,Webinar/Events,7,3,3,3,2,548.52
2025-11-12,College Partnership Drive,4,3,3,3,2,198.1
2025-11-12,Referral,5,3,3,3,2,124.65
2025-11-12,Organic Search,7,3,2,2,2,24.46
2025-11-12,Google Paid Search,8,2,2,1,1,691.89
2025-11-12,Facebook/Instagram Ads,20,3,1,0,0,1595.06
2025-11-12,YouTube Ads,4,1,1,0,0,129.72
2025-11-12,LinkedIn,10,5,4,3,3,2185.13
2025-11-12,Webinar/Events,4,2,2,2,2,235.08
2025-11-13,College Partnership Drive,8,6,5,5,3,231.7
2025-11-13,Referral,1,1,1,1,0,14.47
2025-11-13,Organic Search,5,2,2,1,1,8.71
2025-11-13,Google Paid Search,22,6,4,2,1,2284.16
2025-11-13,Facebook/Instagram Ads,40,7,3,1,1,1595.43
2025-11-13,YouTube Ads,0,0,0,0,0,0.0
2025-11-13,LinkedIn,7,3,1,0,0,1138.63
2025-11-13,Webinar/Events,8,4,4,1,0,525.37
2025-11-14,College Partnership Drive,12,7,7,7,2,605.09
2025-11-14,Referral,3,2,2,2,1,39.19
2025-11-14,Organic Search,5,2,2,1,1,19.9
2025-11-14,Google Paid Search,21,5,4,4,2,2145.38
2025-11-14,Facebook/Instagram Ads,69,11,6,4,1,4286.35
2025-11-14,YouTube Ads,10,2,1,1,0,374.29
2025-11-14,LinkedIn,2,1,1,1,1,216.34
2025-11-14,Webinar/Events,6,3,3,3,3,246.05
2025-11-15,College Partnership Drive,9,6,5,4,1,371.98
2025-11-15,Referral,5,3,3,2,2,60.62
2025-11-15,Organic Search,16,5,5,5,1,71.1
2025-11-15,Google Paid Search,7,2,0,0,0,870.78
2025-11-15,Facebook/Instagram Ads,49,8,6,2,0,2107.45
2025-11-15,YouTube Ads,1,0,0,0,0,59.61
2025-11-15,LinkedIn,2,1,1,1,0,396.79
2025-11-15,Webinar/Events,6,3,3,2,2,461.97
2025-11-16,College Partnership Drive,4,3,3,3,2,228.55
2025-11-16,Referral,8,5,4,3,2,128.83
2025-11-16,Organic Search,9,3,2,2,1,14.22
2025-11-16,Google Paid Search,9,2,1,1,1,1144.45
2025-11-16,Facebook/Instagram Ads,51,8,6,1,0,2267.42
2025-11-16,YouTube Ads,5,1,1,1,0,259.63
2025-11-16,LinkedIn,2,1,0,0,0,279.6
2025-11-16,Webinar/Events,4,2,2,1,1,263.52
2025-11-17,College Partnership Drive,7,5,4,3,1,365.48
2025-11-17,Referral,3,2,2,2,2,79.9
2025-11-17,Organic Search,16,6,4,4,3,39.15
2025-11-17,Google Paid Search,3,1,1,1,0,380.06
2025-11-17,Facebook/Instagram Ads,13,2,2,2,1,838.57
2025-11-17,YouTube Ads,14,3,2,0,0,641.22
2025-11-17,LinkedIn,4,2,2,2,1,512.21
2025-11-17,Webinar/Events,7,3,3,3,0,316.34
2025-11-18,College Partnership Drive,4,3,1,1,0,101.59
2025-11-18,Referral,3,2,2,2,0,55.98
2025-11-18,Organic Search,19,6,6,6,2,60.54
2025-11-18,Google Paid Search,17,4,3,2,1,1967.41
2025-11-18,Facebook/Instagram Ads,20,3,2,1,0,1249.96
2025-11-18,YouTube Ads,5,1,1,1,0,289.15
2025-11-18,LinkedIn,6,3,3,3,0,1195.97
2025-11-18,Webinar/Events,4,2,1,1,0,171.27
2025-11-19,College Partnership Drive,11,7,7,6,5,325.72
2025-11-19,Referral,4,3,3,3,1,71.82
2025-11-19,Organic Search,11,4,4,4,2,17.1
2025-11-19,Google Paid Search,15,4,3,3,0,1030.15
2025-11-19,Facebook/Instagram Ads,66,10,7,2,1,4171.39
2025-11-19,YouTube Ads,25,5,3,1,0,1239.82
2025-11-19,LinkedIn,4,0,0,0,0,449.66
2025-11-19,Webinar/Events,7,4,3,1,1,524.44
2025-11-20,College Partnership Drive,8,5,5,4,3,223.59
2025-11-20,Referral,6,4,4,4,3,121.98
2025-11-20,Organic Search,7,3,2,1,1,14.28
2025-11-20,Google Paid Search,7,2,2,2,0,836.5
2025-11-20,Facebook/Instagram Ads,47,7,5,5,2,2113.75
2025-11-20,YouTube Ads,11,2,0,0,0,573.63
2025-11-20,LinkedIn,7,3,3,3,2,992.35
2025-11-20,Webinar/Events,2,1,0,0,0,180.11
2025-11-21,College Partnership Drive,6,4,4,4,2,295.86
2025-11-21,Referral,5,3,2,2,1,51.55
2025-11-21,Organic Search,14,5,5,5,2,24.09
2025-11-21,Google Paid Search,8,2,1,1,0,1118.79
2025-11-21,Facebook/Instagram Ads,59,9,3,2,1,2339.89
2025-11-21,YouTube Ads,14,3,2,1,0,452.98
2025-11-21,LinkedIn,4,0,0,0,0,563.2
2025-11-21,Webinar/Events,5,3,3,3,1,439.93
2025-11-22,College Partnership Drive,7,5,5,5,1,196.55
2025-11-22,Referral,6,4,4,4,2,154.04
2025-11-22,Organic Search,6,2,1,1,1,1.9
2025-11-22,Google Paid Search,8,2,1,0,0,1080.13
2025-11-22,Facebook/Instagram Ads,43,6,4,2,1,1945.4
2025-11-22,YouTube Ads,5,1,0,0,0,280.33
2025-11-22,LinkedIn,2,1,1,1,0,352.48
2025-11-22,Webinar/Events,2,1,1,1,0,188.83
2025-11-23,College Partnership Drive,5,4,4,4,1,156.49
2025-11-23,Referral,7,4,4,4,1,172.58
2025-11-23,Organic Search,5,2,2,1,0,24.83
2025-11-23,Google Paid Search,15,4,3,3,0,1440.66
2025-11-23,Facebook/Instagram Ads,36,6,3,2,0,3189.33
2025-11-23,YouTube Ads,14,3,2,2,0,551.63
2025-11-23,LinkedIn,1,0,0,0,0,107.74
2025-11-23,Webinar/Events,8,4,3,3,1,390.92
2025-11-24,College Partnership Drive,6,5,4,3,2,195.31
2025-11-24,Referral,9,5,5,5,2,141.99
2025-11-24,Organic Search,26,8,4,3,2,26.34
2025-11-24,Google Paid Search,13,3,3,2,0,1411.94
2025-11-24,Facebook/Instagram Ads,49,8,3,2,1,2601.14
2025-11-24,YouTube Ads,20,4,4,1,0,693.49
2025-11-24,LinkedIn,3,0,0,0,0,337.24
2025-11-24,Webinar/Events,3,0,0,0,0,151.55
2025-11-25,College Partnership Drive,8,5,5,5,1,328.73
2025-11-25,Referral,5,3,3,3,3,61.2
2025-11-25,Organic Search,11,4,4,3,2,12.09
2025-11-25,Google Paid Search,25,6,5,4,1,1708.16
2025-11-25,Facebook/Instagram Ads,46,7,5,1,0,2628.63
2025-11-25,YouTube Ads,4,1,1,0,0,226.27
2025-11-25,LinkedIn,9,4,3,2,0,1575.29
2025-11-25,Webinar/Events,6,3,3,3,1,352.93
2025-11-26,College Partnership Drive,3,2,2,2,0,107.21
2025-11-26,Referral,7,4,3,3,1,102.18
2025-11-26,Organic Search,12,5,5,4,0,54.42
2025-11-26,Google Paid Search,19,4,4,4,2,1231.41
2025-11-26,Facebook/Instagram Ads,42,7,6,1,1,2832.79
2025-11-26,YouTube Ads,23,5,3,2,0,1004.42
2025-11-26,LinkedIn,2,0,0,0,0,294.15
2025-11-26,Webinar/Events,9,4,3,1,1,507.05
2025-11-27,College Partnership Drive,7,5,5,3,1,384.38
2025-11-27,Referral,3,2,1,1,1,85.51
2025-11-27,Organic Search,21,7,7,7,3,8.29
2025-11-27,Google Paid Search,11,3,2,2,1,1180.17
2025-11-27,Facebook/Instagram Ads,27,4,2,1,0,1950.73
2025-11-27,YouTube Ads,18,4,4,2,1,616.84
2025-11-27,LinkedIn,2,1,1,1,1,353.72
2025-11-27,Webinar/Events,4,2,2,2,0,319.88
2025-11-28,College Partnership Drive,1,0,0,0,0,50.73
2025-11-28,Referral,3,0,0,0,0,74.07
2025-11-28,Organic Search,1,0,0,0,0,4.43
2025-11-28,Google Paid Search,3,0,0,0,0,389.18
2025-11-28,Facebook/Instagram Ads,1,0,0,0,0,78.46
2025-11-28,YouTube Ads,1,0,0,0,0,63.21
2025-11-28,LinkedIn,0,0,0,0,0,0.0
2025-11-28,Webinar/Events,4,0,0,0,0,190.0
2025-11-29,College Partnership Drive,2,0,0,0,0,101.06
2025-11-29,Referral,4,0,0,0,0,79.67
2025-11-29,Organic Search,1,0,0,0,0,4.41
2025-11-29,Google Paid Search,2,0,0,0,0,120.47
2025-11-29,Facebook/Instagram Ads,4,0,0,0,0,189.6
2025-11-29,YouTube Ads,2,0,0,0,0,120.19
2025-11-29,LinkedIn,2,0,0,0,0,330.0
2025-11-29,Webinar/Events,3,0,0,0,0,192.35
2025-11-30,College Partnership Drive,3,0,0,0,0,142.41
2025-11-30,Referral,2,0,0,0,0,43.09
2025-11-30,Organic Search,1,0,0,0,0,2.89
2025-11-30,Google Paid Search,2,0,0,0,0,205.12
2025-11-30,Facebook/Instagram Ads,4,0,0,0,0,312.98
2025-11-30,YouTube Ads,3,0,0,0,0,186.86
2025-11-30,LinkedIn,0,0,0,0,0,0.0
2025-11-30,Webinar/Events,2,0,0,0,0,168.55
2025-12-01,College Partnership Drive,6,4,4,4,2,288.99
2025-12-01,Referral,3,2,2,2,1,37.41
2025-12-01,Organic Search,10,4,4,4,2,25.77
2025-12-01,Google Paid Search,15,4,3,3,0,1714.97
2025-12-01,Facebook/Instagram Ads,48,7,5,1,1,3303.04
2025-12-01,YouTube Ads,17,3,3,1,0,621.43
2025-12-01,LinkedIn,8,3,3,2,1,1018.0
2025-12-01,Webinar/Events,3,2,2,2,2,294.61
2025-12-02,College Partnership Drive,1,1,1,1,1,58.24
2025-12-02,Referral,8,5,5,5,5,91.25
2025-12-02,Organic Search,5,2,2,1,1,14.66
2025-12-02,Google Paid Search,3,1,1,1,1,253.38
2025-12-02,Facebook/Instagram Ads,38,7,4,3,0,2786.55
2025-12-02,YouTube Ads,12,2,1,0,0,363.5
2025-12-02,LinkedIn,2,1,1,1,1,335.66
2025-12-02,Webinar/Events,6,3,3,3,0,449.56
2025-12-03,College Partnership Drive,11,6,6,6,5,647.14
2025-12-03,Referral,4,3,2,2,1,49.44
2025-12-03,Organic Search,17,6,4,4,1,4.14
2025-12-03,Google Paid Search,13,3,2,1,1,1376.76
2025-12-03,Facebook/Instagram Ads,21,4,2,2,0,1658.65
2025-12-03,YouTube Ads,1,0,0,0,0,46.2
2025-12-03,LinkedIn,4,2,2,2,1,435.42
2025-12-03,Webinar/Events,3,2,1,1,1,267.5
2025-12-04,College Partnership Drive,8,6,6,6,3,436.37
2025-12-04,Referral,7,4,4,4,3,98.68
2025-12-04,Organic Search,5,2,2,1,1,23.08
2025-12-04,Google Paid Search,4,1,1,1,0,374.04
2025-12-04,Facebook/Instagram Ads,35,5,2,1,0,1856.0
2025-12-04,YouTube Ads,10,2,1,1,0,616.17
2025-12-04,LinkedIn,6,3,3,2,2,1140.91
2025-12-04,Webinar/Events,4,2,0,0,0,259.89
2025-12-05,College Partnership Drive,11,7,6,6,5,526.32
2025-12-05,Referral,7,4,3,3,1,184.57
2025-12-05,Organic Search,8,3,2,2,0,6.97
2025-12-05,Google Paid Search,16,4,3,2,1,1027.37
2025-12-05,Facebook/Instagram Ads,52,8,1,0,0,4338.69
2025-12-05,YouTube Ads,23,5,4,2,1,1433.48
2025-12-05,LinkedIn,3,0,0,0,0,347.94
2025-12-05,Webinar/Events,4,2,2,2,2,226.55
2025-12-06,College Partnership Drive,3,2,2,2,1,129.09
2025-12-06,Referral,3,2,2,2,1,48.51
2025-12-06,Organic Search,6,2,1,1,1,18.4
2025-12-06,Google Paid Search,7,2,1,1,1,613.09
2025-12-06,Facebook/Instagram Ads,83,12,8,5,2,4841.62
2025-12-06,YouTube Ads,11,2,2,2,0,814.06
2025-12-06,LinkedIn,2,1,0,0,0,370.75
2025-12-06,Webinar/Events,4,2,2,2,0,365.27
2025-12-07,College Partnership Drive,4,3,3,3,2,179.81
2025-12-07,Referral,3,2,2,2,1,82.46
2025-12-07,Organic Search,9,3,3,3,1,39.24
2025-12-07,Google Paid Search,17,4,3,3,1,1031.44
2025-12-07,Facebook/Instagram Ads,78,11,5,3,1,3205.59
2025-12-07,YouTube Ads,5,1,0,0,0,331.66
2025-12-07,LinkedIn,8,4,4,4,3,1441.99
2025-12-07,Webinar/Events,10,5,5,5,2,561.6
2025-12-08,College Partnership Drive,9,6,5,5,2,384.36
2025-12-08,Referral,3,2,1,1,0,82.08
2025-12-08,Organic Search,2,1,1,1,0,6.82
2025-12-08,Google Paid Search,11,3,2,2,2,852.29
2025-12-08,Facebook/Instagram Ads,33,5,2,1,0,1845.76
2025-12-08,YouTube Ads,3,0,0,0,0,131.66
2025-12-08,LinkedIn,2,1,0,0,0,260.86
2025-12-08,Webinar/Events,9,5,3,2,2,447.16
2025-12-09,College Partnership Drive,9,6,6,6,2,374.74
2025-12-09,Referral,4,3,2,2,1,75.36
2025-12-09,Organic Search,13,4,2,0,0,44.82
2025-12-09,Google Paid Search,14,3,2,2,1,1160.78
2025-12-09,Facebook/Instagram Ads,40,6,5,3,0,1921.26
2025-12-09,YouTube Ads,15,3,1,1,1,801.96
2025-12-09,LinkedIn,4,2,2,2,1,481.33
2025-12-09,Webinar/Events,11,5,3,3,2,447.69
2025-12-10,College Partnership Drive,7,4,4,4,1,307.14
2025-12-10,Referral,8,5,5,4,2,96.5
2025-12-10,Organic Search,18,6,6,5,2,29.1
2025-12-10,Google Paid Search,29,8,7,7,2,2961.37
2025-12-10,Facebook/Instagram Ads,31,5,2,1,0,2449.89
2025-12-10,YouTube Ads,10,2,1,1,0,722.2
2025-12-10,LinkedIn,9,4,1,1,1,913.29
2025-12-10,Webinar/Events,2,1,1,1,0,141.9
2025-12-11,College Partnership Drive,8,6,6,5,1,248.45
2025-12-11,Referral,11,6,5,5,4,273.0
2025-12-11,Organic Search,12,4,3,2,1,30.31
2025-12-11,Google Paid Search,14,3,3,3,2,1021.22
2025-12-11,Facebook/Instagram Ads,50,8,7,4,2,4467.47
2025-12-11,YouTube Ads,12,2,2,0,0,666.86
2025-12-11,LinkedIn,2,1,1,1,1,311.87
2025-12-11,Webinar/Events,2,1,1,1,1,158.02
2025-12-12,College Partnership Drive,8,5,5,5,3,442.08
2025-12-12,Referral,2,2,2,2,1,37.23
2025-12-12,Organic Search,19,6,4,4,3,78.64
2025-12-12,Google Paid Search,18,5,2,1,1,1172.64
2025-12-12,Facebook/Instagram Ads,28,4,2,2,1,1931.06
2025-12-12,YouTube Ads,23,4,2,1,0,706.44
2025-12-12,LinkedIn,2,1,1,1,1,294.15
2025-12-12,Webinar/Events,4,2,2,2,1,331.57
2025-12-13,College Partnership Drive,11,8,8,6,4,470.09
2025-12-13,Referral,5,3,2,2,2,135.79
2025-12-13,Organic Search,10,4,4,4,2,6.54
2025-12-13,Google Paid Search,32,7,6,4,1,2169.36
2025-12-13,Facebook/Instagram Ads,56,8,7,6,0,2422.84
2025-12-13,YouTube Ads,13,3,2,2,1,497.05
2025-12-13,LinkedIn,4,2,2,2,0,835.19
2025-12-13,Webinar/Events,3,2,2,1,1,260.35
2025-12-14,College Partnership Drive,8,6,6,6,2,376.42
2025-12-14,Referral,3,2,2,2,0,66.26
2025-12-14,Organic Search,25,8,7,7,3,25.21
2025-12-14,Google Paid Search,13,3,2,2,1,796.73
2025-12-14,Facebook/Instagram Ads,88,13,10,4,0,7209.64
2025-12-14,YouTube Ads,9,2,1,0,0,655.02
2025-12-14,LinkedIn,2,1,1,1,0,226.43
2025-12-14,Webinar/Events,4,2,2,2,0,183.83
2025-12-15,College Partnership Drive,6,4,4,4,3,251.81
2025-12-15,Referral,11,6,5,5,1,138.16
2025-12-15,Organic Search,11,4,4,4,3,6.66
2025-12-15,Google Paid Search,18,4,2,1,1,2392.38
2025-12-15,Facebook/Instagram Ads,54,9,7,5,3,2459.04
2025-12-15,YouTube Ads,15,3,3,1,0,826.26
2025-12-15,LinkedIn,2,1,1,1,1,186.64
2025-12-15,Webinar/Events,4,2,2,1,0,300.87
2025-12-16,College Partnership Drive,4,3,3,3,1,165.17
2025-12-16,Referral,7,4,4,4,3,197.33
2025-12-16,Organic Search,5,2,1,0,0,15.51
2025-12-16,Google Paid Search,11,3,2,2,0,1045.84
2025-12-16,Facebook/Instagram Ads,64,9,3,1,0,4335.54
2025-12-16,YouTube Ads,14,3,1,0,0,970.12
2025-12-16,LinkedIn,10,4,4,4,3,1177.25
2025-12-16,Webinar/Events,11,5,4,3,2,763.82
2025-12-17,College Partnership Drive,2,2,2,2,1,110.74
2025-12-17,Referral,5,3,2,1,1,66.19
2025-12-17,Organic Search,9,3,3,3,1,12.05
2025-12-17,Google Paid Search,25,6,3,2,2,3098.24
2025-12-17,Facebook/Instagram Ads,49,7,4,2,0,3185.52
2025-12-17,YouTube Ads,9,2,0,0,0,379.3
2025-12-17,LinkedIn,5,2,2,2,2,962.2
2025-12-17,Webinar/Events,6,3,2,2,0,538.28
2025-12-18,College Partnership Drive,7,5,5,4,2,291.79
2025-12-18,Referral,6,4,4,4,1,109.05
2025-12-18,Organic Search,8,3,1,1,0,31.49
2025-12-18,Google Paid Search,28,7,6,6,1,2222.6
2025-12-18,Facebook/Instagram Ads,32,5,2,0,0,2831.4
2025-12-18,YouTube Ads,15,3,2,2,1,975.59
2025-12-18,LinkedIn,6,3,2,2,1,1014.22
2025-12-18,Webinar/Events,1,0,0,0,0,99.31
2025-12-19,College Partnership Drive,9,6,5,5,3,281.37
2025-12-19,Referral,9,5,5,5,3,247.56
2025-12-19,Organic Search,13,5,4,4,0,42.34
2025-12-19,Google Paid Search,16,4,2,1,0,1944.23
2025-12-19,Facebook/Instagram Ads,42,8,7,3,1,3215.49
2025-12-19,YouTube Ads,16,3,1,0,0,491.21
2025-12-19,LinkedIn,5,0,0,0,0,1014.52
2025-12-19,Webinar/Events,17,9,8,7,4,1201.74
2025-12-20,College Partnership Drive,9,6,6,6,3,290.19
2025-12-20,Referral,3,2,1,1,1,70.07
2025-12-20,Organic Search,10,4,3,2,0,10.54
2025-12-20,Google Paid Search,14,4,4,3,0,1465.27
2025-12-20,Facebook/Instagram Ads,41,6,1,0,0,3683.2
2025-12-20,YouTube Ads,18,4,3,3,0,712.73
2025-12-20,LinkedIn,8,3,2,2,1,1078.3
2025-12-20,Webinar/Events,1,1,1,1,0,74.33
2025-12-21,College Partnership Drive,5,3,3,3,0,154.49
2025-12-21,Referral,3,2,2,2,1,30.7
2025-12-21,Organic Search,8,3,2,2,0,34.82
2025-12-21,Google Paid Search,22,5,3,1,0,2898.81
2025-12-21,Facebook/Instagram Ads,21,4,3,1,0,1070.23
2025-12-21,YouTube Ads,21,4,3,2,1,752.37
2025-12-21,LinkedIn,2,1,1,1,1,249.43
2025-12-21,Webinar/Events,2,1,1,1,0,141.94
2025-12-22,College Partnership Drive,5,3,3,3,1,286.69
2025-12-22,Referral,6,4,4,4,1,145.34
2025-12-22,Organic Search,18,6,5,5,1,74.66
2025-12-22,Google Paid Search,12,3,2,1,0,742.67
2025-12-22,Facebook/Instagram Ads,20,3,3,1,0,1478.34
2025-12-22,YouTube Ads,9,2,1,0,0,554.63
2025-12-22,LinkedIn,2,1,0,0,0,282.09
2025-12-22,Webinar/Events,12,6,6,5,1,758.5
2025-12-23,College Partnership Drive,8,6,6,5,1,288.75
2025-12-23,Referral,5,4,4,3,3,79.13
2025-12-23,Organic Search,22,7,6,6,2,60.99
2025-12-23,Google Paid Search,18,5,4,2,1,2196.7
2025-12-23,Facebook/Instagram Ads,23,4,2,1,1,1931.43
2025-12-23,YouTube Ads,13,3,2,1,1,685.83
2025-12-23,LinkedIn,5,2,2,2,1,1052.01
2025-12-23,Webinar/Events,4,2,2,2,0,368.27
2025-12-24,College Partnership Drive,5,4,4,4,2,128.56
2025-12-24,Referral,8,5,3,3,2,203.72
2025-12-24,Organic Search,17,6,5,4,2,68.84
2025-12-24,Google Paid Search,12,3,3,3,0,988.48
2025-12-24,Facebook/Instagram Ads,46,7,3,0,0,3768.62
2025-12-24,YouTube Ads,13,3,2,0,0,952.49
2025-12-24,LinkedIn,2,0,0,0,0,299.36
2025-12-24,Webinar/Events,6,3,3,3,1,411.94
2025-12-25,College Partnership Drive,8,6,4,4,4,283.72
2025-12-25,Referral,7,4,4,4,2,75.2
2025-12-25,Organic Search,16,5,3,3,2,26.5
2025-12-25,Google Paid Search,28,7,4,3,0,2562.53
2025-12-25,Facebook/Instagram Ads,34,5,5,1,0,2948.16
2025-12-25,YouTube Ads,16,3,2,2,1,1064.59
2025-12-25,LinkedIn,7,3,3,3,2,899.77
2025-12-25,Webinar/Events,9,4,4,4,1,513.03
2025-12-26,College Partnership Drive,2,2,2,2,1,53.08
2025-12-26,Referral,6,4,3,2,0,110.95
2025-12-26,Organic Search,13,4,2,2,2,54.05
2025-12-26,Google Paid Search,8,2,2,2,0,808.19
2025-12-26,Facebook/Instagram Ads,33,5,3,3,1,1734.96
2025-12-26,YouTube Ads,5,1,1,1,0,358.76
2025-12-26,LinkedIn,4,2,2,2,1,708.92
2025-12-26,Webinar/Events,8,4,4,4,2,688.12
2025-12-27,College Partnership Drive,7,4,3,3,0,232.14
2025-12-27,Referral,1,1,1,0,0,23.42
2025-12-27,Organic Search,10,3,2,1,1,5.23
2025-12-27,Google Paid Search,19,5,4,2,0,1368.32
2025-12-27,Facebook/Instagram Ads,38,7,6,1,1,1917.04
2025-12-27,YouTube Ads,5,1,0,0,0,314.23
2025-12-27,LinkedIn,2,1,1,1,1,189.59
2025-12-27,Webinar/Events,4,2,2,2,2,270.23
2025-12-28,College Partnership Drive,4,0,0,0,0,133.76
2025-12-28,Referral,4,0,0,0,0,83.4
2025-12-28,Organic Search,4,0,0,0,0,0.26
2025-12-28,Google Paid Search,0,0,0,0,0,0.0
2025-12-28,Facebook/Instagram Ads,4,0,0,0,0,146.15
2025-12-28,YouTube Ads,3,0,0,0,0,149.68
2025-12-28,LinkedIn,0,0,0,0,0,0.0
2025-12-28,Webinar/Events,3,0,0,0,0,202.95
2025-12-29,College Partnership Drive,3,0,0,0,0,169.39
2025-12-29,Referral,2,0,0,0,0,43.51
2025-12-29,Organic Search,2,0,0,0,0,3.66
2025-12-29,Google Paid Search,3,0,0,0,0,367.46
2025-12-29,Facebook/Instagram Ads,0,0,0,0,0,0.0
2025-12-29,YouTube Ads,0,0,0,0,0,0.0
2025-12-29,LinkedIn,1,0,0,0,0,142.12
2025-12-29,Webinar/Events,1,0,0,0,0,71.47
2025-12-30,College Partnership Drive,2,0,0,0,0,84.53
2025-12-30,Referral,4,0,0,0,0,117.57
2025-12-30,Organic Search,2,0,0,0,0,7.1
2025-12-30,Google Paid Search,3,0,0,0,0,362.34
2025-12-30,Facebook/Instagram Ads,1,0,0,0,0,49.32
2025-12-30,YouTube Ads,0,0,0,0,0,0.0
2025-12-30,LinkedIn,1,0,0,0,0,176.42
2025-12-30,Webinar/Events,1,0,0,0,0,97.74
2025-12-31,College Partnership Drive,1,0,0,0,0,39.34
2025-12-31,Referral,2,0,0,0,0,32.57
2025-12-31,Organic Search,0,0,0,0,0,0.0
2025-12-31,Google Paid Search,1,0,0,0,0,131.0
2025-12-31,Facebook/Instagram Ads,2,0,0,0,0,138.03
2025-12-31,YouTube Ads,3,0,0,0,0,179.86
2025-12-31,LinkedIn,3,0,0,0,0,571.59
2025-12-31,Webinar/Events,1,0,0,0,0,65.42
