Outcome_ID,Student_ID,Outcome_Date,Placement_Status,Company_Category,Salary,Job_Role,Placement_Source
OUT0000001,STU000003,2025-08-04,Not Placed,,,,
OUT0000002,STU000004,2024-10-19,Actively Searching,,,,
OUT0000003,STU000010,2025-10-06,Placed,Product Company,1220201.0,Software Engineer,Platform Job Board
OUT0000004,STU000015,2025-08-07,Placed,BFSI,506936.0,Digital Marketing Executive,Campus Drive
OUT0000005,STU000022,2025-11-01,Placed,MNC/IT Services,574132.0,Data Analyst,Platform Job Board
OUT0000006,STU000030,2025-12-01,Placed,MNC/IT Services,595887.0,Associate Consultant,Direct Company Tie-up
OUT0000007,STU000033,2024-10-18,Placed,Core Engineering,329351.0,Sales Executive,Campus Drive
OUT0000008,STU000040,2025-10-07,Placed,Product Company,682435.0,Digital Marketing Executive,Platform Job Board
OUT0000009,STU000041,2025-08-13,Placed,Product Company,974406.0,Sales Executive,Platform Job Board
OUT0000010,STU000043,2024-11-16,Actively Searching,,,,
OUT0000011,STU000047,2024-12-14,Actively Searching,,,,
OUT0000012,STU000053,2025-08-11,Not Placed,,,,
OUT0000013,STU000055,2024-06-30,Placed,MNC/IT Services,809749.0,Sales Executive,Campus Drive
OUT0000014,STU000064,2024-09-25,Not Placed,,,,
OUT0000015,STU000066,2025-04-02,Actively Searching,,,,
OUT0000016,STU000074,2025-03-04,Actively Searching,,,,
OUT0000017,STU000076,2024-04-22,Placed,MNC/IT Services,288493.0,Support Engineer,Campus Drive
OUT0000018,STU000080,2025-07-16,Actively Searching,,,,
OUT0000019,STU000083,2025-06-07,Placed,Startup,713489.0,Support Engineer,Platform Job Board
OUT0000020,STU000085,2024-06-17,Placed,MNC/IT Services,667931.0,Operations Executive,Platform Job Board
OUT0000021,STU000089,2025-05-28,Not Placed,,,,
OUT0000022,STU000090,2024-11-13,Actively Searching,,,,
OUT0000023,STU000093,2024-06-10,Not Placed,,,,
OUT0000024,STU000094,2025-08-06,Actively Searching,,,,
OUT0000025,STU000095,2025-10-15,Not Placed,,,,
OUT0000026,STU000097,2024-04-21,Not Placed,,,,
OUT0000027,STU000109,2025-11-20,Placed,Startup,399809.0,Support Engineer,Direct Company Tie-up
OUT0000028,STU000111,2025-01-09,Placed,Product Company,787773.0,Operations Executive,Campus Drive
OUT0000029,STU000121,2025-11-11,Placed,Product Company,694699.0,Customer Success Associate,Direct Company Tie-up
OUT0000030,STU000127,2025-01-25,Placed,SME/Local Business,305867.0,Trainee Engineer,Direct Company Tie-up
OUT0000031,STU000140,2024-12-21,Placed,Product Company,978696.0,Data Analyst,Platform Job Board
OUT0000032,STU000145,2024-10-17,Placed,Startup,657431.0,Sales Executive,Platform Job Board
OUT0000033,STU000155,2025-08-09,Placed,MNC/IT Services,480813.0,Business Analyst,Campus Drive
OUT0000034,STU000156,2025-10-16,Not Placed,,,,
OUT0000035,STU000157,2024-06-11,Placed,SME/Local Business,286221.0,UI/UX Designer,Referral
OUT0000036,STU000163,2025-11-05,Placed,SME/Local Business,307240.0,Software Engineer,Direct Company Tie-up
OUT0000037,STU000172,2025-09-11,Placed,Startup,443074.0,Customer Success Associate,Platform Job Board
OUT0000038,STU000173,2025-06-16,Placed,Product Company,770542.0,Operations Executive,Referral
OUT0000039,STU000178,2025-04-13,Not Placed,,,,
OUT0000040,STU000181,2025-12-06,Not Placed,,,,
OUT0000041,STU000190,2025-09-21,Placed,MNC/IT Services,524887.0,Sales Executive,Campus Drive
OUT0000042,STU000193,2025-04-28,Placed,BFSI,491812.0,Software Engineer,Direct Company Tie-up
OUT0000043,STU000201,2025-08-18,Placed,MNC/IT Services,782746.0,Business Analyst,Platform Job Board
OUT0000044,STU000204,2024-12-30,Placed,SME/Local Business,311613.0,UI/UX Designer,Campus Drive
OUT0000045,STU000209,2025-08-21,Actively Searching,,,,
OUT0000046,STU000213,2025-12-31,Placed,Product Company,817575.0,Operations Executive,Campus Drive
OUT0000047,STU000218,2024-11-18,Not Placed,,,,
OUT0000048,STU000225,2025-07-24,Placed,Startup,372839.0,Data Analyst,Referral
OUT0000049,STU000227,2024-12-22,Placed,MNC/IT Services,600012.0,Trainee Engineer,Direct Company Tie-up
OUT0000050,STU000244,2025-06-14,Placed,Startup,686401.0,Software Engineer,Referral
OUT0000051,STU000246,2025-11-25,Not Placed,,,,
OUT0000052,STU000249,2024-11-15,Not Placed,,,,
OUT0000053,STU000250,2025-08-25,Placed,SME/Local Business,212664.0,Operations Executive,Platform Job Board
OUT0000054,STU000258,2025-01-27,Not Placed,,,,
OUT0000055,STU000259,2025-10-30,Placed,Startup,347311.0,Customer Success Associate,Campus Drive
OUT0000056,STU000260,2025-01-17,Placed,Core Engineering,508343.0,Data Analyst,Platform Job Board
OUT0000057,STU000261,2025-06-16,Not Placed,,,,
OUT0000058,STU000268,2024-11-24,Placed,Startup,649882.0,Customer Success Associate,Referral
OUT0000059,STU000269,2025-10-17,Actively Searching,,,,
OUT0000060,STU000272,2025-10-23,Actively Searching,,,,
OUT0000061,STU000274,2025-11-21,Actively Searching,,,,
OUT0000062,STU000275,2025-02-28,Actively Searching,,,,
OUT0000063,STU000277,2024-12-11,Not Placed,,,,
OUT0000064,STU000278,2024-08-30,Actively Searching,,,,
OUT0000065,STU000282,2025-09-20,Actively Searching,,,,
OUT0000066,STU000284,2025-02-21,Not Placed,,,,
OUT0000067,STU000285,2025-12-28,Placed,Product Company,1001200.0,Sales Executive,Campus Drive
OUT0000068,STU000291,2025-01-11,Placed,Core Engineering,449222.0,Data Analyst,Platform Job Board
OUT0000069,STU000292,2025-11-21,Placed,BFSI,443136.0,Operations Executive,Platform Job Board
OUT0000070,STU000297,2025-09-26,Not Placed,,,,
OUT0000071,STU000299,2024-09-04,Placed,MNC/IT Services,850563.0,Digital Marketing Executive,Campus Drive
OUT0000072,STU000300,2025-01-07,Placed,MNC/IT Services,504669.0,UI/UX Designer,Campus Drive
OUT0000073,STU000312,2025-03-01,Placed,Startup,308610.0,Sales Executive,Campus Drive
OUT0000074,STU000316,2025-03-31,Actively Searching,,,,
OUT0000075,STU000325,2025-10-17,Placed,Core Engineering,359841.0,Business Analyst,Campus Drive
OUT0000076,STU000326,2025-10-10,Not Placed,,,,
OUT0000077,STU000328,2024-04-16,Not Placed,,,,
OUT0000078,STU000330,2024-08-10,Actively Searching,,,,
OUT0000079,STU000331,2025-05-27,Actively Searching,,,,
OUT0000080,STU000345,2024-05-14,Placed,Startup,409492.0,Support Engineer,Platform Job Board
OUT0000081,STU000355,2024-12-31,Placed,Startup,641586.0,Business Analyst,Direct Company Tie-up
OUT0000082,STU000361,2024-07-27,Placed,SME/Local Business,259078.0,Trainee Engineer,Campus Drive
OUT0000083,STU000364,2025-03-26,Not Placed,,,,
OUT0000084,STU000366,2025-05-25,Placed,Core Engineering,320219.0,Sales Executive,Campus Drive
OUT0000085,STU000375,2025-11-10,Placed,Product Company,929584.0,Sales Executive,Campus Drive
OUT0000086,STU000376,2025-10-02,Placed,BFSI,735533.0,Sales Executive,Campus Drive
OUT0000087,STU000379,2024-09-04,Placed,BFSI,539085.0,Digital Marketing Executive,Direct Company Tie-up
OUT0000088,STU000380,2025-06-12,Placed,Product Company,847351.0,Support Engineer,Campus Drive
OUT0000089,STU000381,2024-09-13,Placed,Product Company,1180121.0,Sales Executive,Campus Drive
OUT0000090,STU000384,2025-12-11,Placed,Startup,691164.0,Business Analyst,Platform Job Board
OUT0000091,STU000385,2024-12-03,Placed,Core Engineering,388749.0,Data Analyst,Direct Company Tie-up
OUT0000092,STU000388,2024-12-06,Placed,Startup,341390.0,Data Analyst,Direct Company Tie-up
OUT0000093,STU000401,2024-09-27,Not Placed,,,,
OUT0000094,STU000405,2025-11-21,Not Placed,,,,
OUT0000095,STU000409,2025-03-24,Placed,Startup,401253.0,UI/UX Designer,Referral
OUT0000096,STU000410,2025-10-21,Actively Searching,,,,
OUT0000097,STU000429,2025-12-31,Placed,Core Engineering,464388.0,UI/UX Designer,Campus Drive
OUT0000098,STU000442,2025-10-04,Placed,MNC/IT Services,750271.0,Associate Consultant,Platform Job Board
OUT0000099,STU000443,2024-10-12,Actively Searching,,,,
OUT0000100,STU000453,2025-05-23,Placed,Product Company,1025361.0,Data Analyst,Campus Drive
OUT0000101,STU000461,2025-01-26,Placed,Startup,300808.0,Software Engineer,Campus Drive
OUT0000102,STU000467,2024-12-04,Actively Searching,,,,
OUT0000103,STU000477,2025-12-31,Placed,Product Company,1457788.0,Software Engineer,Campus Drive
OUT0000104,STU000487,2025-02-16,Actively Searching,,,,
OUT0000105,STU000491,2025-06-03,Placed,SME/Local Business,293134.0,Customer Success Associate,Campus Drive
OUT0000106,STU000492,2024-09-07,Placed,MNC/IT Services,659280.0,UI/UX Designer,Platform Job Board
OUT0000107,STU000495,2025-10-27,Actively Searching,,,,
OUT0000108,STU000499,2024-11-14,Placed,MNC/IT Services,466961.0,Operations Executive,Direct Company Tie-up
OUT0000109,STU000501,2025-08-23,Placed,MNC/IT Services,597147.0,Customer Success Associate,Platform Job Board
OUT0000110,STU000505,2025-05-09,Placed,BFSI,542760.0,Customer Success Associate,Referral
OUT0000111,STU000506,2024-08-21,Placed,Product Company,1109503.0,Operations Executive,Referral
OUT0000112,STU000510,2024-12-26,Placed,MNC/IT Services,469405.0,Software Engineer,Referral
OUT0000113,STU000523,2025-03-17,Placed,Startup,586318.0,UI/UX Designer,Referral
OUT0000114,STU000530,2025-03-07,Actively Searching,,,,
OUT0000115,STU000533,2025-01-27,Actively Searching,,,,
OUT0000116,STU000538,2025-12-21,Actively Searching,,,,
OUT0000117,STU000544,2025-12-13,Actively Searching,,,,
OUT0000118,STU000557,2025-08-16,Not Placed,,,,
OUT0000119,STU000569,2025-07-30,Not Placed,,,,
OUT0000120,STU000581,2025-12-19,Placed,Startup,495701.0,Digital Marketing Executive,Campus Drive
OUT0000121,STU000583,2025-05-12,Placed,Product Company,868435.0,Support Engineer,Platform Job Board
OUT0000122,STU000596,2025-02-13,Placed,Core Engineering,547732.0,Software Engineer,Referral
OUT0000123,STU000597,2024-04-01,Actively Searching,,,,
OUT0000124,STU000604,2025-12-29,Not Placed,,,,
OUT0000125,STU000608,2025-05-05,Placed,Product Company,1010940.0,UI/UX Designer,Campus Drive
OUT0000126,STU000612,2024-11-06,Placed,SME/Local Business,237850.0,Business Analyst,Campus Drive
OUT0000127,STU000615,2025-06-09,Placed,SME/Local Business,307557.0,Support Engineer,Campus Drive
OUT0000128,STU000616,2025-12-31,Not Placed,,,,
OUT0000129,STU000618,2024-12-15,Placed,Startup,712844.0,Business Analyst,Referral
OUT0000130,STU000621,2025-03-28,Actively Searching,,,,
OUT0000131,STU000630,2025-08-23,Actively Searching,,,,
OUT0000132,STU000637,2024-09-27,Not Placed,,,,
OUT0000133,STU000638,2025-12-31,Placed,Core Engineering,588426.0,Data Analyst,Direct Company Tie-up
OUT0000134,STU000641,2024-10-31,Placed,MNC/IT Services,548328.0,Data Analyst,Referral
OUT0000135,STU000648,2025-09-05,Not Placed,,,,
OUT0000136,STU000651,2025-12-04,Placed,Startup,384570.0,UI/UX Designer,Platform Job Board
OUT0000137,STU000656,2025-06-22,Placed,MNC/IT Services,531121.0,Sales Executive,Referral
OUT0000138,STU000657,2024-04-15,Actively Searching,,,,
OUT0000139,STU000661,2025-12-31,Placed,BFSI,375559.0,Data Analyst,Campus Drive
OUT0000140,STU000664,2025-03-30,Actively Searching,,,,
OUT0000141,STU000669,2024-03-30,Not Placed,,,,
OUT0000142,STU000670,2025-02-01,Placed,Product Company,1081647.0,Business Analyst,Platform Job Board
OUT0000143,STU000674,2025-12-09,Placed,SME/Local Business,220267.0,Customer Success Associate,Campus Drive
OUT0000144,STU000675,2025-03-14,Actively Searching,,,,
OUT0000145,STU000678,2025-05-07,Actively Searching,,,,
OUT0000146,STU000685,2025-01-18,Not Placed,,,,
OUT0000147,STU000687,2025-01-18,Placed,SME/Local Business,331976.0,Software Engineer,Platform Job Board
OUT0000148,STU000698,2025-07-23,Not Placed,,,,
OUT0000149,STU000701,2025-09-13,Placed,MNC/IT Services,430958.0,UI/UX Designer,Direct Company Tie-up
OUT0000150,STU000718,2025-10-10,Actively Searching,,,,
OUT0000151,STU000727,2025-08-15,Actively Searching,,,,
OUT0000152,STU000728,2024-07-13,Placed,Startup,415787.0,Associate Consultant,Platform Job Board
OUT0000153,STU000729,2025-10-24,Actively Searching,,,,
OUT0000154,STU000734,2025-10-18,Not Placed,,,,
OUT0000155,STU000739,2025-10-18,Placed,Startup,731168.0,Business Analyst,Referral
OUT0000156,STU000743,2025-06-05,Not Placed,,,,
OUT0000157,STU000750,2024-05-08,Not Placed,,,,
OUT0000158,STU000754,2024-07-23,Placed,BFSI,568603.0,Support Engineer,Campus Drive
OUT0000159,STU000762,2025-09-22,Placed,Startup,433547.0,Digital Marketing Executive,Platform Job Board
OUT0000160,STU000763,2024-07-21,Placed,MNC/IT Services,565512.0,Digital Marketing Executive,Direct Company Tie-up
OUT0000161,STU000764,2025-01-03,Placed,Startup,568629.0,Operations Executive,Campus Drive
OUT0000162,STU000772,2024-10-20,Not Placed,,,,
OUT0000163,STU000775,2025-12-09,Placed,Product Company,1029643.0,Customer Success Associate,Platform Job Board
OUT0000164,STU000776,2025-04-25,Placed,BFSI,486326.0,Trainee Engineer,Referral
OUT0000165,STU000790,2025-11-06,Placed,MNC/IT Services,604522.0,Sales Executive,Campus Drive
OUT0000166,STU000802,2025-12-31,Placed,Startup,305511.0,UI/UX Designer,Referral
OUT0000167,STU000803,2024-08-06,Not Placed,,,,
OUT0000168,STU000805,2025-11-14,Placed,BFSI,396075.0,Support Engineer,Campus Drive
OUT0000169,STU000808,2025-11-09,Placed,Product Company,911276.0,UI/UX Designer,Direct Company Tie-up
OUT0000170,STU000810,2024-07-21,Placed,Startup,431892.0,Customer Success Associate,Platform Job Board
OUT0000171,STU000814,2024-10-18,Placed,Core Engineering,511512.0,Support Engineer,Platform Job Board
OUT0000172,STU000815,2024-10-13,Not Placed,,,,
OUT0000173,STU000816,2025-04-07,Placed,Core Engineering,458751.0,Digital Marketing Executive,Platform Job Board
OUT0000174,STU000832,2025-08-26,Actively Searching,,,,
OUT0000175,STU000836,2025-11-16,Not Placed,,,,
OUT0000176,STU000840,2024-11-14,Actively Searching,,,,
OUT0000177,STU000844,2024-09-24,Placed,BFSI,294904.0,Business Analyst,Campus Drive
OUT0000178,STU000846,2025-08-02,Placed,SME/Local Business,237350.0,Sales Executive,Campus Drive
OUT0000179,STU000849,2025-10-21,Placed,Product Company,516774.0,Associate Consultant,Referral
OUT0000180,STU000851,2025-09-20,Not Placed,,,,
OUT0000181,STU000857,2025-10-05,Placed,MNC/IT Services,563741.0,Software Engineer,Referral
OUT0000182,STU000869,2025-11-06,Actively Searching,,,,
OUT0000183,STU000871,2025-08-25,Not Placed,,,,
OUT0000184,STU000872,2024-12-01,Placed,SME/Local Business,309571.0,Support Engineer,Platform Job Board
OUT0000185,STU000892,2024-07-11,Placed,Startup,436957.0,Business Analyst,Campus Drive
OUT0000186,STU000904,2025-11-02,Not Placed,,,,
OUT0000187,STU000910,2025-12-31,Placed,Core Engineering,328325.0,UI/UX Designer,Direct Company Tie-up
OUT0000188,STU000914,2025-10-24,Actively Searching,,,,
OUT0000189,STU000923,2025-04-02,Actively Searching,,,,
OUT0000190,STU000926,2024-10-05,Actively Searching,,,,
OUT0000191,STU000928,2025-12-27,Actively Searching,,,,
OUT0000192,STU000930,2025-02-25,Not Placed,,,,
OUT0000193,STU000934,2025-09-29,Not Placed,,,,
OUT0000194,STU000947,2025-11-16,Placed,Startup,266608.0,Customer Success Associate,Campus Drive
OUT0000195,STU000951,2025-08-12,Placed,Core Engineering,675656.0,Associate Consultant,Referral
OUT0000196,STU000954,2024-05-19,Placed,Product Company,853905.0,Customer Success Associate,Referral
OUT0000197,STU000960,2025-02-17,Actively Searching,,,,
OUT0000198,STU000961,2025-12-31,Not Placed,,,,
OUT0000199,STU000962,2024-11-08,Actively Searching,,,,
OUT0000200,STU000967,2025-11-30,Placed,MNC/IT Services,387815.0,Sales Executive,Campus Drive
OUT0000201,STU000968,2024-07-12,Placed,Startup,252097.0,Support Engineer,Campus Drive
OUT0000202,STU000971,2025-11-14,Placed,SME/Local Business,228751.0,Trainee Engineer,Campus Drive
OUT0000203,STU000980,2024-08-19,Not Placed,,,,
OUT0000204,STU000987,2024-04-19,Placed,Core Engineering,306710.0,Customer Success Associate,Platform Job Board
OUT0000205,STU000989,2024-07-22,Actively Searching,,,,
OUT0000206,STU000994,2024-09-14,Placed,MNC/IT Services,546235.0,UI/UX Designer,Direct Company Tie-up
OUT0000207,STU001005,2025-12-31,Actively Searching,,,,
OUT0000208,STU001011,2025-12-05,Placed,Product Company,792307.0,Digital Marketing Executive,Campus Drive
OUT0000209,STU001013,2024-06-18,Placed,Startup,524350.0,Trainee Engineer,Campus Drive
OUT0000210,STU001015,2024-10-30,Actively Searching,,,,
OUT0000211,STU001016,2024-04-29,Not Placed,,,,
OUT0000212,STU001017,2024-07-22,Placed,Startup,567626.0,Support Engineer,Referral
OUT0000213,STU001024,2024-06-07,Not Placed,,,,
OUT0000214,STU001028,2024-07-17,Not Placed,,,,
OUT0000215,STU001045,2024-02-29,Not Placed,,,,
OUT0000216,STU001059,2024-12-14,Placed,Startup,518688.0,Operations Executive,Campus Drive
OUT0000217,STU001061,2024-12-09,Placed,MNC/IT Services,553403.0,Associate Consultant,Direct Company Tie-up
OUT0000218,STU001063,2025-12-16,Placed,Startup,492600.0,Associate Consultant,Direct Company Tie-up
OUT0000219,STU001070,2024-07-17,Placed,MNC/IT Services,852168.0,UI/UX Designer,Campus Drive
OUT0000220,STU001073,2025-10-04,Placed,MNC/IT Services,569881.0,Business Analyst,Campus Drive
OUT0000221,STU001074,2025-02-13,Placed,MNC/IT Services,369610.0,Software Engineer,Direct Company Tie-up
OUT0000222,STU001081,2025-10-26,Placed,MNC/IT Services,480120.0,Software Engineer,Direct Company Tie-up
OUT0000223,STU001086,2025-04-03,Placed,Product Company,918420.0,Sales Executive,Platform Job Board
OUT0000224,STU001087,2025-06-21,Placed,Product Company,585307.0,Digital Marketing Executive,Platform Job Board
OUT0000225,STU001090,2025-07-21,Placed,MNC/IT Services,552532.0,Support Engineer,Platform Job Board
OUT0000226,STU001093,2024-05-23,Not Placed,,,,
OUT0000227,STU001095,2024-05-23,Not Placed,,,,
OUT0000228,STU001102,2025-10-19,Actively Searching,,,,
OUT0000229,STU001112,2025-07-09,Actively Searching,,,,
OUT0000230,STU001119,2025-03-02,Actively Searching,,,,
OUT0000231,STU001120,2025-05-19,Actively Searching,,,,
OUT0000232,STU001126,2025-04-20,Placed,MNC/IT Services,415451.0,Customer Success Associate,Direct Company Tie-up
OUT0000233,STU001140,2024-06-12,Actively Searching,,,,
OUT0000234,STU001141,2025-07-10,Placed,Startup,311607.0,Associate Consultant,Platform Job Board
OUT0000235,STU001152,2024-06-07,Placed,Product Company,884203.0,Software Engineer,Campus Drive
OUT0000236,STU001156,2025-12-22,Placed,MNC/IT Services,605835.0,Software Engineer,Campus Drive
OUT0000237,STU001167,2024-09-21,Not Placed,,,,
OUT0000238,STU001191,2025-08-13,Placed,Product Company,648562.0,Software Engineer,Campus Drive
OUT0000239,STU001201,2024-05-27,Placed,MNC/IT Services,467945.0,Business Analyst,Campus Drive
OUT0000240,STU001204,2025-01-21,Placed,Startup,681567.0,UI/UX Designer,Platform Job Board
OUT0000241,STU001222,2025-12-17,Actively Searching,,,,
OUT0000242,STU001228,2025-12-31,Actively Searching,,,,
OUT0000243,STU001229,2025-05-04,Placed,SME/Local Business,246328.0,Software Engineer,Referral
OUT0000244,STU001233,2025-06-24,Placed,Product Company,437793.0,Software Engineer,Platform Job Board
OUT0000245,STU001246,2025-11-28,Actively Searching,,,,
OUT0000246,STU001249,2025-07-24,Actively Searching,,,,
OUT0000247,STU001259,2025-11-22,Placed,MNC/IT Services,678113.0,Software Engineer,Direct Company Tie-up
OUT0000248,STU001261,2025-10-18,Placed,MNC/IT Services,497828.0,Digital Marketing Executive,Platform Job Board
OUT0000249,STU001264,2025-11-04,Not Placed,,,,
OUT0000250,STU001273,2024-11-16,Actively Searching,,,,
OUT0000251,STU001275,2024-12-27,Placed,SME/Local Business,237699.0,Business Analyst,Platform Job Board
OUT0000252,STU001281,2025-09-27,Placed,BFSI,746556.0,Sales Executive,Direct Company Tie-up
OUT0000253,STU001285,2025-03-17,Actively Searching,,,,
OUT0000254,STU001296,2025-08-18,Placed,MNC/IT Services,651692.0,Software Engineer,Campus Drive
OUT0000255,STU001299,2025-06-15,Placed,Product Company,916773.0,Software Engineer,Campus Drive
OUT0000256,STU001306,2024-06-19,Not Placed,,,,
OUT0000257,STU001309,2025-10-03,Placed,Core Engineering,514065.0,UI/UX Designer,Platform Job Board
OUT0000258,STU001311,2025-07-07,Placed,SME/Local Business,359299.0,Trainee Engineer,Direct Company Tie-up
OUT0000259,STU001312,2024-07-19,Not Placed,,,,
OUT0000260,STU001318,2024-06-25,Actively Searching,,,,
OUT0000261,STU001322,2025-03-09,Placed,MNC/IT Services,386719.0,Support Engineer,Platform Job Board
OUT0000262,STU001326,2025-10-15,Placed,Core Engineering,347388.0,Customer Success Associate,Campus Drive
OUT0000263,STU001331,2025-12-02,Not Placed,,,,
OUT0000264,STU001338,2024-11-28,Not Placed,,,,
OUT0000265,STU001348,2025-06-13,Placed,Startup,286212.0,Associate Consultant,Referral
OUT0000266,STU001353,2024-06-14,Not Placed,,,,
OUT0000267,STU001354,2024-09-01,Placed,Product Company,1241114.0,Software Engineer,Campus Drive
OUT0000268,STU001358,2024-06-21,Actively Searching,,,,
OUT0000269,STU001360,2025-03-27,Not Placed,,,,
OUT0000270,STU001371,2025-01-18,Placed,MNC/IT Services,534777.0,Trainee Engineer,Campus Drive
OUT0000271,STU001373,2025-12-31,Actively Searching,,,,
OUT0000272,STU001384,2025-05-14,Actively Searching,,,,
OUT0000273,STU001395,2024-09-04,Actively Searching,,,,
OUT0000274,STU001397,2025-05-27,Not Placed,,,,
OUT0000275,STU001401,2025-11-01,Actively Searching,,,,
OUT0000276,STU001405,2024-06-24,Placed,SME/Local Business,251276.0,UI/UX Designer,Direct Company Tie-up
OUT0000277,STU001415,2024-08-04,Placed,BFSI,484246.0,Operations Executive,Campus Drive
OUT0000278,STU001420,2024-09-19,Placed,Startup,370286.0,Operations Executive,Campus Drive
OUT0000279,STU001432,2025-12-31,Placed,BFSI,442546.0,Trainee Engineer,Campus Drive
OUT0000280,STU001433,2025-04-20,Actively Searching,,,,
OUT0000281,STU001437,2024-11-12,Placed,MNC/IT Services,593259.0,Business Analyst,Campus Drive
OUT0000282,STU001441,2025-11-11,Placed,MNC/IT Services,443179.0,Digital Marketing Executive,Campus Drive
OUT0000283,STU001447,2025-10-13,Placed,MNC/IT Services,503014.0,Operations Executive,Referral
OUT0000284,STU001450,2025-03-27,Actively Searching,,,,
OUT0000285,STU001451,2025-04-06,Placed,Startup,393624.0,Trainee Engineer,Platform Job Board
OUT0000286,STU001458,2024-11-30,Placed,MNC/IT Services,364323.0,Associate Consultant,Platform Job Board
OUT0000287,STU001470,2025-06-14,Placed,BFSI,410791.0,Digital Marketing Executive,Platform Job Board
OUT0000288,STU001474,2025-10-25,Placed,SME/Local Business,503956.0,Associate Consultant,Referral
OUT0000289,STU001480,2025-06-23,Actively Searching,,,,
OUT0000290,STU001481,2025-06-21,Actively Searching,,,,
OUT0000291,STU001482,2025-08-18,Not Placed,,,,
OUT0000292,STU001484,2024-10-05,Placed,Product Company,829178.0,Software Engineer,Campus Drive
OUT0000293,STU001488,2024-10-01,Placed,BFSI,465581.0,Sales Executive,Platform Job Board
OUT0000294,STU001494,2025-05-10,Not Placed,,,,
OUT0000295,STU001501,2024-09-14,Placed,Startup,385033.0,Sales Executive,Campus Drive
OUT0000296,STU001513,2024-12-30,Actively Searching,,,,
OUT0000297,STU001525,2024-05-08,Placed,Startup,601169.0,Trainee Engineer,Referral
OUT0000298,STU001535,2024-08-20,Placed,BFSI,594441.0,Support Engineer,Referral
OUT0000299,STU001540,2024-10-21,Placed,Startup,564331.0,Data Analyst,Platform Job Board
OUT0000300,STU001542,2025-12-04,Placed,BFSI,425991.0,Business Analyst,Platform Job Board
OUT0000301,STU001544,2025-07-25,Actively Searching,,,,
OUT0000302,STU001546,2025-07-22,Placed,MNC/IT Services,636912.0,Sales Executive,Direct Company Tie-up
OUT0000303,STU001557,2024-10-26,Placed,Startup,480144.0,Digital Marketing Executive,Campus Drive
OUT0000304,STU001563,2024-07-17,Not Placed,,,,
OUT0000305,STU001565,2024-10-26,Placed,MNC/IT Services,603363.0,UI/UX Designer,Direct Company Tie-up
OUT0000306,STU001570,2024-08-31,Placed,MNC/IT Services,596785.0,Sales Executive,Campus Drive
OUT0000307,STU001575,2024-09-14,Placed,MNC/IT Services,454912.0,Customer Success Associate,Campus Drive
OUT0000308,STU001576,2025-11-08,Placed,MNC/IT Services,612633.0,UI/UX Designer,Platform Job Board
OUT0000309,STU001578,2025-02-23,Placed,Product Company,594734.0,Business Analyst,Platform Job Board
OUT0000310,STU001585,2024-11-20,Placed,BFSI,470725.0,Data Analyst,Referral
OUT0000311,STU001593,2025-01-29,Placed,Product Company,550307.0,Associate Consultant,Campus Drive
OUT0000312,STU001596,2024-06-10,Actively Searching,,,,
OUT0000313,STU001603,2024-04-06,Not Placed,,,,
OUT0000314,STU001604,2024-06-28,Placed,Startup,683826.0,Support Engineer,Platform Job Board
OUT0000315,STU001609,2025-12-20,Actively Searching,,,,
OUT0000316,STU001610,2025-12-24,Placed,Core Engineering,625280.0,Data Analyst,Referral
OUT0000317,STU001619,2025-02-09,Placed,BFSI,704858.0,Data Analyst,Referral
OUT0000318,STU001629,2024-10-31,Not Placed,,,,
OUT0000319,STU001638,2025-11-07,Placed,Core Engineering,570807.0,Operations Executive,Campus Drive
OUT0000320,STU001639,2025-12-17,Not Placed,,,,
OUT0000321,STU001642,2025-04-03,Not Placed,,,,
OUT0000322,STU001646,2025-08-01,Actively Searching,,,,
OUT0000323,STU001649,2024-10-05,Actively Searching,,,,
OUT0000324,STU001659,2025-01-13,Actively Searching,,,,
OUT0000325,STU001674,2024-11-26,Not Placed,,,,
OUT0000326,STU001675,2024-07-07,Placed,MNC/IT Services,782761.0,Support Engineer,Campus Drive
OUT0000327,STU001684,2025-12-03,Placed,MNC/IT Services,833853.0,Sales Executive,Platform Job Board
OUT0000328,STU001688,2025-10-10,Placed,MNC/IT Services,579116.0,Data Analyst,Platform Job Board
OUT0000329,STU001690,2025-12-31,Actively Searching,,,,
OUT0000330,STU001694,2024-12-16,Placed,Product Company,1150217.0,Software Engineer,Platform Job Board
OUT0000331,STU001695,2024-04-28,Actively Searching,,,,
OUT0000332,STU001697,2025-12-10,Placed,Startup,524555.0,Support Engineer,Campus Drive
OUT0000333,STU001698,2024-10-28,Placed,Product Company,1041598.0,UI/UX Designer,Campus Drive
OUT0000334,STU001701,2024-04-14,Actively Searching,,,,
OUT0000335,STU001707,2025-09-08,Placed,SME/Local Business,350558.0,Data Analyst,Direct Company Tie-up
OUT0000336,STU001710,2025-12-31,Actively Searching,,,,
OUT0000337,STU001720,2025-03-17,Actively Searching,,,,
OUT0000338,STU001722,2025-10-22,Actively Searching,,,,
OUT0000339,STU001727,2025-09-14,Placed,MNC/IT Services,363470.0,Support Engineer,Campus Drive
OUT0000340,STU001729,2025-09-21,Not Placed,,,,
OUT0000341,STU001731,2025-05-25,Placed,Core Engineering,700625.0,Associate Consultant,Campus Drive
OUT0000342,STU001733,2024-07-28,Actively Searching,,,,
OUT0000343,STU001734,2024-10-27,Placed,SME/Local Business,250790.0,Customer Success Associate,Referral
OUT0000344,STU001735,2024-11-17,Placed,Startup,564324.0,Data Analyst,Platform Job Board
OUT0000345,STU001736,2024-07-29,Placed,Core Engineering,355949.0,Business Analyst,Platform Job Board
OUT0000346,STU001737,2025-05-27,Placed,SME/Local Business,287963.0,Data Analyst,Platform Job Board
OUT0000347,STU001744,2025-08-19,Placed,Core Engineering,352242.0,Business Analyst,Campus Drive
OUT0000348,STU001745,2025-08-30,Placed,BFSI,493244.0,Digital Marketing Executive,Referral
OUT0000349,STU001753,2025-03-01,Actively Searching,,,,
OUT0000350,STU001754,2025-11-22,Placed,Startup,651532.0,Operations Executive,Campus Drive
OUT0000351,STU001764,2024-07-30,Actively Searching,,,,
OUT0000352,STU001769,2025-11-19,Placed,Core Engineering,460097.0,UI/UX Designer,Campus Drive
OUT0000353,STU001773,2025-04-16,Placed,Core Engineering,396681.0,Associate Consultant,Platform Job Board
OUT0000354,STU001776,2025-05-25,Placed,BFSI,479191.0,Operations Executive,Direct Company Tie-up
OUT0000355,STU001777,2024-06-18,Actively Searching,,,,
OUT0000356,STU001779,2025-04-20,Actively Searching,,,,
OUT0000357,STU001782,2025-09-07,Actively Searching,,,,
OUT0000358,STU001784,2025-08-14,Placed,Product Company,811818.0,Software Engineer,Campus Drive
OUT0000359,STU001787,2025-11-24,Placed,Startup,332470.0,Support Engineer,Campus Drive
OUT0000360,STU001801,2024-09-16,Actively Searching,,,,
OUT0000361,STU001802,2024-09-24,Placed,Startup,541859.0,Customer Success Associate,Referral
OUT0000362,STU001804,2025-11-29,Actively Searching,,,,
OUT0000363,STU001807,2024-08-12,Actively Searching,,,,
OUT0000364,STU001819,2025-11-01,Not Placed,,,,
OUT0000365,STU001825,2025-04-15,Actively Searching,,,,
OUT0000366,STU001839,2024-11-21,Placed,MNC/IT Services,698250.0,Customer Success Associate,Referral
OUT0000367,STU001841,2025-09-12,Placed,Startup,609060.0,Trainee Engineer,Referral
OUT0000368,STU001852,2025-05-16,Placed,Product Company,1036406.0,Sales Executive,Platform Job Board
OUT0000369,STU001861,2025-07-03,Not Placed,,,,
OUT0000370,STU001866,2024-11-28,Not Placed,,,,
OUT0000371,STU001868,2024-11-19,Actively Searching,,,,
OUT0000372,STU001873,2025-08-08,Not Placed,,,,
OUT0000373,STU001876,2024-04-03,Actively Searching,,,,
OUT0000374,STU001881,2025-09-26,Placed,BFSI,512424.0,Trainee Engineer,Campus Drive
OUT0000375,STU001888,2025-08-17,Actively Searching,,,,
OUT0000376,STU001907,2025-01-03,Placed,SME/Local Business,371685.0,Trainee Engineer,Direct Company Tie-up
OUT0000377,STU001911,2025-12-28,Placed,SME/Local Business,339963.0,Trainee Engineer,Direct Company Tie-up
OUT0000378,STU001918,2025-11-04,Placed,Startup,394139.0,Data Analyst,Platform Job Board
OUT0000379,STU001928,2025-12-31,Not Placed,,,,
OUT0000380,STU001930,2024-09-26,Actively Searching,,,,
OUT0000381,STU001941,2024-07-16,Actively Searching,,,,
OUT0000382,STU001947,2025-01-05,Actively Searching,,,,
OUT0000383,STU001948,2025-08-23,Placed,MNC/IT Services,780384.0,Support Engineer,Platform Job Board
OUT0000384,STU001954,2025-07-29,Placed,Product Company,938240.0,Digital Marketing Executive,Campus Drive
OUT0000385,STU001957,2025-11-29,Placed,SME/Local Business,297569.0,Software Engineer,Platform Job Board
OUT0000386,STU001959,2025-02-11,Actively Searching,,,,
OUT0000387,STU001961,2025-05-19,Placed,Startup,412541.0,Support Engineer,Campus Drive
OUT0000388,STU001966,2024-10-17,Placed,Product Company,1425351.0,Sales Executive,Campus Drive
OUT0000389,STU001968,2025-12-27,Not Placed,,,,
OUT0000390,STU001970,2025-09-19,Actively Searching,,,,
OUT0000391,STU001977,2025-08-21,Placed,Core Engineering,606084.0,Business Analyst,Campus Drive
OUT0000392,STU001981,2025-08-31,Placed,MNC/IT Services,503635.0,Business Analyst,Campus Drive
OUT0000393,STU001990,2025-05-15,Placed,MNC/IT Services,815620.0,Operations Executive,Platform Job Board
OUT0000394,STU001991,2024-12-27,Placed,SME/Local Business,320397.0,Trainee Engineer,Campus Drive
OUT0000395,STU001996,2025-04-26,Placed,Startup,477930.0,UI/UX Designer,Campus Drive
OUT0000396,STU002019,2025-10-29,Actively Searching,,,,
OUT0000397,STU002020,2025-10-20,Not Placed,,,,
OUT0000398,STU002022,2025-06-29,Placed,SME/Local Business,459607.0,Operations Executive,Direct Company Tie-up
OUT0000399,STU002024,2024-10-17,Placed,Core Engineering,415838.0,UI/UX Designer,Platform Job Board
OUT0000400,STU002027,2025-01-09,Placed,SME/Local Business,504343.0,Sales Executive,Referral
OUT0000401,STU002042,2025-12-31,Placed,Startup,670969.0,Data Analyst,Campus Drive
OUT0000402,STU002047,2024-06-20,Actively Searching,,,,
OUT0000403,STU002051,2024-10-28,Placed,BFSI,775829.0,Support Engineer,Campus Drive
OUT0000404,STU002058,2024-03-19,Placed,SME/Local Business,431728.0,Customer Success Associate,Platform Job Board
OUT0000405,STU002062,2024-11-11,Placed,Startup,674773.0,Business Analyst,Campus Drive
OUT0000406,STU002068,2025-12-07,Not Placed,,,,
OUT0000407,STU002069,2025-01-13,Placed,Core Engineering,312956.0,Operations Executive,Platform Job Board
OUT0000408,STU002073,2024-11-07,Placed,Startup,293335.0,Operations Executive,Referral
OUT0000409,STU002089,2025-09-06,Placed,BFSI,579657.0,UI/UX Designer,Campus Drive
OUT0000410,STU002102,2025-12-17,Placed,Product Company,873952.0,Digital Marketing Executive,Platform Job Board
OUT0000411,STU002105,2024-12-22,Placed,Product Company,1059506.0,Digital Marketing Executive,Campus Drive
OUT0000412,STU002115,2025-10-15,Placed,SME/Local Business,377037.0,Digital Marketing Executive,Direct Company Tie-up
OUT0000413,STU002125,2025-07-25,Placed,Core Engineering,695455.0,Support Engineer,Platform Job Board
OUT0000414,STU002131,2024-09-12,Not Placed,,,,
OUT0000415,STU002134,2024-07-02,Not Placed,,,,
OUT0000416,STU002152,2025-11-22,Actively Searching,,,,
OUT0000417,STU002154,2024-07-14,Not Placed,,,,
OUT0000418,STU002158,2024-12-23,Actively Searching,,,,
OUT0000419,STU002163,2024-09-21,Placed,BFSI,502201.0,UI/UX Designer,Campus Drive
OUT0000420,STU002165,2024-10-01,Placed,MNC/IT Services,387783.0,Business Analyst,Platform Job Board
OUT0000421,STU002166,2025-09-28,Not Placed,,,,
OUT0000422,STU002169,2024-10-20,Not Placed,,,,
OUT0000423,STU002170,2024-10-21,Not Placed,,,,
OUT0000424,STU002171,2024-11-02,Placed,MNC/IT Services,456383.0,Data Analyst,Referral
OUT0000425,STU002175,2025-04-05,Placed,BFSI,559232.0,Customer Success Associate,Direct Company Tie-up
OUT0000426,STU002185,2025-12-03,Placed,MNC/IT Services,556234.0,Digital Marketing Executive,Campus Drive
OUT0000427,STU002201,2025-10-10,Placed,Product Company,1174921.0,Operations Executive,Referral
OUT0000428,STU002204,2024-06-03,Actively Searching,,,,
OUT0000429,STU002212,2024-06-28,Actively Searching,,,,
OUT0000430,STU002221,2025-02-22,Placed,MNC/IT Services,668896.0,Operations Executive,Referral
OUT0000431,STU002224,2025-10-06,Placed,Product Company,831382.0,Business Analyst,Direct Company Tie-up
OUT0000432,STU002227,2025-03-20,Placed,SME/Local Business,419725.0,Digital Marketing Executive,Platform Job Board
OUT0000433,STU002231,2025-03-01,Actively Searching,,,,
OUT0000434,STU002236,2024-09-05,Actively Searching,,,,
OUT0000435,STU002237,2024-08-16,Placed,Startup,264328.0,Associate Consultant,Referral
OUT0000436,STU002240,2024-06-15,Actively Searching,,,,
OUT0000437,STU002247,2025-03-20,Placed,Core Engineering,376985.0,Support Engineer,Platform Job Board
OUT0000438,STU002249,2024-11-03,Placed,Product Company,990893.0,Business Analyst,Campus Drive
OUT0000439,STU002250,2024-12-25,Placed,MNC/IT Services,612990.0,Operations Executive,Platform Job Board
OUT0000440,STU002257,2025-01-23,Placed,MNC/IT Services,784773.0,Software Engineer,Direct Company Tie-up
OUT0000441,STU002267,2025-10-18,Actively Searching,,,,
OUT0000442,STU002270,2025-06-08,Placed,Startup,383893.0,Operations Executive,Platform Job Board
OUT0000443,STU002276,2025-12-31,Placed,MNC/IT Services,423762.0,Digital Marketing Executive,Campus Drive
OUT0000444,STU002283,2024-09-11,Actively Searching,,,,
OUT0000445,STU002298,2024-09-08,Actively Searching,,,,
OUT0000446,STU002300,2025-10-22,Not Placed,,,,
OUT0000447,STU002301,2025-11-09,Placed,Startup,440914.0,Associate Consultant,Referral
OUT0000448,STU002302,2024-10-11,Placed,MNC/IT Services,294275.0,Software Engineer,Campus Drive
OUT0000449,STU002317,2025-08-31,Placed,Startup,331901.0,Customer Success Associate,Platform Job Board
OUT0000450,STU002321,2024-09-30,Placed,Product Company,777817.0,Sales Executive,Referral
OUT0000451,STU002325,2024-09-17,Placed,SME/Local Business,334494.0,Business Analyst,Platform Job Board
OUT0000452,STU002328,2025-11-06,Actively Searching,,,,
OUT0000453,STU002330,2025-05-01,Placed,Product Company,1024106.0,Customer Success Associate,Campus Drive
OUT0000454,STU002333,2025-05-26,Not Placed,,,,
OUT0000455,STU002340,2024-10-17,Placed,Startup,295928.0,Digital Marketing Executive,Campus Drive
OUT0000456,STU002347,2025-08-03,Placed,MNC/IT Services,447146.0,UI/UX Designer,Platform Job Board
OUT0000457,STU002353,2025-01-06,Actively Searching,,,,
OUT0000458,STU002363,2025-11-10,Placed,MNC/IT Services,533796.0,Data Analyst,Referral
OUT0000459,STU002375,2024-11-05,Actively Searching,,,,
OUT0000460,STU002378,2025-08-08,Placed,Startup,564151.0,Operations Executive,Platform Job Board
OUT0000461,STU002383,2024-07-07,Placed,BFSI,435388.0,UI/UX Designer,Referral
OUT0000462,STU002385,2025-03-13,Actively Searching,,,,
OUT0000463,STU002386,2025-06-26,Placed,BFSI,534378.0,Trainee Engineer,Direct Company Tie-up
OUT0000464,STU002390,2024-07-12,Placed,SME/Local Business,391041.0,UI/UX Designer,Referral
OUT0000465,STU002391,2024-12-18,Actively Searching,,,,
OUT0000466,STU002394,2024-11-10,Placed,MNC/IT Services,640080.0,Digital Marketing Executive,Platform Job Board
OUT0000467,STU002398,2025-06-05,Placed,Startup,489687.0,Business Analyst,Direct Company Tie-up
OUT0000468,STU002404,2025-10-20,Placed,Product Company,684477.0,Sales Executive,Referral
OUT0000469,STU002417,2025-09-22,Placed,Product Company,642746.0,UI/UX Designer,Campus Drive
OUT0000470,STU002424,2025-01-17,Not Placed,,,,
OUT0000471,STU002431,2025-10-06,Placed,MNC/IT Services,649684.0,Digital Marketing Executive,Platform Job Board
OUT0000472,STU002436,2025-10-19,Actively Searching,,,,
OUT0000473,STU002440,2024-10-28,Placed,MNC/IT Services,619001.0,Digital Marketing Executive,Campus Drive
OUT0000474,STU002441,2025-07-27,Placed,MNC/IT Services,572616.0,Business Analyst,Platform Job Board
OUT0000475,STU002442,2025-08-12,Actively Searching,,,,
OUT0000476,STU002446,2025-03-21,Placed,Startup,510803.0,Trainee Engineer,Campus Drive
OUT0000477,STU002447,2024-04-15,Actively Searching,,,,
OUT0000478,STU002450,2025-08-11,Actively Searching,,,,
OUT0000479,STU002463,2025-10-20,Actively Searching,,,,
OUT0000480,STU002471,2025-01-29,Placed,Startup,380170.0,UI/UX Designer,Platform Job Board
OUT0000481,STU002472,2024-12-22,Placed,MNC/IT Services,608577.0,Associate Consultant,Campus Drive
OUT0000482,STU002473,2025-10-05,Placed,MNC/IT Services,724784.0,Digital Marketing Executive,Referral
OUT0000483,STU002483,2024-07-30,Placed,MNC/IT Services,656817.0,Software Engineer,Platform Job Board
OUT0000484,STU002484,2025-10-20,Actively Searching,,,,
OUT0000485,STU002492,2025-12-05,Not Placed,,,,
OUT0000486,STU002494,2025-03-29,Not Placed,,,,
OUT0000487,STU002499,2025-07-28,Placed,Startup,496194.0,Software Engineer,Platform Job Board
OUT0000488,STU002502,2025-08-03,Placed,BFSI,484061.0,Trainee Engineer,Direct Company Tie-up
OUT0000489,STU002520,2024-06-02,Actively Searching,,,,
OUT0000490,STU002528,2024-10-14,Actively Searching,,,,
OUT0000491,STU002530,2024-11-18,Actively Searching,,,,
OUT0000492,STU002537,2025-09-15,Actively Searching,,,,
OUT0000493,STU002540,2024-06-14,Placed,BFSI,263836.0,Sales Executive,Direct Company Tie-up
OUT0000494,STU002545,2024-05-27,Placed,MNC/IT Services,367623.0,Trainee Engineer,Referral
OUT0000495,STU002546,2024-07-29,Placed,Product Company,1413083.0,Support Engineer,Platform Job Board
OUT0000496,STU002559,2025-11-25,Actively Searching,,,,
OUT0000497,STU002562,2024-05-10,Not Placed,,,,
OUT0000498,STU002566,2025-09-22,Placed,Product Company,1082290.0,Trainee Engineer,Platform Job Board
OUT0000499,STU002575,2025-07-11,Placed,MNC/IT Services,622443.0,Digital Marketing Executive,Platform Job Board
OUT0000500,STU002577,2024-09-19,Not Placed,,,,
OUT0000501,STU002595,2025-05-05,Placed,MNC/IT Services,721328.0,Support Engineer,Direct Company Tie-up
OUT0000502,STU002601,2024-09-03,Placed,MNC/IT Services,547647.0,Trainee Engineer,Campus Drive
OUT0000503,STU002616,2024-03-15,Actively Searching,,,,
OUT0000504,STU002618,2025-12-31,Placed,Startup,534945.0,Data Analyst,Platform Job Board
OUT0000505,STU002623,2025-10-06,Actively Searching,,,,
OUT0000506,STU002640,2025-02-16,Actively Searching,,,,
OUT0000507,STU002656,2025-09-14,Not Placed,,,,
OUT0000508,STU002666,2025-08-15,Placed,Core Engineering,324405.0,Data Analyst,Direct Company Tie-up
OUT0000509,STU002668,2025-09-27,Actively Searching,,,,
OUT0000510,STU002670,2025-04-03,Placed,Startup,468224.0,Customer Success Associate,Direct Company Tie-up
OUT0000511,STU002672,2025-09-27,Placed,SME/Local Business,284666.0,Data Analyst,Referral
OUT0000512,STU002676,2024-12-25,Not Placed,,,,
OUT0000513,STU002678,2024-07-16,Actively Searching,,,,
OUT0000514,STU002679,2025-05-11,Placed,MNC/IT Services,613487.0,Sales Executive,Platform Job Board
OUT0000515,STU002682,2024-11-12,Actively Searching,,,,
OUT0000516,STU002687,2024-11-08,Actively Searching,,,,
OUT0000517,STU002689,2025-06-11,Placed,Startup,335970.0,Sales Executive,Referral
OUT0000518,STU002694,2025-11-02,Not Placed,,,,
OUT0000519,STU002695,2025-05-07,Placed,MNC/IT Services,644407.0,UI/UX Designer,Campus Drive
OUT0000520,STU002703,2025-12-31,Not Placed,,,,
OUT0000521,STU002714,2025-07-16,Placed,MNC/IT Services,479518.0,Trainee Engineer,Platform Job Board
OUT0000522,STU002728,2025-09-19,Actively Searching,,,,
OUT0000523,STU002729,2025-12-08,Placed,BFSI,440015.0,Associate Consultant,Platform Job Board
OUT0000524,STU002730,2024-11-13,Placed,Core Engineering,445246.0,Trainee Engineer,Referral
OUT0000525,STU002733,2024-03-22,Not Placed,,,,
OUT0000526,STU002741,2024-10-27,Placed,BFSI,323982.0,Sales Executive,Referral
OUT0000527,STU002746,2024-06-24,Placed,MNC/IT Services,388602.0,Operations Executive,Direct Company Tie-up
OUT0000528,STU002750,2025-02-14,Placed,Startup,453405.0,Customer Success Associate,Campus Drive
OUT0000529,STU002751,2025-04-02,Placed,Product Company,1079525.0,Customer Success Associate,Platform Job Board
OUT0000530,STU002753,2025-11-12,Actively Searching,,,,
OUT0000531,STU002756,2025-03-18,Placed,Product Company,572923.0,Sales Executive,Platform Job Board
OUT0000532,STU002761,2024-08-26,Placed,MNC/IT Services,281646.0,UI/UX Designer,Platform Job Board
OUT0000533,STU002765,2025-05-16,Placed,MNC/IT Services,552358.0,Customer Success Associate,Platform Job Board
OUT0000534,STU002772,2025-02-16,Actively Searching,,,,
OUT0000535,STU002774,2024-07-24,Not Placed,,,,
OUT0000536,STU002775,2025-05-25,Placed,BFSI,351308.0,Support Engineer,Campus Drive
OUT0000537,STU002784,2025-12-31,Placed,MNC/IT Services,482713.0,Business Analyst,Referral
OUT0000538,STU002785,2024-11-28,Placed,SME/Local Business,215195.0,UI/UX Designer,Direct Company Tie-up
OUT0000539,STU002788,2025-03-18,Actively Searching,,,,
OUT0000540,STU002793,2024-11-22,Actively Searching,,,,
OUT0000541,STU002805,2025-10-09,Not Placed,,,,
OUT0000542,STU002806,2024-10-06,Actively Searching,,,,
OUT0000543,STU002813,2025-11-20,Not Placed,,,,
OUT0000544,STU002815,2024-04-21,Not Placed,,,,
OUT0000545,STU002823,2024-08-07,Actively Searching,,,,
OUT0000546,STU002824,2025-08-03,Placed,SME/Local Business,423145.0,Digital Marketing Executive,Direct Company Tie-up
OUT0000547,STU002825,2025-09-28,Placed,MNC/IT Services,586255.0,Customer Success Associate,Platform Job Board
OUT0000548,STU002850,2025-06-12,Not Placed,,,,
OUT0000549,STU002859,2024-08-06,Placed,Startup,409812.0,Business Analyst,Platform Job Board
OUT0000550,STU002863,2024-06-27,Placed,Startup,439425.0,Trainee Engineer,Referral
OUT0000551,STU002870,2025-08-08,Actively Searching,,,,
OUT0000552,STU002871,2024-10-20,Actively Searching,,,,
OUT0000553,STU002873,2025-02-16,Actively Searching,,,,
OUT0000554,STU002882,2024-12-05,Placed,SME/Local Business,214044.0,Software Engineer,Campus Drive
OUT0000555,STU002887,2025-12-31,Actively Searching,,,,
OUT0000556,STU002888,2025-10-29,Placed,Startup,523387.0,Associate Consultant,Platform Job Board
OUT0000557,STU002897,2024-05-29,Placed,MNC/IT Services,474079.0,Digital Marketing Executive,Platform Job Board
OUT0000558,STU002901,2024-11-13,Placed,Product Company,1013936.0,Operations Executive,Platform Job Board
OUT0000559,STU002903,2025-12-31,Placed,Startup,355810.0,Data Analyst,Platform Job Board
OUT0000560,STU002909,2025-04-30,Placed,Startup,448134.0,UI/UX Designer,Platform Job Board
OUT0000561,STU002910,2025-07-20,Actively Searching,,,,
OUT0000562,STU002915,2025-11-27,Placed,Startup,723572.0,UI/UX Designer,Referral
OUT0000563,STU002917,2024-10-22,Placed,BFSI,696029.0,Software Engineer,Campus Drive
OUT0000564,STU002923,2025-03-29,Placed,Core Engineering,422091.0,Support Engineer,Platform Job Board
OUT0000565,STU002933,2025-03-04,Placed,MNC/IT Services,822321.0,Software Engineer,Direct Company Tie-up
OUT0000566,STU002940,2025-08-18,Not Placed,,,,
OUT0000567,STU002943,2025-12-10,Actively Searching,,,,
OUT0000568,STU002950,2025-04-09,Placed,Core Engineering,367590.0,Sales Executive,Direct Company Tie-up
OUT0000569,STU002957,2024-08-17,Placed,MNC/IT Services,507841.0,Digital Marketing Executive,Direct Company Tie-up
OUT0000570,STU002958,2024-11-10,Placed,BFSI,323058.0,Digital Marketing Executive,Platform Job Board
OUT0000571,STU002964,2024-06-21,Placed,MNC/IT Services,500585.0,Data Analyst,Referral
OUT0000572,STU002966,2025-01-02,Placed,MNC/IT Services,840706.0,Sales Executive,Platform Job Board
OUT0000573,STU002969,2025-05-07,Actively Searching,,,,
OUT0000574,STU002982,2025-09-11,Placed,Product Company,684160.0,Software Engineer,Platform Job Board
OUT0000575,STU002990,2025-11-07,Actively Searching,,,,
OUT0000576,STU002996,2025-06-13,Actively Searching,,,,
OUT0000577,STU002997,2025-05-13,Placed,Product Company,726782.0,Digital Marketing Executive,Referral
OUT0000578,STU002998,2025-02-03,Placed,MNC/IT Services,851034.0,Support Engineer,Campus Drive
OUT0000579,STU003004,2025-09-08,Placed,MNC/IT Services,499917.0,Sales Executive,Campus Drive
OUT0000580,STU003005,2025-09-10,Placed,Startup,370970.0,UI/UX Designer,Direct Company Tie-up
OUT0000581,STU003007,2025-09-05,Placed,SME/Local Business,262962.0,Customer Success Associate,Platform Job Board
OUT0000582,STU003010,2024-05-26,Not Placed,,,,
OUT0000583,STU003014,2025-01-26,Placed,Startup,460263.0,Digital Marketing Executive,Campus Drive
OUT0000584,STU003016,2025-12-31,Placed,SME/Local Business,235233.0,Operations Executive,Referral
OUT0000585,STU003020,2025-12-20,Actively Searching,,,,
OUT0000586,STU003027,2025-01-02,Placed,MNC/IT Services,497181.0,UI/UX Designer,Platform Job Board
OUT0000587,STU003028,2024-06-18,Not Placed,,,,
OUT0000588,STU003033,2025-08-05,Not Placed,,,,
OUT0000589,STU003042,2025-07-01,Placed,Product Company,781046.0,Digital Marketing Executive,Platform Job Board
OUT0000590,STU003045,2024-12-06,Placed,Startup,304962.0,Associate Consultant,Platform Job Board
OUT0000591,STU003048,2025-10-25,Placed,Startup,521510.0,Software Engineer,Campus Drive
OUT0000592,STU003050,2025-05-08,Not Placed,,,,
OUT0000593,STU003058,2025-12-01,Placed,Startup,346977.0,Trainee Engineer,Referral
OUT0000594,STU003059,2025-12-31,Actively Searching,,,,
OUT0000595,STU003061,2025-11-29,Placed,SME/Local Business,268765.0,Business Analyst,Campus Drive
OUT0000596,STU003065,2025-10-31,Placed,Core Engineering,426656.0,UI/UX Designer,Platform Job Board
OUT0000597,STU003080,2024-09-30,Placed,Startup,286716.0,Associate Consultant,Campus Drive
OUT0000598,STU003095,2025-03-07,Placed,Product Company,1481175.0,Digital Marketing Executive,Campus Drive
OUT0000599,STU003100,2024-10-04,Placed,Product Company,959586.0,Associate Consultant,Direct Company Tie-up
OUT0000600,STU003103,2025-01-01,Actively Searching,,,,
OUT0000601,STU003119,2024-09-16,Placed,MNC/IT Services,487723.0,Data Analyst,Direct Company Tie-up
OUT0000602,STU003123,2024-07-13,Not Placed,,,,
OUT0000603,STU003124,2025-12-31,Placed,Core Engineering,428756.0,Trainee Engineer,Referral
OUT0000604,STU003141,2025-12-31,Placed,MNC/IT Services,295443.0,Sales Executive,Campus Drive
OUT0000605,STU003146,2024-12-15,Placed,BFSI,539382.0,Business Analyst,Platform Job Board
OUT0000606,STU003148,2025-12-31,Placed,Startup,298934.0,Data Analyst,Direct Company Tie-up
OUT0000607,STU003149,2024-11-27,Placed,MNC/IT Services,786113.0,Business Analyst,Referral
OUT0000608,STU003151,2024-07-09,Not Placed,,,,
OUT0000609,STU003153,2025-12-28,Actively Searching,,,,
OUT0000610,STU003154,2025-09-13,Placed,Startup,301551.0,Associate Consultant,Referral
OUT0000611,STU003172,2024-11-11,Placed,BFSI,530270.0,Customer Success Associate,Campus Drive
OUT0000612,STU003180,2025-07-20,Actively Searching,,,,
OUT0000613,STU003181,2024-08-21,Placed,MNC/IT Services,419624.0,Sales Executive,Platform Job Board
OUT0000614,STU003184,2025-09-19,Actively Searching,,,,
OUT0000615,STU003195,2024-07-20,Actively Searching,,,,
OUT0000616,STU003205,2025-04-23,Placed,Startup,499238.0,Associate Consultant,Platform Job Board
OUT0000617,STU003209,2025-02-21,Placed,SME/Local Business,454282.0,Software Engineer,Direct Company Tie-up
OUT0000618,STU003210,2024-06-20,Placed,SME/Local Business,324288.0,Associate Consultant,Campus Drive
OUT0000619,STU003212,2025-03-18,Placed,Startup,569233.0,Associate Consultant,Referral
OUT0000620,STU003214,2024-07-09,Not Placed,,,,
OUT0000621,STU003221,2025-05-23,Not Placed,,,,
OUT0000622,STU003222,2025-03-26,Placed,Startup,397011.0,Sales Executive,Platform Job Board
OUT0000623,STU003228,2025-04-05,Actively Searching,,,,
OUT0000624,STU003233,2024-09-26,Placed,MNC/IT Services,609871.0,Support Engineer,Campus Drive
OUT0000625,STU003236,2025-12-31,Placed,MNC/IT Services,638556.0,Software Engineer,Platform Job Board
OUT0000626,STU003244,2025-02-22,Not Placed,,,,
OUT0000627,STU003246,2025-03-06,Placed,Startup,629198.0,Data Analyst,Referral
OUT0000628,STU003249,2024-07-14,Placed,Product Company,926560.0,Customer Success Associate,Platform Job Board
OUT0000629,STU003254,2024-05-21,Actively Searching,,,,
OUT0000630,STU003261,2025-11-29,Not Placed,,,,
OUT0000631,STU003265,2025-12-10,Placed,MNC/IT Services,570657.0,Data Analyst,Direct Company Tie-up
OUT0000632,STU003268,2025-06-22,Placed,MNC/IT Services,441046.0,Trainee Engineer,Campus Drive
OUT0000633,STU003284,2025-01-11,Actively Searching,,,,
OUT0000634,STU003291,2025-04-22,Actively Searching,,,,
OUT0000635,STU003294,2024-12-22,Placed,MNC/IT Services,855130.0,Software Engineer,Platform Job Board
OUT0000636,STU003297,2024-09-02,Placed,Product Company,693088.0,Operations Executive,Platform Job Board
OUT0000637,STU003306,2025-11-25,Actively Searching,,,,
OUT0000638,STU003308,2025-10-17,Placed,Startup,549221.0,Sales Executive,Platform Job Board
OUT0000639,STU003309,2024-11-03,Actively Searching,,,,
OUT0000640,STU003311,2025-12-18,Placed,Startup,299642.0,Support Engineer,Referral
OUT0000641,STU003314,2025-09-14,Placed,BFSI,370524.0,Operations Executive,Direct Company Tie-up
OUT0000642,STU003318,2024-11-06,Placed,Startup,463793.0,Data Analyst,Platform Job Board
OUT0000643,STU003321,2025-07-04,Placed,Startup,400573.0,Business Analyst,Platform Job Board
OUT0000644,STU003326,2024-06-26,Placed,MNC/IT Services,475010.0,Support Engineer,Direct Company Tie-up
OUT0000645,STU003327,2025-10-12,Not Placed,,,,
OUT0000646,STU003336,2025-09-06,Placed,SME/Local Business,261233.0,Support Engineer,Referral
OUT0000647,STU003337,2025-01-05,Placed,SME/Local Business,266292.0,Digital Marketing Executive,Referral
OUT0000648,STU003341,2025-08-03,Actively Searching,,,,
OUT0000649,STU003342,2024-11-22,Actively Searching,,,,
OUT0000650,STU003344,2025-01-18,Actively Searching,,,,
OUT0000651,STU003348,2024-10-15,Not Placed,,,,
OUT0000652,STU003352,2025-08-03,Actively Searching,,,,
OUT0000653,STU003360,2025-04-30,Placed,Product Company,1018679.0,Associate Consultant,Campus Drive
OUT0000654,STU003364,2025-05-18,Placed,MNC/IT Services,400185.0,Associate Consultant,Campus Drive
OUT0000655,STU003365,2025-08-24,Placed,Startup,332405.0,UI/UX Designer,Platform Job Board
OUT0000656,STU003366,2025-05-27,Actively Searching,,,,
OUT0000657,STU003368,2024-10-31,Placed,BFSI,787605.0,Digital Marketing Executive,Campus Drive
OUT0000658,STU003369,2025-09-15,Placed,Startup,344483.0,Customer Success Associate,Campus Drive
OUT0000659,STU003371,2024-06-24,Actively Searching,,,,
OUT0000660,STU003377,2025-10-27,Actively Searching,,,,
OUT0000661,STU003382,2024-04-15,Not Placed,,,,
OUT0000662,STU003389,2025-03-13,Placed,SME/Local Business,391705.0,Software Engineer,Referral
OUT0000663,STU003392,2025-11-19,Placed,MNC/IT Services,502987.0,Sales Executive,Referral
OUT0000664,STU003407,2025-08-11,Not Placed,,,,
OUT0000665,STU003408,2025-08-08,Placed,SME/Local Business,365496.0,Trainee Engineer,Platform Job Board
OUT0000666,STU003409,2025-10-16,Placed,MNC/IT Services,804853.0,Operations Executive,Campus Drive
OUT0000667,STU003423,2025-03-01,Actively Searching,,,,
OUT0000668,STU003425,2024-11-23,Not Placed,,,,
OUT0000669,STU003427,2024-12-02,Placed,BFSI,435165.0,Associate Consultant,Campus Drive
OUT0000670,STU003429,2025-09-08,Actively Searching,,,,
OUT0000671,STU003434,2025-01-19,Placed,MNC/IT Services,372535.0,Business Analyst,Campus Drive
OUT0000672,STU003435,2025-08-30,Placed,Product Company,562456.0,Sales Executive,Referral
OUT0000673,STU003440,2025-02-13,Not Placed,,,,
OUT0000674,STU003441,2025-03-15,Placed,Startup,642974.0,Digital Marketing Executive,Direct Company Tie-up
OUT0000675,STU003465,2024-12-27,Placed,Product Company,531296.0,Associate Consultant,Referral
OUT0000676,STU003470,2025-07-11,Actively Searching,,,,
OUT0000677,STU003484,2025-11-28,Actively Searching,,,,
OUT0000678,STU003485,2024-07-04,Actively Searching,,,,
OUT0000679,STU003488,2025-04-23,Not Placed,,,,
OUT0000680,STU003494,2025-03-11,Placed,Startup,354064.0,Operations Executive,Direct Company Tie-up
OUT0000681,STU003506,2024-06-02,Actively Searching,,,,
OUT0000682,STU003516,2025-04-24,Placed,MNC/IT Services,340555.0,Operations Executive,Direct Company Tie-up
OUT0000683,STU003517,2025-03-18,Placed,MNC/IT Services,548343.0,Trainee Engineer,Referral
OUT0000684,STU003522,2024-07-22,Not Placed,,,,
OUT0000685,STU003526,2025-02-27,Actively Searching,,,,
OUT0000686,STU003537,2024-09-24,Actively Searching,,,,
OUT0000687,STU003545,2025-11-25,Placed,MNC/IT Services,731789.0,Operations Executive,Platform Job Board
OUT0000688,STU003547,2025-05-26,Placed,Startup,291123.0,Operations Executive,Platform Job Board
OUT0000689,STU003548,2025-11-15,Actively Searching,,,,
OUT0000690,STU003550,2024-11-20,Placed,Core Engineering,456280.0,Associate Consultant,Platform Job Board
OUT0000691,STU003556,2024-10-10,Placed,Startup,534189.0,Associate Consultant,Campus Drive
OUT0000692,STU003560,2024-09-23,Actively Searching,,,,
OUT0000693,STU003566,2024-10-03,Placed,MNC/IT Services,466671.0,Software Engineer,Campus Drive
OUT0000694,STU003567,2024-04-08,Placed,Product Company,981696.0,Customer Success Associate,Campus Drive
OUT0000695,STU003570,2025-03-25,Placed,SME/Local Business,446428.0,Associate Consultant,Direct Company Tie-up
OUT0000696,STU003572,2025-01-02,Placed,SME/Local Business,287035.0,Digital Marketing Executive,Campus Drive
OUT0000697,STU003574,2025-12-31,Actively Searching,,,,
OUT0000698,STU003584,2024-10-12,Placed,Product Company,703349.0,Trainee Engineer,Campus Drive
OUT0000699,STU003586,2025-08-07,Placed,MNC/IT Services,588839.0,Digital Marketing Executive,Platform Job Board
OUT0000700,STU003588,2025-11-23,Not Placed,,,,
OUT0000701,STU003590,2024-12-01,Actively Searching,,,,
OUT0000702,STU003595,2025-05-27,Actively Searching,,,,
OUT0000703,STU003596,2025-06-19,Actively Searching,,,,
OUT0000704,STU003597,2025-09-08,Not Placed,,,,
OUT0000705,STU003609,2024-11-07,Actively Searching,,,,
OUT0000706,STU003617,2024-12-07,Actively Searching,,,,
OUT0000707,STU003621,2025-04-07,Placed,Product Company,747708.0,Support Engineer,Direct Company Tie-up
OUT0000708,STU003623,2024-05-03,Placed,SME/Local Business,263308.0,Operations Executive,Campus Drive
OUT0000709,STU003626,2024-05-04,Not Placed,,,,
OUT0000710,STU003634,2025-06-01,Placed,Product Company,919308.0,UI/UX Designer,Campus Drive
OUT0000711,STU003639,2025-10-28,Placed,MNC/IT Services,477804.0,Customer Success Associate,Direct Company Tie-up
OUT0000712,STU003648,2025-06-11,Actively Searching,,,,
OUT0000713,STU003652,2024-08-27,Placed,MNC/IT Services,817546.0,UI/UX Designer,Platform Job Board
OUT0000714,STU003653,2024-05-12,Placed,SME/Local Business,310818.0,Sales Executive,Platform Job Board
OUT0000715,STU003663,2024-10-29,Not Placed,,,,
OUT0000716,STU003673,2024-09-23,Placed,MNC/IT Services,573570.0,Customer Success Associate,Campus Drive
OUT0000717,STU003674,2024-12-28,Placed,BFSI,752016.0,Sales Executive,Platform Job Board
OUT0000718,STU003675,2024-05-08,Placed,Startup,291284.0,Support Engineer,Direct Company Tie-up
OUT0000719,STU003677,2024-12-21,Placed,Product Company,526041.0,Software Engineer,Campus Drive
OUT0000720,STU003680,2024-06-25,Actively Searching,,,,
OUT0000721,STU003681,2024-07-27,Placed,Startup,476958.0,UI/UX Designer,Platform Job Board
OUT0000722,STU003690,2025-09-12,Not Placed,,,,
OUT0000723,STU003696,2025-04-05,Placed,Core Engineering,443939.0,Software Engineer,Referral
OUT0000724,STU003698,2025-02-17,Placed,MNC/IT Services,537960.0,Data Analyst,Campus Drive
OUT0000725,STU003701,2025-03-25,Actively Searching,,,,
OUT0000726,STU003702,2024-12-10,Placed,BFSI,757865.0,Trainee Engineer,Referral
OUT0000727,STU003708,2024-12-23,Actively Searching,,,,
OUT0000728,STU003711,2025-11-20,Placed,Startup,397211.0,Associate Consultant,Campus Drive
OUT0000729,STU003712,2024-10-12,Placed,Product Company,911079.0,Business Analyst,Campus Drive
OUT0000730,STU003717,2025-08-20,Placed,Startup,694891.0,Business Analyst,Campus Drive
OUT0000731,STU003718,2025-01-07,Placed,MNC/IT Services,632445.0,Data Analyst,Direct Company Tie-up
OUT0000732,STU003724,2025-12-31,Actively Searching,,,,
OUT0000733,STU003726,2024-05-14,Not Placed,,,,
OUT0000734,STU003729,2025-08-25,Placed,BFSI,728977.0,Sales Executive,Campus Drive
OUT0000735,STU003731,2024-09-05,Not Placed,,,,
OUT0000736,STU003734,2024-12-22,Actively Searching,,,,
OUT0000737,STU003736,2025-03-31,Actively Searching,,,,
OUT0000738,STU003740,2025-12-31,Placed,BFSI,300359.0,Digital Marketing Executive,Referral
OUT0000739,STU003742,2024-09-11,Placed,SME/Local Business,263968.0,Customer Success Associate,Campus Drive
OUT0000740,STU003751,2025-05-24,Placed,Product Company,1405788.0,Trainee Engineer,Referral
OUT0000741,STU003757,2025-02-25,Placed,Product Company,644428.0,Digital Marketing Executive,Campus Drive
OUT0000742,STU003761,2025-04-15,Placed,BFSI,458934.0,Business Analyst,Referral
OUT0000743,STU003764,2024-08-31,Actively Searching,,,,
OUT0000744,STU003768,2025-04-12,Actively Searching,,,,
OUT0000745,STU003771,2024-11-16,Placed,MNC/IT Services,517162.0,Support Engineer,Platform Job Board
OUT0000746,STU003778,2025-08-02,Placed,Product Company,846792.0,Data Analyst,Platform Job Board
OUT0000747,STU003780,2025-12-31,Actively Searching,,,,
OUT0000748,STU003784,2024-10-14,Actively Searching,,,,
OUT0000749,STU003792,2025-04-08,Actively Searching,,,,
OUT0000750,STU003798,2025-07-14,Placed,BFSI,661667.0,Trainee Engineer,Platform Job Board
OUT0000751,STU003802,2024-09-18,Placed,Startup,551090.0,Digital Marketing Executive,Platform Job Board
OUT0000752,STU003810,2025-01-24,Not Placed,,,,
OUT0000753,STU003819,2024-10-13,Placed,MNC/IT Services,707392.0,Trainee Engineer,Platform Job Board
OUT0000754,STU003821,2025-10-26,Placed,Startup,330907.0,Sales Executive,Direct Company Tie-up
OUT0000755,STU003822,2025-04-28,Actively Searching,,,,
OUT0000756,STU003827,2024-11-09,Placed,MNC/IT Services,393597.0,Support Engineer,Referral
OUT0000757,STU003831,2024-10-25,Placed,BFSI,380884.0,Business Analyst,Platform Job Board
OUT0000758,STU003838,2024-06-19,Actively Searching,,,,
OUT0000759,STU003854,2024-12-11,Placed,BFSI,400733.0,Support Engineer,Campus Drive
OUT0000760,STU003857,2024-10-15,Placed,Core Engineering,452205.0,Support Engineer,Direct Company Tie-up
OUT0000761,STU003859,2025-09-22,Not Placed,,,,
OUT0000762,STU003861,2025-04-14,Not Placed,,,,
OUT0000763,STU003865,2025-08-06,Placed,Core Engineering,328215.0,Customer Success Associate,Platform Job Board
OUT0000764,STU003868,2024-12-30,Not Placed,,,,
OUT0000765,STU003870,2025-07-21,Placed,BFSI,538049.0,UI/UX Designer,Campus Drive
OUT0000766,STU003873,2025-01-13,Placed,SME/Local Business,250601.0,Business Analyst,Direct Company Tie-up
OUT0000767,STU003880,2025-03-27,Actively Searching,,,,
OUT0000768,STU003883,2024-04-19,Placed,Startup,382814.0,Operations Executive,Platform Job Board
OUT0000769,STU003901,2024-09-12,Actively Searching,,,,
OUT0000770,STU003903,2024-10-19,Placed,BFSI,793735.0,UI/UX Designer,Platform Job Board
OUT0000771,STU003908,2024-09-23,Actively Searching,,,,
OUT0000772,STU003913,2025-08-14,Placed,MNC/IT Services,372826.0,Associate Consultant,Campus Drive
OUT0000773,STU003915,2024-11-22,Actively Searching,,,,
OUT0000774,STU003920,2025-06-30,Actively Searching,,,,
OUT0000775,STU003921,2024-12-29,Actively Searching,,,,
OUT0000776,STU003926,2024-07-12,Placed,Product Company,519187.0,Support Engineer,Campus Drive
OUT0000777,STU003933,2025-10-26,Placed,MNC/IT Services,445121.0,Software Engineer,Referral
OUT0000778,STU003936,2025-10-25,Actively Searching,,,,
OUT0000779,STU003938,2025-11-18,Placed,MNC/IT Services,429519.0,Associate Consultant,Platform Job Board
OUT0000780,STU003947,2025-09-17,Not Placed,,,,
OUT0000781,STU003948,2025-11-18,Placed,Core Engineering,428283.0,Digital Marketing Executive,Campus Drive
OUT0000782,STU003954,2025-10-05,Placed,Startup,307584.0,Operations Executive,Platform Job Board
OUT0000783,STU003970,2024-09-06,Placed,SME/Local Business,242956.0,Associate Consultant,Direct Company Tie-up
OUT0000784,STU003971,2025-02-13,Actively Searching,,,,
OUT0000785,STU003976,2024-11-28,Placed,MNC/IT Services,505917.0,Data Analyst,Platform Job Board
OUT0000786,STU003999,2025-12-23,Placed,SME/Local Business,361181.0,Operations Executive,Campus Drive
OUT0000787,STU004002,2025-09-08,Placed,SME/Local Business,299475.0,UI/UX Designer,Platform Job Board
OUT0000788,STU004003,2024-06-24,Placed,Product Company,1094634.0,Business Analyst,Campus Drive
OUT0000789,STU004010,2025-08-12,Placed,Product Company,927123.0,Trainee Engineer,Platform Job Board
OUT0000790,STU004014,2024-12-06,Placed,Product Company,1016974.0,Business Analyst,Platform Job Board
OUT0000791,STU004017,2025-09-01,Not Placed,,,,
OUT0000792,STU004022,2025-08-25,Not Placed,,,,
OUT0000793,STU004029,2025-03-23,Actively Searching,,,,
OUT0000794,STU004030,2025-02-17,Placed,Product Company,667176.0,Business Analyst,Campus Drive
OUT0000795,STU004031,2024-04-14,Placed,Core Engineering,303052.0,Trainee Engineer,Campus Drive
OUT0000796,STU004040,2025-11-07,Not Placed,,,,
OUT0000797,STU004049,2025-08-09,Placed,MNC/IT Services,490772.0,Sales Executive,Direct Company Tie-up
OUT0000798,STU004054,2025-09-01,Placed,Core Engineering,540715.0,Software Engineer,Campus Drive
OUT0000799,STU004055,2025-05-16,Not Placed,,,,
OUT0000800,STU004058,2024-09-14,Placed,Core Engineering,430252.0,Customer Success Associate,Campus Drive
OUT0000801,STU004064,2025-08-16,Placed,MNC/IT Services,453222.0,Business Analyst,Platform Job Board
OUT0000802,STU004065,2024-06-01,Placed,SME/Local Business,223966.0,Associate Consultant,Campus Drive
OUT0000803,STU004067,2025-09-05,Not Placed,,,,
OUT0000804,STU004070,2025-09-22,Actively Searching,,,,
OUT0000805,STU004080,2025-12-22,Placed,Startup,584473.0,Sales Executive,Campus Drive
OUT0000806,STU004085,2024-12-05,Placed,BFSI,556121.0,Software Engineer,Platform Job Board
OUT0000807,STU004088,2025-01-21,Not Placed,,,,
OUT0000808,STU004093,2025-07-30,Actively Searching,,,,
OUT0000809,STU004095,2025-01-25,Actively Searching,,,,
OUT0000810,STU004102,2025-02-24,Placed,Core Engineering,476135.0,Customer Success Associate,Platform Job Board
OUT0000811,STU004104,2025-09-03,Placed,Product Company,875814.0,Associate Consultant,Direct Company Tie-up
OUT0000812,STU004110,2024-08-26,Placed,Startup,476818.0,Business Analyst,Campus Drive
OUT0000813,STU004120,2025-06-07,Placed,SME/Local Business,508982.0,UI/UX Designer,Referral
OUT0000814,STU004125,2025-07-27,Placed,SME/Local Business,254022.0,Data Analyst,Campus Drive
OUT0000815,STU004127,2025-01-21,Placed,SME/Local Business,219887.0,Operations Executive,Platform Job Board
OUT0000816,STU004133,2025-11-26,Placed,Startup,414147.0,Business Analyst,Direct Company Tie-up
OUT0000817,STU004134,2024-12-22,Placed,Product Company,1127567.0,Business Analyst,Campus Drive
OUT0000818,STU004135,2024-11-29,Placed,Startup,325863.0,Trainee Engineer,Referral
OUT0000819,STU004138,2024-05-08,Actively Searching,,,,
OUT0000820,STU004145,2024-10-22,Placed,Startup,392488.0,Software Engineer,Platform Job Board
OUT0000821,STU004157,2025-09-22,Actively Searching,,,,
OUT0000822,STU004162,2025-12-31,Placed,MNC/IT Services,764418.0,Support Engineer,Platform Job Board
OUT0000823,STU004163,2024-11-16,Actively Searching,,,,
OUT0000824,STU004164,2024-12-14,Placed,MNC/IT Services,522491.0,Support Engineer,Platform Job Board
OUT0000825,STU004171,2025-06-18,Placed,MNC/IT Services,486414.0,Data Analyst,Direct Company Tie-up
OUT0000826,STU004184,2025-12-31,Actively Searching,,,,
OUT0000827,STU004192,2025-11-06,Placed,MNC/IT Services,660964.0,UI/UX Designer,Campus Drive
OUT0000828,STU004198,2025-02-26,Actively Searching,,,,
OUT0000829,STU004204,2025-08-29,Placed,MNC/IT Services,531860.0,Associate Consultant,Direct Company Tie-up
OUT0000830,STU004206,2024-11-07,Actively Searching,,,,
OUT0000831,STU004211,2024-12-03,Actively Searching,,,,
OUT0000832,STU004214,2024-08-27,Placed,BFSI,518781.0,Business Analyst,Campus Drive
OUT0000833,STU004245,2024-10-20,Placed,MNC/IT Services,423677.0,Data Analyst,Direct Company Tie-up
OUT0000834,STU004250,2025-12-31,Placed,SME/Local Business,246366.0,Associate Consultant,Platform Job Board
OUT0000835,STU004254,2025-12-31,Actively Searching,,,,
OUT0000836,STU004257,2024-08-08,Not Placed,,,,
OUT0000837,STU004259,2024-07-23,Not Placed,,,,
OUT0000838,STU004262,2025-12-31,Not Placed,,,,
OUT0000839,STU004263,2025-05-19,Placed,SME/Local Business,498557.0,Digital Marketing Executive,Direct Company Tie-up
OUT0000840,STU004264,2024-11-04,Placed,Startup,397958.0,Trainee Engineer,Direct Company Tie-up
OUT0000841,STU004270,2025-03-21,Actively Searching,,,,
OUT0000842,STU004273,2024-05-31,Not Placed,,,,
OUT0000843,STU004277,2024-04-27,Placed,Product Company,1286460.0,Support Engineer,Platform Job Board
OUT0000844,STU004279,2024-10-10,Placed,Core Engineering,492695.0,Operations Executive,Direct Company Tie-up
OUT0000845,STU004280,2024-09-17,Placed,Product Company,704378.0,Business Analyst,Campus Drive
OUT0000846,STU004281,2025-01-31,Placed,MNC/IT Services,479013.0,Customer Success Associate,Campus Drive
OUT0000847,STU004287,2025-12-31,Not Placed,,,,
OUT0000848,STU004290,2025-01-18,Actively Searching,,,,
OUT0000849,STU004294,2025-08-20,Placed,MNC/IT Services,573955.0,UI/UX Designer,Campus Drive
OUT0000850,STU004305,2024-07-26,Actively Searching,,,,
OUT0000851,STU004313,2024-03-23,Placed,MNC/IT Services,468433.0,Software Engineer,Platform Job Board
OUT0000852,STU004315,2025-09-21,Actively Searching,,,,
OUT0000853,STU004327,2025-09-21,Placed,Startup,679117.0,Associate Consultant,Campus Drive
OUT0000854,STU004328,2025-09-23,Placed,SME/Local Business,330600.0,Associate Consultant,Campus Drive
OUT0000855,STU004329,2024-09-23,Actively Searching,,,,
OUT0000856,STU004331,2024-09-07,Placed,MNC/IT Services,747937.0,Business Analyst,Campus Drive
OUT0000857,STU004334,2024-11-14,Placed,Core Engineering,374693.0,Trainee Engineer,Campus Drive
OUT0000858,STU004350,2025-04-16,Not Placed,,,,
OUT0000859,STU004351,2024-10-31,Actively Searching,,,,
OUT0000860,STU004359,2024-07-31,Placed,Product Company,1170622.0,UI/UX Designer,Campus Drive
OUT0000861,STU004364,2024-05-31,Placed,SME/Local Business,321926.0,Data Analyst,Direct Company Tie-up
OUT0000862,STU004365,2025-07-12,Not Placed,,,,
OUT0000863,STU004376,2024-09-28,Placed,Startup,702956.0,Operations Executive,Referral
OUT0000864,STU004377,2024-12-22,Not Placed,,,,
OUT0000865,STU004381,2024-12-19,Placed,Core Engineering,576148.0,Software Engineer,Platform Job Board
OUT0000866,STU004383,2025-09-13,Placed,MNC/IT Services,548666.0,Digital Marketing Executive,Campus Drive
OUT0000867,STU004388,2024-10-23,Actively Searching,,,,
OUT0000868,STU004390,2025-10-06,Actively Searching,,,,
OUT0000869,STU004396,2025-09-02,Placed,MNC/IT Services,494226.0,Data Analyst,Platform Job Board
OUT0000870,STU004401,2024-08-12,Placed,Startup,656214.0,Business Analyst,Campus Drive
OUT0000871,STU004405,2024-10-23,Placed,BFSI,729324.0,Operations Executive,Platform Job Board
OUT0000872,STU004419,2025-12-31,Placed,Startup,302576.0,Software Engineer,Campus Drive
OUT0000873,STU004420,2025-12-30,Not Placed,,,,
OUT0000874,STU004422,2025-04-16,Actively Searching,,,,
OUT0000875,STU004424,2025-05-04,Placed,SME/Local Business,424870.0,Associate Consultant,Campus Drive
OUT0000876,STU004429,2025-08-02,Actively Searching,,,,
OUT0000877,STU004430,2025-07-20,Not Placed,,,,
OUT0000878,STU004446,2024-04-22,Placed,Core Engineering,319687.0,Digital Marketing Executive,Platform Job Board
OUT0000879,STU004448,2025-07-15,Not Placed,,,,
OUT0000880,STU004457,2025-11-24,Actively Searching,,,,
OUT0000881,STU004462,2025-05-26,Actively Searching,,,,
OUT0000882,STU004478,2024-10-15,Placed,MNC/IT Services,755175.0,Data Analyst,Platform Job Board
OUT0000883,STU004492,2025-07-17,Placed,SME/Local Business,261339.0,Sales Executive,Platform Job Board
OUT0000884,STU004493,2024-10-07,Not Placed,,,,
OUT0000885,STU004496,2024-05-19,Placed,SME/Local Business,268834.0,Data Analyst,Platform Job Board
OUT0000886,STU004498,2024-12-05,Placed,Startup,272872.0,Support Engineer,Campus Drive
OUT0000887,STU004499,2025-12-28,Placed,Startup,740500.0,Sales Executive,Campus Drive
OUT0000888,STU004504,2024-08-20,Actively Searching,,,,
OUT0000889,STU004509,2025-08-09,Not Placed,,,,
OUT0000890,STU004512,2025-01-18,Not Placed,,,,
OUT0000891,STU004516,2025-05-24,Placed,Core Engineering,507868.0,Software Engineer,Referral
OUT0000892,STU004517,2024-11-01,Placed,Product Company,621594.0,Business Analyst,Direct Company Tie-up
OUT0000893,STU004523,2025-12-31,Placed,MNC/IT Services,436302.0,Associate Consultant,Campus Drive
OUT0000894,STU004529,2024-06-03,Not Placed,,,,
OUT0000895,STU004537,2024-11-03,Placed,Core Engineering,663431.0,Operations Executive,Campus Drive
OUT0000896,STU004540,2024-12-18,Placed,Product Company,760544.0,Data Analyst,Platform Job Board
OUT0000897,STU004545,2025-09-25,Actively Searching,,,,
OUT0000898,STU004547,2024-09-12,Placed,BFSI,265213.0,Associate Consultant,Direct Company Tie-up
OUT0000899,STU004557,2025-10-18,Placed,MNC/IT Services,440999.0,UI/UX Designer,Platform Job Board
OUT0000900,STU004561,2024-11-21,Not Placed,,,,
OUT0000901,STU004563,2024-08-27,Placed,Product Company,1145224.0,Customer Success Associate,Campus Drive
OUT0000902,STU004570,2024-08-31,Actively Searching,,,,
OUT0000903,STU004571,2024-06-22,Actively Searching,,,,
OUT0000904,STU004576,2025-01-12,Placed,MNC/IT Services,509445.0,Software Engineer,Referral
OUT0000905,STU004579,2024-11-16,Placed,MNC/IT Services,404492.0,Support Engineer,Platform Job Board
OUT0000906,STU004580,2025-06-04,Placed,Startup,496136.0,Business Analyst,Campus Drive
OUT0000907,STU004584,2025-12-31,Placed,SME/Local Business,271582.0,Trainee Engineer,Campus Drive
OUT0000908,STU004588,2025-12-14,Not Placed,,,,
OUT0000909,STU004590,2024-10-31,Placed,MNC/IT Services,296666.0,Operations Executive,Direct Company Tie-up
OUT0000910,STU004594,2025-11-11,Placed,MNC/IT Services,557707.0,Data Analyst,Direct Company Tie-up
OUT0000911,STU004602,2024-10-18,Actively Searching,,,,
OUT0000912,STU004612,2024-07-25,Placed,Product Company,1106116.0,Operations Executive,Platform Job Board
OUT0000913,STU004618,2025-07-15,Actively Searching,,,,
OUT0000914,STU004620,2025-07-31,Placed,MNC/IT Services,562228.0,Customer Success Associate,Campus Drive
OUT0000915,STU004632,2024-09-27,Placed,Product Company,853724.0,Digital Marketing Executive,Platform Job Board
OUT0000916,STU004634,2024-05-11,Placed,Startup,310378.0,Customer Success Associate,Platform Job Board
OUT0000917,STU004635,2025-03-02,Placed,MNC/IT Services,552076.0,Digital Marketing Executive,Campus Drive
OUT0000918,STU004642,2025-02-18,Placed,SME/Local Business,244407.0,Customer Success Associate,Campus Drive
OUT0000919,STU004647,2025-09-14,Not Placed,,,,
OUT0000920,STU004652,2025-11-03,Actively Searching,,,,
OUT0000921,STU004659,2024-08-06,Placed,Core Engineering,473112.0,Software Engineer,Campus Drive
OUT0000922,STU004660,2024-12-29,Not Placed,,,,
OUT0000923,STU004664,2025-07-30,Placed,Core Engineering,375945.0,Sales Executive,Campus Drive
OUT0000924,STU004665,2025-02-06,Actively Searching,,,,
OUT0000925,STU004667,2024-06-10,Placed,MNC/IT Services,558385.0,Operations Executive,Direct Company Tie-up
OUT0000926,STU004672,2025-05-02,Not Placed,,,,
OUT0000927,STU004681,2025-10-27,Actively Searching,,,,
OUT0000928,STU004684,2025-12-26,Placed,Startup,457241.0,Digital Marketing Executive,Campus Drive
OUT0000929,STU004686,2025-07-11,Actively Searching,,,,
OUT0000930,STU004700,2025-03-27,Actively Searching,,,,
OUT0000931,STU004711,2024-06-29,Placed,Startup,547006.0,Trainee Engineer,Platform Job Board
OUT0000932,STU004716,2025-09-26,Not Placed,,,,
OUT0000933,STU004717,2024-12-02,Actively Searching,,,,
OUT0000934,STU004724,2024-12-31,Placed,BFSI,340543.0,Sales Executive,Direct Company Tie-up
OUT0000935,STU004731,2024-09-14,Not Placed,,,,
OUT0000936,STU004734,2024-07-21,Placed,Core Engineering,418538.0,Sales Executive,Platform Job Board
OUT0000937,STU004739,2025-02-19,Not Placed,,,,
OUT0000938,STU004745,2025-01-28,Actively Searching,,,,
OUT0000939,STU004748,2024-04-18,Placed,SME/Local Business,483829.0,Business Analyst,Campus Drive
OUT0000940,STU004763,2024-03-30,Actively Searching,,,,
OUT0000941,STU004767,2025-10-10,Actively Searching,,,,
OUT0000942,STU004768,2024-08-29,Placed,MNC/IT Services,503360.0,Data Analyst,Platform Job Board
OUT0000943,STU004769,2024-07-08,Placed,SME/Local Business,193688.0,Operations Executive,Direct Company Tie-up
OUT0000944,STU004777,2024-02-19,Placed,MNC/IT Services,356578.0,Trainee Engineer,Campus Drive
OUT0000945,STU004778,2024-10-21,Actively Searching,,,,
OUT0000946,STU004781,2025-09-24,Placed,MNC/IT Services,845753.0,Software Engineer,Direct Company Tie-up
OUT0000947,STU004784,2024-04-02,Actively Searching,,,,
OUT0000948,STU004785,2025-08-11,Placed,SME/Local Business,351417.0,Trainee Engineer,Platform Job Board
OUT0000949,STU004787,2025-06-05,Placed,SME/Local Business,321674.0,Support Engineer,Campus Drive
OUT0000950,STU004788,2025-08-01,Placed,MNC/IT Services,815632.0,Customer Success Associate,Direct Company Tie-up
OUT0000951,STU004800,2024-09-28,Actively Searching,,,,
OUT0000952,STU004801,2024-08-30,Not Placed,,,,
OUT0000953,STU004806,2024-04-27,Placed,Product Company,1096249.0,Trainee Engineer,Campus Drive
OUT0000954,STU004808,2024-10-15,Placed,MNC/IT Services,383379.0,Digital Marketing Executive,Campus Drive
OUT0000955,STU004809,2025-11-06,Not Placed,,,,
OUT0000956,STU004811,2025-03-26,Actively Searching,,,,
OUT0000957,STU004815,2025-08-19,Placed,BFSI,762632.0,Sales Executive,Platform Job Board
OUT0000958,STU004817,2024-06-06,Not Placed,,,,
OUT0000959,STU004820,2025-09-25,Placed,SME/Local Business,341871.0,Operations Executive,Platform Job Board
OUT0000960,STU004822,2025-11-29,Not Placed,,,,
OUT0000961,STU004825,2025-07-22,Placed,Core Engineering,292940.0,Business Analyst,Referral
OUT0000962,STU004833,2024-08-29,Placed,Core Engineering,570179.0,Associate Consultant,Campus Drive
OUT0000963,STU004842,2025-12-31,Not Placed,,,,
OUT0000964,STU004849,2025-03-15,Actively Searching,,,,
OUT0000965,STU004851,2024-10-25,Not Placed,,,,
OUT0000966,STU004853,2024-06-03,Placed,MNC/IT Services,871874.0,UI/UX Designer,Direct Company Tie-up
OUT0000967,STU004856,2024-06-24,Placed,SME/Local Business,215978.0,Business Analyst,Direct Company Tie-up
OUT0000968,STU004858,2025-10-22,Placed,Core Engineering,684578.0,Digital Marketing Executive,Platform Job Board
OUT0000969,STU004860,2024-08-31,Placed,Startup,538443.0,Software Engineer,Campus Drive
OUT0000970,STU004862,2025-06-18,Placed,SME/Local Business,424547.0,Business Analyst,Platform Job Board
OUT0000971,STU004865,2025-06-10,Actively Searching,,,,
OUT0000972,STU004868,2025-01-07,Actively Searching,,,,
OUT0000973,STU004875,2024-12-06,Placed,Startup,550708.0,Customer Success Associate,Platform Job Board
OUT0000974,STU004876,2024-11-01,Placed,Startup,480275.0,Support Engineer,Platform Job Board
OUT0000975,STU004877,2025-07-19,Placed,Core Engineering,360982.0,Customer Success Associate,Direct Company Tie-up
OUT0000976,STU004878,2025-06-30,Placed,BFSI,541286.0,Business Analyst,Platform Job Board
OUT0000977,STU004883,2025-12-31,Placed,SME/Local Business,286886.0,Sales Executive,Campus Drive
OUT0000978,STU004884,2024-11-19,Placed,SME/Local Business,286516.0,Operations Executive,Platform Job Board
OUT0000979,STU004885,2024-05-06,Actively Searching,,,,
OUT0000980,STU004888,2025-10-16,Not Placed,,,,
OUT0000981,STU004893,2024-11-22,Actively Searching,,,,
OUT0000982,STU004896,2025-01-10,Actively Searching,,,,
OUT0000983,STU004903,2025-08-08,Not Placed,,,,
OUT0000984,STU004906,2025-02-12,Actively Searching,,,,
OUT0000985,STU004912,2025-03-13,Placed,Core Engineering,483238.0,Associate Consultant,Campus Drive
OUT0000986,STU004916,2024-11-02,Placed,BFSI,462425.0,Software Engineer,Direct Company Tie-up
OUT0000987,STU004928,2025-05-05,Placed,Product Company,844725.0,Trainee Engineer,Platform Job Board
OUT0000988,STU004936,2025-03-10,Placed,SME/Local Business,260278.0,UI/UX Designer,Platform Job Board
OUT0000989,STU004943,2025-01-02,Actively Searching,,,,
OUT0000990,STU004949,2024-11-08,Actively Searching,,,,
OUT0000991,STU004954,2025-10-31,Not Placed,,,,
OUT0000992,STU004962,2025-10-15,Placed,Product Company,686206.0,Digital Marketing Executive,Campus Drive
OUT0000993,STU004976,2025-02-05,Actively Searching,,,,
OUT0000994,STU004992,2025-03-19,Placed,Startup,335241.0,Sales Executive,Platform Job Board
OUT0000995,STU004995,2024-06-22,Placed,Startup,425153.0,Business Analyst,Referral
OUT0000996,STU004999,2025-10-01,Placed,BFSI,442812.0,Data Analyst,Referral
OUT0000997,STU005002,2024-10-13,Actively Searching,,,,
OUT0000998,STU005004,2025-11-26,Not Placed,,,,
OUT0000999,STU005008,2024-09-20,Actively Searching,,,,
OUT0001000,STU005009,2025-07-31,Placed,MNC/IT Services,393072.0,Customer Success Associate,Platform Job Board
OUT0001001,STU005022,2025-12-05,Not Placed,,,,
OUT0001002,STU005024,2025-01-17,Actively Searching,,,,
OUT0001003,STU005026,2025-07-28,Not Placed,,,,
OUT0001004,STU005027,2025-04-29,Placed,Core Engineering,496939.0,Software Engineer,Platform Job Board
OUT0001005,STU005032,2025-03-27,Actively Searching,,,,
OUT0001006,STU005062,2024-12-28,Not Placed,,,,
OUT0001007,STU005063,2024-12-03,Placed,MNC/IT Services,772378.0,Digital Marketing Executive,Platform Job Board
OUT0001008,STU005066,2025-06-06,Actively Searching,,,,
OUT0001009,STU005073,2025-04-10,Placed,BFSI,536831.0,Customer Success Associate,Direct Company Tie-up
OUT0001010,STU005074,2025-05-18,Placed,BFSI,448003.0,UI/UX Designer,Platform Job Board
OUT0001011,STU005075,2025-05-18,Actively Searching,,,,
OUT0001012,STU005080,2025-04-04,Placed,Startup,501732.0,Business Analyst,Campus Drive
OUT0001013,STU005086,2025-02-03,Placed,Product Company,1097250.0,Operations Executive,Direct Company Tie-up
OUT0001014,STU005089,2025-07-11,Placed,BFSI,796067.0,UI/UX Designer,Referral
OUT0001015,STU005090,2025-05-29,Not Placed,,,,
OUT0001016,STU005093,2025-06-08,Actively Searching,,,,
OUT0001017,STU005095,2024-08-31,Actively Searching,,,,
OUT0001018,STU005099,2024-06-20,Placed,Startup,654024.0,Business Analyst,Direct Company Tie-up
OUT0001019,STU005100,2025-12-31,Actively Searching,,,,
OUT0001020,STU005104,2025-07-12,Placed,SME/Local Business,391359.0,UI/UX Designer,Referral
OUT0001021,STU005107,2024-11-07,Actively Searching,,,,
OUT0001022,STU005109,2025-12-31,Placed,Startup,455270.0,Sales Executive,Platform Job Board
OUT0001023,STU005110,2024-10-22,Actively Searching,,,,
OUT0001024,STU005111,2024-08-15,Placed,MNC/IT Services,770782.0,Sales Executive,Platform Job Board
OUT0001025,STU005117,2024-07-12,Placed,MNC/IT Services,813295.0,Business Analyst,Referral
OUT0001026,STU005118,2025-12-13,Placed,Product Company,731131.0,Digital Marketing Executive,Platform Job Board
OUT0001027,STU005129,2025-04-14,Placed,Product Company,716238.0,Customer Success Associate,Referral
OUT0001028,STU005144,2024-10-15,Placed,Product Company,525983.0,Digital Marketing Executive,Referral
OUT0001029,STU005145,2025-01-22,Placed,SME/Local Business,365312.0,Software Engineer,Campus Drive
OUT0001030,STU005147,2024-07-01,Placed,BFSI,730547.0,Operations Executive,Direct Company Tie-up
OUT0001031,STU005149,2025-08-01,Placed,Core Engineering,526322.0,Operations Executive,Platform Job Board
OUT0001032,STU005151,2024-04-22,Placed,MNC/IT Services,578612.0,Software Engineer,Referral
OUT0001033,STU005153,2025-06-06,Not Placed,,,,
OUT0001034,STU005154,2025-05-05,Placed,MNC/IT Services,372989.0,Associate Consultant,Campus Drive
OUT0001035,STU005158,2025-11-08,Placed,BFSI,527461.0,Trainee Engineer,Platform Job Board
OUT0001036,STU005167,2024-12-10,Actively Searching,,,,
OUT0001037,STU005169,2025-08-16,Placed,MNC/IT Services,300827.0,UI/UX Designer,Platform Job Board
OUT0001038,STU005175,2024-12-27,Actively Searching,,,,
OUT0001039,STU005178,2025-12-31,Placed,Startup,504009.0,Business Analyst,Platform Job Board
OUT0001040,STU005180,2024-03-29,Placed,MNC/IT Services,805231.0,Sales Executive,Platform Job Board
OUT0001041,STU005186,2025-01-15,Placed,BFSI,528053.0,Business Analyst,Platform Job Board
OUT0001042,STU005188,2024-05-05,Placed,MNC/IT Services,360502.0,Business Analyst,Campus Drive
OUT0001043,STU005197,2024-12-16,Placed,BFSI,602282.0,UI/UX Designer,Direct Company Tie-up
OUT0001044,STU005203,2025-08-17,Not Placed,,,,
OUT0001045,STU005206,2024-09-15,Placed,BFSI,411114.0,Associate Consultant,Referral
OUT0001046,STU005211,2024-09-10,Actively Searching,,,,
OUT0001047,STU005214,2025-11-03,Placed,Core Engineering,439045.0,Operations Executive,Platform Job Board
OUT0001048,STU005218,2024-12-28,Placed,Startup,518516.0,Associate Consultant,Campus Drive
OUT0001049,STU005222,2025-10-15,Placed,Core Engineering,576563.0,Support Engineer,Direct Company Tie-up
OUT0001050,STU005226,2025-12-31,Actively Searching,,,,
OUT0001051,STU005233,2024-07-08,Placed,Product Company,1155780.0,Business Analyst,Campus Drive
OUT0001052,STU005234,2025-04-03,Placed,Product Company,1459176.0,Sales Executive,Direct Company Tie-up
OUT0001053,STU005236,2024-09-13,Actively Searching,,,,
OUT0001054,STU005241,2025-11-06,Not Placed,,,,
OUT0001055,STU005245,2024-04-27,Actively Searching,,,,
OUT0001056,STU005246,2025-09-22,Placed,MNC/IT Services,492001.0,Data Analyst,Direct Company Tie-up
OUT0001057,STU005253,2025-04-01,Actively Searching,,,,
OUT0001058,STU005255,2025-10-01,Placed,Product Company,615654.0,Software Engineer,Campus Drive
OUT0001059,STU005257,2024-07-08,Placed,MNC/IT Services,279522.0,Trainee Engineer,Campus Drive
OUT0001060,STU005266,2024-12-04,Placed,BFSI,558289.0,Trainee Engineer,Platform Job Board
OUT0001061,STU005275,2024-06-09,Actively Searching,,,,
OUT0001062,STU005278,2025-12-13,Placed,MNC/IT Services,876100.0,Trainee Engineer,Campus Drive
OUT0001063,STU005279,2025-12-30,Actively Searching,,,,
OUT0001064,STU005282,2025-11-22,Not Placed,,,,
OUT0001065,STU005287,2024-04-27,Not Placed,,,,
OUT0001066,STU005290,2025-12-16,Not Placed,,,,
OUT0001067,STU005291,2024-08-06,Placed,MNC/IT Services,484852.0,Business Analyst,Platform Job Board
OUT0001068,STU005295,2025-10-03,Actively Searching,,,,
OUT0001069,STU005297,2025-07-14,Actively Searching,,,,
OUT0001070,STU005303,2024-05-22,Actively Searching,,,,
OUT0001071,STU005308,2025-10-01,Placed,Core Engineering,484122.0,Business Analyst,Campus Drive
OUT0001072,STU005312,2024-09-17,Placed,BFSI,492993.0,Business Analyst,Direct Company Tie-up
OUT0001073,STU005314,2024-10-19,Not Placed,,,,
OUT0001074,STU005318,2025-12-28,Not Placed,,,,
OUT0001075,STU005321,2024-08-25,Not Placed,,,,
OUT0001076,STU005328,2025-10-07,Placed,BFSI,437994.0,Customer Success Associate,Direct Company Tie-up
OUT0001077,STU005331,2025-12-27,Placed,MNC/IT Services,642539.0,Digital Marketing Executive,Platform Job Board
OUT0001078,STU005334,2025-08-13,Actively Searching,,,,
OUT0001079,STU005344,2025-10-24,Not Placed,,,,
OUT0001080,STU005375,2025-09-06,Not Placed,,,,
OUT0001081,STU005381,2024-11-15,Actively Searching,,,,
OUT0001082,STU005393,2025-05-29,Placed,Core Engineering,307040.0,UI/UX Designer,Referral
OUT0001083,STU005395,2025-08-18,Actively Searching,,,,
OUT0001084,STU005397,2024-11-20,Placed,Product Company,1281620.0,Software Engineer,Campus Drive
OUT0001085,STU005398,2024-12-21,Actively Searching,,,,
OUT0001086,STU005399,2024-07-16,Placed,MNC/IT Services,607123.0,Business Analyst,Platform Job Board
OUT0001087,STU005407,2025-05-13,Actively Searching,,,,
OUT0001088,STU005408,2025-05-09,Not Placed,,,,
OUT0001089,STU005416,2024-09-22,Placed,SME/Local Business,368877.0,Operations Executive,Platform Job Board
OUT0001090,STU005427,2025-06-07,Placed,Core Engineering,492985.0,Business Analyst,Direct Company Tie-up
OUT0001091,STU005434,2024-09-26,Placed,Product Company,649558.0,Associate Consultant,Direct Company Tie-up
OUT0001092,STU005440,2025-10-25,Not Placed,,,,
OUT0001093,STU005453,2025-04-25,Actively Searching,,,,
OUT0001094,STU005455,2025-12-29,Actively Searching,,,,
OUT0001095,STU005456,2024-11-23,Placed,Startup,489038.0,Digital Marketing Executive,Platform Job Board
OUT0001096,STU005460,2024-07-13,Placed,MNC/IT Services,425832.0,Software Engineer,Campus Drive
OUT0001097,STU005471,2025-07-15,Placed,Startup,331997.0,Business Analyst,Campus Drive
OUT0001098,STU005474,2025-09-09,Actively Searching,,,,
OUT0001099,STU005478,2025-09-10,Placed,Core Engineering,652174.0,Digital Marketing Executive,Direct Company Tie-up
OUT0001100,STU005484,2025-12-23,Not Placed,,,,
OUT0001101,STU005488,2024-07-08,Actively Searching,,,,
OUT0001102,STU005491,2024-07-15,Placed,BFSI,533787.0,Data Analyst,Platform Job Board
OUT0001103,STU005498,2024-08-14,Placed,SME/Local Business,277936.0,Trainee Engineer,Campus Drive
OUT0001104,STU005501,2025-10-19,Actively Searching,,,,
OUT0001105,STU005509,2025-10-27,Actively Searching,,,,
OUT0001106,STU005511,2025-06-08,Actively Searching,,,,
OUT0001107,STU005514,2025-10-25,Placed,SME/Local Business,297026.0,Data Analyst,Referral
OUT0001108,STU005518,2025-10-26,Not Placed,,,,
OUT0001109,STU005525,2025-10-14,Placed,MNC/IT Services,584162.0,Operations Executive,Direct Company Tie-up
OUT0001110,STU005529,2024-09-23,Placed,MNC/IT Services,685703.0,Trainee Engineer,Campus Drive
OUT0001111,STU005533,2024-07-25,Not Placed,,,,
OUT0001112,STU005542,2024-05-21,Placed,Startup,507532.0,Customer Success Associate,Platform Job Board
OUT0001113,STU005548,2025-12-31,Actively Searching,,,,
OUT0001114,STU005552,2025-04-15,Actively Searching,,,,
OUT0001115,STU005558,2025-01-05,Placed,Startup,478400.0,Trainee Engineer,Platform Job Board
OUT0001116,STU005560,2025-08-01,Placed,MNC/IT Services,333522.0,Software Engineer,Referral
OUT0001117,STU005564,2025-01-05,Placed,Product Company,728940.0,Digital Marketing Executive,Direct Company Tie-up
OUT0001118,STU005567,2025-08-21,Placed,Startup,308690.0,Sales Executive,Referral
OUT0001119,STU005577,2025-01-27,Not Placed,,,,
OUT0001120,STU005586,2025-10-15,Placed,MNC/IT Services,533172.0,Support Engineer,Platform Job Board
OUT0001121,STU005590,2024-09-07,Not Placed,,,,
OUT0001122,STU005594,2024-06-24,Not Placed,,,,
OUT0001123,STU005599,2025-03-09,Placed,SME/Local Business,258579.0,Digital Marketing Executive,Campus Drive
OUT0001124,STU005603,2025-01-14,Placed,Product Company,1175596.0,UI/UX Designer,Platform Job Board
OUT0001125,STU005620,2024-10-25,Actively Searching,,,,
OUT0001126,STU005627,2025-01-12,Placed,MNC/IT Services,389402.0,Digital Marketing Executive,Referral
OUT0001127,STU005632,2025-11-17,Placed,SME/Local Business,415869.0,Data Analyst,Direct Company Tie-up
OUT0001128,STU005635,2024-07-09,Actively Searching,,,,
OUT0001129,STU005640,2025-02-19,Placed,MNC/IT Services,350808.0,Data Analyst,Direct Company Tie-up
OUT0001130,STU005642,2025-08-17,Actively Searching,,,,
OUT0001131,STU005643,2025-11-15,Not Placed,,,,
OUT0001132,STU005653,2025-11-06,Actively Searching,,,,
OUT0001133,STU005679,2024-11-25,Not Placed,,,,
OUT0001134,STU005681,2025-07-11,Placed,SME/Local Business,203493.0,Software Engineer,Platform Job Board
OUT0001135,STU005683,2025-07-21,Not Placed,,,,
OUT0001136,STU005684,2025-01-03,Placed,Core Engineering,588507.0,Sales Executive,Campus Drive
OUT0001137,STU005693,2024-12-20,Actively Searching,,,,
OUT0001138,STU005698,2025-01-25,Placed,MNC/IT Services,741518.0,Data Analyst,Campus Drive
OUT0001139,STU005699,2025-11-25,Placed,MNC/IT Services,841156.0,Customer Success Associate,Campus Drive
OUT0001140,STU005701,2024-12-25,Actively Searching,,,,
OUT0001141,STU005707,2024-11-17,Placed,Product Company,980997.0,Software Engineer,Campus Drive
OUT0001142,STU005710,2025-08-25,Placed,Startup,488854.0,Associate Consultant,Direct Company Tie-up
OUT0001143,STU005720,2024-12-04,Not Placed,,,,
OUT0001144,STU005724,2024-05-11,Actively Searching,,,,
OUT0001145,STU005725,2024-12-18,Placed,Core Engineering,676349.0,Software Engineer,Platform Job Board
OUT0001146,STU005729,2024-09-01,Placed,MNC/IT Services,560673.0,Support Engineer,Campus Drive
OUT0001147,STU005731,2025-11-09,Actively Searching,,,,
OUT0001148,STU005733,2024-05-25,Actively Searching,,,,
OUT0001149,STU005735,2025-12-11,Placed,Startup,614967.0,Trainee Engineer,Campus Drive
OUT0001150,STU005745,2025-09-07,Placed,MNC/IT Services,589527.0,Digital Marketing Executive,Campus Drive
OUT0001151,STU005748,2025-04-02,Placed,SME/Local Business,245244.0,Software Engineer,Platform Job Board
OUT0001152,STU005752,2025-09-19,Placed,MNC/IT Services,628825.0,Digital Marketing Executive,Direct Company Tie-up
OUT0001153,STU005758,2025-06-03,Placed,SME/Local Business,472682.0,Sales Executive,Platform Job Board
OUT0001154,STU005761,2024-04-23,Not Placed,,,,
OUT0001155,STU005762,2025-03-09,Placed,Product Company,511166.0,Operations Executive,Campus Drive
OUT0001156,STU005764,2025-08-20,Actively Searching,,,,
OUT0001157,STU005765,2025-06-28,Actively Searching,,,,
OUT0001158,STU005767,2024-05-01,Not Placed,,,,
OUT0001159,STU005768,2025-11-16,Placed,Startup,338591.0,Support Engineer,Platform Job Board
OUT0001160,STU005770,2025-11-28,Placed,BFSI,548924.0,Support Engineer,Referral
OUT0001161,STU005775,2025-12-16,Placed,MNC/IT Services,662832.0,Customer Success Associate,Campus Drive
OUT0001162,STU005785,2024-06-27,Actively Searching,,,,
OUT0001163,STU005786,2025-09-29,Placed,SME/Local Business,311018.0,Digital Marketing Executive,Platform Job Board
OUT0001164,STU005793,2024-11-04,Placed,Product Company,557970.0,Sales Executive,Campus Drive
OUT0001165,STU005826,2024-11-17,Placed,MNC/IT Services,585823.0,UI/UX Designer,Campus Drive
OUT0001166,STU005827,2024-12-09,Actively Searching,,,,
OUT0001167,STU005828,2025-04-19,Actively Searching,,,,
OUT0001168,STU005829,2025-10-30,Placed,BFSI,523768.0,Sales Executive,Platform Job Board
OUT0001169,STU005831,2025-06-29,Placed,MNC/IT Services,570326.0,Data Analyst,Platform Job Board
OUT0001170,STU005838,2025-10-13,Placed,Core Engineering,500397.0,Data Analyst,Campus Drive
OUT0001171,STU005840,2025-10-20,Not Placed,,,,
OUT0001172,STU005851,2025-02-25,Placed,MNC/IT Services,848637.0,Support Engineer,Direct Company Tie-up
OUT0001173,STU005855,2024-11-18,Placed,MNC/IT Services,532797.0,Sales Executive,Platform Job Board
OUT0001174,STU005864,2025-06-20,Not Placed,,,,
OUT0001175,STU005872,2025-07-04,Not Placed,,,,
OUT0001176,STU005874,2025-07-30,Placed,Product Company,850692.0,Software Engineer,Referral
OUT0001177,STU005875,2024-12-24,Actively Searching,,,,
OUT0001178,STU005877,2025-10-24,Placed,MNC/IT Services,368217.0,Sales Executive,Referral
OUT0001179,STU005882,2025-01-04,Actively Searching,,,,
OUT0001180,STU005885,2025-11-14,Not Placed,,,,
OUT0001181,STU005886,2025-06-12,Placed,MNC/IT Services,833913.0,UI/UX Designer,Campus Drive
OUT0001182,STU005888,2024-09-14,Actively Searching,,,,
OUT0001183,STU005891,2025-09-30,Placed,Startup,559515.0,Customer Success Associate,Direct Company Tie-up
OUT0001184,STU005904,2024-05-01,Placed,MNC/IT Services,661299.0,Support Engineer,Platform Job Board
OUT0001185,STU005915,2025-07-15,Placed,Core Engineering,332834.0,Associate Consultant,Campus Drive
OUT0001186,STU005918,2025-07-20,Actively Searching,,,,
OUT0001187,STU005919,2025-04-20,Placed,Startup,322637.0,Data Analyst,Campus Drive
OUT0001188,STU005921,2025-04-01,Placed,Startup,438449.0,Digital Marketing Executive,Referral
OUT0001189,STU005924,2024-09-07,Actively Searching,,,,
OUT0001190,STU005930,2024-06-18,Actively Searching,,,,
OUT0001191,STU005940,2024-08-09,Placed,MNC/IT Services,483592.0,Support Engineer,Platform Job Board
OUT0001192,STU005957,2025-08-04,Not Placed,,,,
OUT0001193,STU005958,2024-07-28,Placed,SME/Local Business,294673.0,Operations Executive,Campus Drive
OUT0001194,STU005959,2025-06-17,Placed,MNC/IT Services,494096.0,Sales Executive,Campus Drive
OUT0001195,STU005964,2024-10-09,Placed,Product Company,1055893.0,Customer Success Associate,Platform Job Board
OUT0001196,STU005966,2025-06-26,Not Placed,,,,
OUT0001197,STU005968,2024-10-27,Actively Searching,,,,
OUT0001198,STU005970,2025-07-04,Actively Searching,,,,
OUT0001199,STU005974,2024-12-16,Not Placed,,,,
OUT0001200,STU005975,2024-12-14,Placed,MNC/IT Services,599436.0,Support Engineer,Campus Drive
OUT0001201,STU005976,2025-05-19,Placed,Product Company,867310.0,Software Engineer,Platform Job Board
OUT0001202,STU005978,2025-12-31,Actively Searching,,,,
OUT0001203,STU005985,2024-06-19,Not Placed,,,,
OUT0001204,STU005989,2025-04-14,Actively Searching,,,,
OUT0001205,STU005990,2025-12-29,Placed,SME/Local Business,431999.0,Data Analyst,Referral
OUT0001206,STU005992,2024-11-19,Placed,SME/Local Business,325370.0,Sales Executive,Campus Drive
OUT0001207,STU006000,2025-12-07,Placed,BFSI,575611.0,Support Engineer,Direct Company Tie-up
OUT0001208,STU006008,2024-08-20,Not Placed,,,,
OUT0001209,STU006017,2025-04-01,Not Placed,,,,
OUT0001210,STU006018,2024-05-01,Placed,MNC/IT Services,712178.0,UI/UX Designer,Campus Drive
OUT0001211,STU006030,2025-08-31,Placed,SME/Local Business,317288.0,Trainee Engineer,Campus Drive
OUT0001212,STU006031,2024-09-28,Placed,MNC/IT Services,524677.0,Operations Executive,Platform Job Board
OUT0001213,STU006040,2025-04-24,Not Placed,,,,
OUT0001214,STU006042,2025-06-27,Placed,Startup,510767.0,Support Engineer,Campus Drive
OUT0001215,STU006044,2025-01-11,Placed,Core Engineering,678925.0,Business Analyst,Campus Drive
OUT0001216,STU006047,2024-04-16,Placed,Core Engineering,379261.0,UI/UX Designer,Referral
OUT0001217,STU006050,2025-03-23,Placed,BFSI,605563.0,Digital Marketing Executive,Campus Drive
OUT0001218,STU006052,2025-10-12,Not Placed,,,,
OUT0001219,STU006056,2025-09-12,Actively Searching,,,,
OUT0001220,STU006064,2025-10-25,Actively Searching,,,,
OUT0001221,STU006065,2025-11-10,Placed,SME/Local Business,409941.0,Data Analyst,Campus Drive
OUT0001222,STU006070,2025-03-16,Placed,Startup,316978.0,Sales Executive,Platform Job Board
OUT0001223,STU006084,2024-05-15,Actively Searching,,,,
OUT0001224,STU006085,2024-05-29,Placed,SME/Local Business,262035.0,Operations Executive,Direct Company Tie-up
OUT0001225,STU006095,2024-11-10,Placed,MNC/IT Services,377565.0,Software Engineer,Campus Drive
OUT0001226,STU006103,2025-04-26,Placed,SME/Local Business,348228.0,Sales Executive,Referral
OUT0001227,STU006104,2025-02-04,Not Placed,,,,
OUT0001228,STU006111,2025-01-03,Actively Searching,,,,
OUT0001229,STU006115,2025-05-07,Actively Searching,,,,
OUT0001230,STU006116,2025-02-06,Placed,SME/Local Business,336937.0,Data Analyst,Referral
OUT0001231,STU006118,2024-08-02,Placed,MNC/IT Services,668404.0,Software Engineer,Campus Drive
OUT0001232,STU006120,2025-01-05,Placed,SME/Local Business,294056.0,Sales Executive,Platform Job Board
OUT0001233,STU006128,2024-04-24,Placed,BFSI,346911.0,UI/UX Designer,Platform Job Board
OUT0001234,STU006134,2025-07-17,Actively Searching,,,,
OUT0001235,STU006137,2025-05-07,Placed,SME/Local Business,315271.0,Customer Success Associate,Referral
OUT0001236,STU006151,2024-07-02,Placed,MNC/IT Services,552375.0,Sales Executive,Platform Job Board
OUT0001237,STU006160,2024-09-26,Not Placed,,,,
OUT0001238,STU006164,2024-12-13,Actively Searching,,,,
OUT0001239,STU006168,2025-09-24,Placed,BFSI,737694.0,Software Engineer,Direct Company Tie-up
OUT0001240,STU006171,2024-12-11,Not Placed,,,,
OUT0001241,STU006179,2025-11-27,Placed,MNC/IT Services,598540.0,Associate Consultant,Referral
OUT0001242,STU006180,2025-09-15,Not Placed,,,,
OUT0001243,STU006182,2024-10-03,Not Placed,,,,
OUT0001244,STU006183,2025-04-02,Not Placed,,,,
OUT0001245,STU006191,2025-11-15,Actively Searching,,,,
OUT0001246,STU006196,2024-10-10,Actively Searching,,,,
OUT0001247,STU006206,2024-08-28,Actively Searching,,,,
OUT0001248,STU006208,2024-08-01,Placed,BFSI,463304.0,Data Analyst,Campus Drive
OUT0001249,STU006214,2025-02-13,Placed,SME/Local Business,336601.0,Customer Success Associate,Campus Drive
OUT0001250,STU006238,2024-12-04,Actively Searching,,,,
OUT0001251,STU006240,2025-06-20,Placed,Product Company,1391821.0,Operations Executive,Platform Job Board
OUT0001252,STU006252,2025-10-13,Placed,Product Company,616278.0,Trainee Engineer,Direct Company Tie-up
OUT0001253,STU006257,2024-08-30,Placed,Startup,661668.0,UI/UX Designer,Direct Company Tie-up
OUT0001254,STU006264,2024-12-21,Placed,MNC/IT Services,351662.0,Sales Executive,Campus Drive
OUT0001255,STU006277,2025-11-12,Placed,MNC/IT Services,811157.0,Trainee Engineer,Direct Company Tie-up
OUT0001256,STU006281,2025-03-07,Not Placed,,,,
OUT0001257,STU006283,2025-01-14,Placed,Startup,609383.0,Business Analyst,Platform Job Board
OUT0001258,STU006328,2024-07-27,Placed,MNC/IT Services,481663.0,Support Engineer,Platform Job Board
OUT0001259,STU006338,2025-12-06,Placed,SME/Local Business,210780.0,Trainee Engineer,Platform Job Board
OUT0001260,STU006341,2024-12-11,Placed,Core Engineering,532147.0,Data Analyst,Referral
OUT0001261,STU006344,2025-09-16,Actively Searching,,,,
OUT0001262,STU006345,2024-05-12,Not Placed,,,,
OUT0001263,STU006346,2025-06-22,Placed,MNC/IT Services,479780.0,Associate Consultant,Platform Job Board
OUT0001264,STU006348,2025-12-31,Not Placed,,,,
OUT0001265,STU006350,2024-05-06,Placed,Product Company,1275680.0,Sales Executive,Platform Job Board
OUT0001266,STU006351,2025-07-19,Placed,Startup,437336.0,Sales Executive,Campus Drive
OUT0001267,STU006368,2024-11-14,Actively Searching,,,,
OUT0001268,STU006371,2025-06-27,Not Placed,,,,
OUT0001269,STU006373,2025-11-23,Placed,Startup,402370.0,Data Analyst,Direct Company Tie-up
OUT0001270,STU006376,2025-12-18,Placed,MNC/IT Services,757905.0,Support Engineer,Campus Drive
OUT0001271,STU006380,2025-06-16,Placed,Core Engineering,435329.0,Data Analyst,Platform Job Board
OUT0001272,STU006384,2025-06-16,Not Placed,,,,
OUT0001273,STU006391,2024-04-13,Actively Searching,,,,
OUT0001274,STU006396,2024-11-12,Placed,MNC/IT Services,607952.0,Digital Marketing Executive,Direct Company Tie-up
OUT0001275,STU006400,2025-12-31,Not Placed,,,,
OUT0001276,STU006404,2025-01-30,Placed,Startup,464657.0,Trainee Engineer,Platform Job Board
OUT0001277,STU006406,2025-07-18,Placed,BFSI,412496.0,UI/UX Designer,Referral
OUT0001278,STU006411,2024-07-23,Placed,Product Company,845382.0,Support Engineer,Referral
OUT0001279,STU006412,2025-11-05,Placed,SME/Local Business,266996.0,Support Engineer,Direct Company Tie-up
OUT0001280,STU006415,2024-11-10,Actively Searching,,,,
OUT0001281,STU006420,2025-12-31,Placed,SME/Local Business,345591.0,Operations Executive,Campus Drive
OUT0001282,STU006424,2025-01-24,Placed,MNC/IT Services,524073.0,Business Analyst,Campus Drive
OUT0001283,STU006437,2025-03-09,Placed,BFSI,408585.0,UI/UX Designer,Platform Job Board
OUT0001284,STU006440,2024-10-02,Placed,Core Engineering,397174.0,Digital Marketing Executive,Direct Company Tie-up
OUT0001285,STU006443,2025-08-08,Placed,Startup,464535.0,Trainee Engineer,Platform Job Board
OUT0001286,STU006449,2025-03-19,Placed,BFSI,512638.0,Support Engineer,Referral
OUT0001287,STU006451,2024-07-09,Placed,SME/Local Business,224458.0,Support Engineer,Campus Drive
OUT0001288,STU006466,2025-10-23,Not Placed,,,,
OUT0001289,STU006469,2024-06-26,Not Placed,,,,
OUT0001290,STU006481,2025-03-11,Placed,Product Company,768002.0,Trainee Engineer,Platform Job Board
OUT0001291,STU006484,2024-08-04,Placed,SME/Local Business,296384.0,Support Engineer,Direct Company Tie-up
OUT0001292,STU006498,2024-06-12,Not Placed,,,,
OUT0001293,STU006519,2024-12-29,Not Placed,,,,
OUT0001294,STU006520,2024-09-27,Not Placed,,,,
OUT0001295,STU006535,2025-03-12,Placed,SME/Local Business,315395.0,Sales Executive,Campus Drive
OUT0001296,STU006541,2025-11-25,Placed,SME/Local Business,386103.0,Sales Executive,Campus Drive
OUT0001297,STU006542,2024-09-22,Actively Searching,,,,
OUT0001298,STU006560,2024-07-11,Actively Searching,,,,
OUT0001299,STU006561,2024-11-05,Actively Searching,,,,
OUT0001300,STU006563,2025-04-01,Placed,BFSI,582007.0,Sales Executive,Campus Drive
OUT0001301,STU006569,2024-05-08,Actively Searching,,,,
OUT0001302,STU006582,2024-07-24,Actively Searching,,,,
OUT0001303,STU006592,2024-10-26,Actively Searching,,,,
OUT0001304,STU006593,2025-11-28,Placed,BFSI,492443.0,Digital Marketing Executive,Referral
OUT0001305,STU006594,2025-11-09,Not Placed,,,,
OUT0001306,STU006602,2024-10-23,Placed,MNC/IT Services,536599.0,Customer Success Associate,Campus Drive
OUT0001307,STU006607,2025-11-27,Placed,SME/Local Business,349471.0,Operations Executive,Campus Drive
OUT0001308,STU006613,2024-09-11,Placed,Startup,380053.0,Customer Success Associate,Referral
OUT0001309,STU006616,2025-10-06,Placed,Startup,337189.0,Digital Marketing Executive,Referral
OUT0001310,STU006624,2025-07-12,Placed,MNC/IT Services,488056.0,UI/UX Designer,Direct Company Tie-up
OUT0001311,STU006629,2025-12-13,Not Placed,,,,
OUT0001312,STU006632,2025-09-14,Not Placed,,,,
OUT0001313,STU006633,2025-03-28,Placed,Startup,521839.0,Software Engineer,Campus Drive
OUT0001314,STU006665,2025-12-12,Placed,Product Company,986346.0,Support Engineer,Campus Drive
OUT0001315,STU006667,2025-09-09,Placed,Product Company,1095545.0,Support Engineer,Referral
OUT0001316,STU006671,2024-12-04,Not Placed,,,,
OUT0001317,STU006672,2025-01-05,Placed,Core Engineering,249635.0,Digital Marketing Executive,Campus Drive
OUT0001318,STU006680,2025-08-22,Placed,MNC/IT Services,725645.0,Support Engineer,Campus Drive
OUT0001319,STU006682,2025-12-30,Placed,MNC/IT Services,301107.0,Associate Consultant,Direct Company Tie-up
OUT0001320,STU006687,2025-10-30,Not Placed,,,,
OUT0001321,STU006698,2025-10-15,Placed,MNC/IT Services,607354.0,Customer Success Associate,Campus Drive
OUT0001322,STU006709,2025-09-17,Actively Searching,,,,
OUT0001323,STU006710,2025-09-26,Placed,MNC/IT Services,526177.0,Sales Executive,Campus Drive
OUT0001324,STU006716,2024-12-22,Actively Searching,,,,
OUT0001325,STU006718,2025-12-06,Placed,Startup,738904.0,Associate Consultant,Campus Drive
OUT0001326,STU006725,2025-09-10,Placed,Product Company,725773.0,Digital Marketing Executive,Campus Drive
OUT0001327,STU006726,2025-05-27,Placed,Core Engineering,405088.0,Associate Consultant,Campus Drive
OUT0001328,STU006744,2024-06-24,Actively Searching,,,,
OUT0001329,STU006745,2025-03-24,Placed,MNC/IT Services,703671.0,Customer Success Associate,Platform Job Board
OUT0001330,STU006748,2025-08-22,Not Placed,,,,
OUT0001331,STU006751,2024-09-03,Actively Searching,,,,
OUT0001332,STU006753,2024-11-24,Not Placed,,,,
OUT0001333,STU006758,2024-11-01,Not Placed,,,,
OUT0001334,STU006771,2024-07-20,Not Placed,,,,
OUT0001335,STU006778,2024-06-10,Actively Searching,,,,
OUT0001336,STU006780,2025-02-25,Placed,Product Company,1484630.0,UI/UX Designer,Platform Job Board
OUT0001337,STU006781,2025-07-23,Not Placed,,,,
OUT0001338,STU006786,2024-12-18,Actively Searching,,,,
OUT0001339,STU006788,2025-02-11,Not Placed,,,,
OUT0001340,STU006790,2024-06-10,Placed,MNC/IT Services,526696.0,Sales Executive,Direct Company Tie-up
OUT0001341,STU006795,2025-03-18,Placed,Startup,684726.0,Software Engineer,Campus Drive
OUT0001342,STU006797,2025-11-27,Not Placed,,,,
OUT0001343,STU006800,2024-11-25,Not Placed,,,,
OUT0001344,STU006801,2024-12-18,Actively Searching,,,,
OUT0001345,STU006804,2025-10-17,Placed,MNC/IT Services,511346.0,Customer Success Associate,Campus Drive
OUT0001346,STU006808,2025-01-20,Actively Searching,,,,
OUT0001347,STU006811,2024-04-24,Placed,Startup,471857.0,Associate Consultant,Campus Drive
OUT0001348,STU006813,2024-09-28,Placed,SME/Local Business,359555.0,Associate Consultant,Platform Job Board
OUT0001349,STU006821,2024-11-27,Actively Searching,,,,
OUT0001350,STU006823,2024-09-19,Actively Searching,,,,
OUT0001351,STU006827,2025-12-31,Not Placed,,,,
OUT0001352,STU006833,2025-10-10,Actively Searching,,,,
OUT0001353,STU006838,2025-05-07,Placed,Startup,342819.0,Customer Success Associate,Direct Company Tie-up
OUT0001354,STU006847,2024-10-06,Actively Searching,,,,
OUT0001355,STU006848,2025-02-26,Not Placed,,,,
OUT0001356,STU006851,2025-12-19,Placed,BFSI,424300.0,Sales Executive,Campus Drive
OUT0001357,STU006856,2025-12-14,Placed,BFSI,676310.0,Sales Executive,Campus Drive
OUT0001358,STU006867,2025-11-04,Not Placed,,,,
OUT0001359,STU006879,2025-05-31,Actively Searching,,,,
OUT0001360,STU006894,2025-08-30,Not Placed,,,,
OUT0001361,STU006897,2025-01-17,Placed,SME/Local Business,335538.0,Sales Executive,Platform Job Board
OUT0001362,STU006900,2024-08-27,Placed,Startup,272887.0,Trainee Engineer,Campus Drive
OUT0001363,STU006903,2024-10-07,Actively Searching,,,,
OUT0001364,STU006904,2024-05-15,Placed,Product Company,716867.0,Data Analyst,Direct Company Tie-up
OUT0001365,STU006906,2025-08-23,Placed,SME/Local Business,203515.0,UI/UX Designer,Campus Drive
OUT0001366,STU006907,2024-08-05,Not Placed,,,,
OUT0001367,STU006908,2025-12-31,Not Placed,,,,
OUT0001368,STU006910,2025-04-17,Placed,SME/Local Business,300612.0,Digital Marketing Executive,Platform Job Board
OUT0001369,STU006917,2025-02-04,Placed,Startup,443899.0,Operations Executive,Platform Job Board
OUT0001370,STU006918,2025-08-19,Actively Searching,,,,
OUT0001371,STU006919,2025-11-13,Placed,SME/Local Business,494412.0,Operations Executive,Direct Company Tie-up
OUT0001372,STU006933,2024-09-13,Placed,SME/Local Business,407755.0,Trainee Engineer,Referral
OUT0001373,STU006934,2025-08-21,Placed,Product Company,592668.0,Operations Executive,Campus Drive
OUT0001374,STU006938,2025-12-31,Placed,Product Company,822651.0,Operations Executive,Platform Job Board
OUT0001375,STU006940,2024-10-07,Placed,BFSI,677448.0,Business Analyst,Campus Drive
OUT0001376,STU006943,2025-06-27,Actively Searching,,,,
OUT0001377,STU006947,2025-08-06,Actively Searching,,,,
OUT0001378,STU006950,2024-08-07,Placed,SME/Local Business,374764.0,Sales Executive,Platform Job Board
OUT0001379,STU006951,2025-08-31,Placed,BFSI,497127.0,Sales Executive,Campus Drive
OUT0001380,STU006956,2025-12-01,Placed,Product Company,1147542.0,Customer Success Associate,Campus Drive
OUT0001381,STU006959,2025-09-13,Not Placed,,,,
OUT0001382,STU006967,2025-02-16,Not Placed,,,,
OUT0001383,STU006969,2025-10-02,Placed,Startup,386305.0,Business Analyst,Platform Job Board
OUT0001384,STU006975,2025-04-28,Actively Searching,,,,
OUT0001385,STU006977,2025-01-08,Actively Searching,,,,
OUT0001386,STU006983,2025-12-31,Placed,Startup,511995.0,Customer Success Associate,Campus Drive
OUT0001387,STU006984,2024-12-13,Placed,MNC/IT Services,657810.0,Data Analyst,Campus Drive
OUT0001388,STU006986,2025-12-31,Placed,BFSI,558525.0,Support Engineer,Platform Job Board
OUT0001389,STU006995,2024-11-05,Placed,Startup,728340.0,UI/UX Designer,Direct Company Tie-up
OUT0001390,STU007001,2024-04-09,Placed,MNC/IT Services,597344.0,UI/UX Designer,Platform Job Board
OUT0001391,STU007009,2024-06-11,Placed,Startup,296071.0,Operations Executive,Direct Company Tie-up
OUT0001392,STU007012,2025-11-08,Actively Searching,,,,
OUT0001393,STU007014,2024-09-21,Actively Searching,,,,
OUT0001394,STU007021,2024-12-28,Placed,Product Company,1269947.0,Associate Consultant,Platform Job Board
OUT0001395,STU007024,2025-07-27,Placed,BFSI,548302.0,Business Analyst,Direct Company Tie-up
OUT0001396,STU007043,2025-12-31,Not Placed,,,,
OUT0001397,STU007045,2025-12-11,Placed,Product Company,923773.0,Operations Executive,Platform Job Board
OUT0001398,STU007056,2024-09-16,Placed,MNC/IT Services,487497.0,Data Analyst,Platform Job Board
OUT0001399,STU007059,2024-09-23,Placed,Core Engineering,351133.0,Digital Marketing Executive,Direct Company Tie-up
OUT0001400,STU007065,2025-08-16,Placed,Core Engineering,546206.0,Customer Success Associate,Platform Job Board
OUT0001401,STU007066,2025-04-17,Actively Searching,,,,
OUT0001402,STU007073,2024-10-23,Not Placed,,,,
OUT0001403,STU007075,2025-09-14,Placed,MNC/IT Services,514048.0,Associate Consultant,Platform Job Board
OUT0001404,STU007078,2025-10-05,Placed,SME/Local Business,383962.0,Trainee Engineer,Platform Job Board
OUT0001405,STU007079,2024-05-30,Placed,Startup,365943.0,Operations Executive,Direct Company Tie-up
OUT0001406,STU007081,2025-05-09,Placed,Core Engineering,579513.0,Sales Executive,Direct Company Tie-up
OUT0001407,STU007082,2025-03-23,Placed,Product Company,776513.0,Trainee Engineer,Platform Job Board
OUT0001408,STU007083,2024-09-03,Placed,Startup,677355.0,Support Engineer,Platform Job Board
OUT0001409,STU007084,2024-11-19,Placed,MNC/IT Services,482176.0,Software Engineer,Direct Company Tie-up
OUT0001410,STU007088,2024-10-16,Not Placed,,,,
OUT0001411,STU007089,2025-12-23,Not Placed,,,,
OUT0001412,STU007094,2025-01-25,Placed,Product Company,1092215.0,Data Analyst,Platform Job Board
OUT0001413,STU007098,2025-05-28,Placed,Startup,725127.0,Digital Marketing Executive,Platform Job Board
OUT0001414,STU007102,2024-08-05,Actively Searching,,,,
OUT0001415,STU007104,2024-07-31,Not Placed,,,,
OUT0001416,STU007107,2025-05-16,Not Placed,,,,
OUT0001417,STU007112,2024-11-19,Not Placed,,,,
OUT0001418,STU007126,2025-12-09,Actively Searching,,,,
OUT0001419,STU007128,2024-10-15,Placed,Product Company,914524.0,Trainee Engineer,Campus Drive
OUT0001420,STU007129,2024-10-05,Placed,MNC/IT Services,815617.0,UI/UX Designer,Campus Drive
OUT0001421,STU007136,2025-11-25,Actively Searching,,,,
OUT0001422,STU007143,2025-12-08,Placed,Product Company,902888.0,Associate Consultant,Platform Job Board
OUT0001423,STU007150,2025-02-12,Placed,MNC/IT Services,276021.0,Software Engineer,Campus Drive
OUT0001424,STU007160,2025-12-31,Placed,Product Company,717453.0,Sales Executive,Referral
OUT0001425,STU007167,2024-11-25,Placed,Startup,368772.0,Customer Success Associate,Campus Drive
OUT0001426,STU007168,2025-07-15,Not Placed,,,,
OUT0001427,STU007169,2024-10-23,Placed,Core Engineering,565991.0,Trainee Engineer,Direct Company Tie-up
OUT0001428,STU007170,2025-05-14,Placed,Startup,391268.0,Software Engineer,Campus Drive
OUT0001429,STU007184,2024-12-27,Placed,Product Company,515123.0,Business Analyst,Platform Job Board
OUT0001430,STU007186,2024-12-02,Actively Searching,,,,
OUT0001431,STU007191,2025-08-30,Placed,Product Company,1424573.0,Trainee Engineer,Platform Job Board
OUT0001432,STU007193,2025-10-24,Not Placed,,,,
OUT0001433,STU007201,2025-10-22,Placed,MNC/IT Services,837643.0,Sales Executive,Platform Job Board
OUT0001434,STU007205,2024-09-30,Placed,SME/Local Business,476472.0,Trainee Engineer,Campus Drive
OUT0001435,STU007208,2025-12-31,Placed,BFSI,469549.0,UI/UX Designer,Campus Drive
OUT0001436,STU007215,2025-12-18,Placed,MNC/IT Services,680402.0,Customer Success Associate,Platform Job Board
OUT0001437,STU007228,2025-07-19,Actively Searching,,,,
OUT0001438,STU007230,2025-10-30,Placed,Core Engineering,331351.0,Data Analyst,Platform Job Board
OUT0001439,STU007233,2025-09-13,Placed,SME/Local Business,421589.0,Support Engineer,Campus Drive
OUT0001440,STU007234,2025-07-27,Placed,SME/Local Business,503594.0,Digital Marketing Executive,Campus Drive
OUT0001441,STU007236,2024-05-31,Actively Searching,,,,
OUT0001442,STU007241,2024-03-16,Actively Searching,,,,
OUT0001443,STU007242,2025-12-11,Actively Searching,,,,
OUT0001444,STU007248,2025-09-04,Not Placed,,,,
OUT0001445,STU007253,2025-07-21,Placed,Product Company,1479512.0,Software Engineer,Direct Company Tie-up
OUT0001446,STU007266,2025-09-12,Placed,Startup,371487.0,UI/UX Designer,Direct Company Tie-up
OUT0001447,STU007271,2024-07-16,Actively Searching,,,,
OUT0001448,STU007275,2025-11-27,Not Placed,,,,
OUT0001449,STU007276,2025-07-04,Actively Searching,,,,
OUT0001450,STU007279,2025-01-20,Placed,Startup,439105.0,Trainee Engineer,Platform Job Board
OUT0001451,STU007285,2025-01-29,Placed,MNC/IT Services,598195.0,Data Analyst,Platform Job Board
OUT0001452,STU007287,2025-07-06,Placed,BFSI,324568.0,Business Analyst,Campus Drive
OUT0001453,STU007289,2025-05-16,Placed,Product Company,648423.0,Support Engineer,Campus Drive
OUT0001454,STU007294,2025-02-21,Actively Searching,,,,
OUT0001455,STU007295,2024-07-24,Actively Searching,,,,
OUT0001456,STU007303,2024-08-23,Not Placed,,,,
OUT0001457,STU007306,2025-12-27,Placed,Product Company,1036568.0,Data Analyst,Direct Company Tie-up
OUT0001458,STU007309,2024-07-22,Placed,Startup,542273.0,Support Engineer,Campus Drive
OUT0001459,STU007313,2025-09-30,Actively Searching,,,,
OUT0001460,STU007318,2024-04-25,Placed,Product Company,1117362.0,Associate Consultant,Platform Job Board
OUT0001461,STU007332,2025-09-21,Actively Searching,,,,
OUT0001462,STU007341,2025-01-11,Placed,MNC/IT Services,715807.0,UI/UX Designer,Direct Company Tie-up
OUT0001463,STU007346,2025-02-17,Actively Searching,,,,
OUT0001464,STU007347,2025-12-31,Actively Searching,,,,
OUT0001465,STU007350,2025-06-24,Placed,Product Company,737463.0,Software Engineer,Direct Company Tie-up
OUT0001466,STU007365,2025-12-13,Actively Searching,,,,
OUT0001467,STU007366,2024-06-18,Not Placed,,,,
OUT0001468,STU007371,2025-05-15,Placed,BFSI,532555.0,UI/UX Designer,Campus Drive
OUT0001469,STU007380,2025-07-16,Placed,BFSI,742126.0,Sales Executive,Campus Drive
OUT0001470,STU007382,2024-08-22,Placed,BFSI,322586.0,Digital Marketing Executive,Platform Job Board
OUT0001471,STU007383,2025-08-28,Not Placed,,,,
OUT0001472,STU007386,2024-11-20,Placed,MNC/IT Services,501930.0,Operations Executive,Referral
OUT0001473,STU007393,2025-01-30,Actively Searching,,,,
OUT0001474,STU007395,2024-10-22,Actively Searching,,,,
OUT0001475,STU007413,2024-09-19,Actively Searching,,,,
OUT0001476,STU007418,2024-10-10,Placed,Product Company,729679.0,Trainee Engineer,Platform Job Board
OUT0001477,STU007427,2024-06-08,Not Placed,,,,
OUT0001478,STU007432,2025-11-05,Actively Searching,,,,
OUT0001479,STU007437,2025-08-15,Placed,SME/Local Business,307923.0,Software Engineer,Direct Company Tie-up
OUT0001480,STU007439,2024-12-28,Actively Searching,,,,
OUT0001481,STU007440,2025-12-04,Actively Searching,,,,
OUT0001482,STU007447,2024-05-05,Placed,MNC/IT Services,860225.0,Customer Success Associate,Campus Drive
OUT0001483,STU007452,2025-05-12,Placed,Startup,459047.0,Trainee Engineer,Referral
OUT0001484,STU007454,2025-04-12,Placed,SME/Local Business,201583.0,UI/UX Designer,Platform Job Board
OUT0001485,STU007455,2025-09-30,Actively Searching,,,,
OUT0001486,STU007463,2024-12-04,Not Placed,,,,
OUT0001487,STU007472,2025-01-01,Not Placed,,,,
OUT0001488,STU007478,2024-12-12,Placed,MNC/IT Services,522855.0,Support Engineer,Campus Drive
OUT0001489,STU007481,2025-04-15,Actively Searching,,,,
OUT0001490,STU007502,2025-12-31,Actively Searching,,,,
OUT0001491,STU007508,2025-07-16,Not Placed,,,,
OUT0001492,STU007510,2025-08-06,Placed,Product Company,822099.0,Customer Success Associate,Platform Job Board
OUT0001493,STU007562,2024-06-30,Actively Searching,,,,
OUT0001494,STU007563,2025-11-06,Placed,BFSI,352855.0,UI/UX Designer,Direct Company Tie-up
OUT0001495,STU007565,2024-07-28,Placed,MNC/IT Services,582271.0,Sales Executive,Direct Company Tie-up
OUT0001496,STU007568,2025-09-27,Not Placed,,,,
OUT0001497,STU007583,2024-10-03,Placed,MNC/IT Services,837842.0,Digital Marketing Executive,Platform Job Board
OUT0001498,STU007586,2024-12-30,Placed,MNC/IT Services,875892.0,Customer Success Associate,Platform Job Board
OUT0001499,STU007588,2024-11-23,Placed,Core Engineering,376484.0,Support Engineer,Referral
OUT0001500,STU007589,2025-08-18,Placed,MNC/IT Services,441042.0,Customer Success Associate,Platform Job Board
OUT0001501,STU007591,2024-08-28,Placed,BFSI,796206.0,Trainee Engineer,Direct Company Tie-up
OUT0001502,STU007592,2025-05-26,Placed,BFSI,461543.0,Data Analyst,Platform Job Board
OUT0001503,STU007595,2025-11-03,Actively Searching,,,,
OUT0001504,STU007601,2025-06-10,Placed,MNC/IT Services,647659.0,UI/UX Designer,Campus Drive
OUT0001505,STU007607,2025-10-24,Placed,MNC/IT Services,394697.0,Trainee Engineer,Referral
OUT0001506,STU007608,2025-11-21,Not Placed,,,,
OUT0001507,STU007616,2024-10-25,Placed,MNC/IT Services,572989.0,UI/UX Designer,Direct Company Tie-up
OUT0001508,STU007618,2024-07-29,Actively Searching,,,,
OUT0001509,STU007636,2024-04-18,Placed,Startup,452789.0,Support Engineer,Campus Drive
OUT0001510,STU007639,2024-12-05,Not Placed,,,,
OUT0001511,STU007643,2024-06-27,Actively Searching,,,,
OUT0001512,STU007650,2025-04-02,Actively Searching,,,,
OUT0001513,STU007658,2024-07-14,Actively Searching,,,,
OUT0001514,STU007660,2024-12-11,Placed,BFSI,532678.0,Trainee Engineer,Campus Drive
OUT0001515,STU007666,2025-09-22,Not Placed,,,,
OUT0001516,STU007667,2025-03-16,Actively Searching,,,,
OUT0001517,STU007673,2025-08-05,Placed,MNC/IT Services,421188.0,Data Analyst,Direct Company Tie-up
OUT0001518,STU007675,2025-10-08,Placed,SME/Local Business,431455.0,Support Engineer,Campus Drive
OUT0001519,STU007683,2024-11-17,Actively Searching,,,,
OUT0001520,STU007686,2024-10-28,Actively Searching,,,,
OUT0001521,STU007688,2024-09-19,Not Placed,,,,
OUT0001522,STU007698,2025-10-04,Placed,Product Company,477836.0,Data Analyst,Campus Drive
OUT0001523,STU007703,2025-12-29,Placed,SME/Local Business,202817.0,Trainee Engineer,Campus Drive
OUT0001524,STU007704,2025-11-20,Placed,Startup,309475.0,Customer Success Associate,Platform Job Board
OUT0001525,STU007708,2025-11-02,Not Placed,,,,
OUT0001526,STU007719,2024-07-16,Actively Searching,,,,
OUT0001527,STU007721,2024-12-03,Placed,Startup,709750.0,Trainee Engineer,Platform Job Board
OUT0001528,STU007722,2024-06-13,Placed,SME/Local Business,490340.0,Business Analyst,Campus Drive
OUT0001529,STU007723,2024-11-21,Placed,MNC/IT Services,500301.0,Software Engineer,Platform Job Board
OUT0001530,STU007730,2025-10-15,Actively Searching,,,,
OUT0001531,STU007775,2025-08-17,Placed,BFSI,401267.0,Associate Consultant,Platform Job Board
OUT0001532,STU007777,2025-12-13,Actively Searching,,,,
OUT0001533,STU007788,2025-06-20,Actively Searching,,,,
OUT0001534,STU007791,2024-09-15,Placed,MNC/IT Services,643421.0,Digital Marketing Executive,Referral
OUT0001535,STU007799,2024-06-25,Placed,Product Company,686484.0,Customer Success Associate,Campus Drive
OUT0001536,STU007806,2024-10-01,Actively Searching,,,,
OUT0001537,STU007809,2025-10-26,Placed,SME/Local Business,250056.0,Software Engineer,Referral
OUT0001538,STU007812,2025-12-31,Placed,Startup,546935.0,Digital Marketing Executive,Platform Job Board
OUT0001539,STU007814,2024-04-25,Placed,MNC/IT Services,666217.0,UI/UX Designer,Direct Company Tie-up
OUT0001540,STU007820,2025-12-17,Placed,Core Engineering,361290.0,Trainee Engineer,Platform Job Board
OUT0001541,STU007821,2025-02-20,Not Placed,,,,
OUT0001542,STU007830,2024-07-04,Not Placed,,,,
OUT0001543,STU007833,2024-11-22,Not Placed,,,,
OUT0001544,STU007842,2025-12-13,Not Placed,,,,
OUT0001545,STU007856,2025-09-12,Placed,Product Company,763422.0,Software Engineer,Direct Company Tie-up
OUT0001546,STU007870,2025-10-03,Actively Searching,,,,
OUT0001547,STU007896,2025-04-20,Actively Searching,,,,
OUT0001548,STU007897,2025-09-23,Placed,Startup,332182.0,Sales Executive,Direct Company Tie-up
OUT0001549,STU007899,2024-04-04,Placed,BFSI,479300.0,Associate Consultant,Platform Job Board
OUT0001550,STU007918,2025-04-12,Not Placed,,,,
OUT0001551,STU007928,2025-12-24,Not Placed,,,,
OUT0001552,STU007936,2025-11-16,Actively Searching,,,,
OUT0001553,STU007943,2025-08-10,Placed,Startup,330395.0,Sales Executive,Campus Drive
OUT0001554,STU007952,2025-05-31,Placed,Core Engineering,273160.0,Software Engineer,Direct Company Tie-up
OUT0001555,STU007953,2024-09-20,Actively Searching,,,,
OUT0001556,STU007954,2025-07-31,Actively Searching,,,,
OUT0001557,STU007955,2025-12-31,Placed,Startup,402287.0,Business Analyst,Referral
OUT0001558,STU007969,2024-11-27,Actively Searching,,,,
OUT0001559,STU007985,2025-10-26,Not Placed,,,,
OUT0001560,STU007994,2025-09-12,Actively Searching,,,,
OUT0001561,STU007997,2025-11-10,Actively Searching,,,,
OUT0001562,STU007998,2025-08-19,Placed,Core Engineering,490360.0,Data Analyst,Campus Drive
OUT0001563,STU007999,2025-07-16,Not Placed,,,,
OUT0001564,STU008011,2025-11-21,Placed,MNC/IT Services,481184.0,Sales Executive,Referral
OUT0001565,STU008013,2025-09-29,Not Placed,,,,
OUT0001566,STU008017,2025-06-29,Placed,SME/Local Business,286137.0,Sales Executive,Platform Job Board
OUT0001567,STU008025,2024-10-08,Not Placed,,,,
OUT0001568,STU008030,2025-10-05,Placed,Core Engineering,612898.0,Software Engineer,Platform Job Board
OUT0001569,STU008034,2025-12-31,Actively Searching,,,,
OUT0001570,STU008044,2025-07-30,Placed,MNC/IT Services,876844.0,UI/UX Designer,Campus Drive
OUT0001571,STU008059,2025-02-24,Placed,Startup,339758.0,Support Engineer,Platform Job Board
OUT0001572,STU008063,2024-10-06,Actively Searching,,,,
OUT0001573,STU008066,2024-12-12,Actively Searching,,,,
OUT0001574,STU008078,2024-05-08,Actively Searching,,,,
OUT0001575,STU008079,2025-09-17,Placed,Startup,573498.0,Trainee Engineer,Campus Drive
OUT0001576,STU008082,2025-06-25,Placed,BFSI,554521.0,Customer Success Associate,Campus Drive
OUT0001577,STU008086,2024-12-13,Not Placed,,,,
OUT0001578,STU008096,2025-09-22,Placed,MNC/IT Services,791568.0,Associate Consultant,Platform Job Board
OUT0001579,STU008098,2024-10-01,Not Placed,,,,
OUT0001580,STU008106,2025-09-10,Actively Searching,,,,
OUT0001581,STU008108,2024-05-28,Placed,MNC/IT Services,350756.0,Sales Executive,Campus Drive
OUT0001582,STU008118,2025-06-06,Placed,MNC/IT Services,330061.0,Operations Executive,Direct Company Tie-up
OUT0001583,STU008120,2025-08-27,Not Placed,,,,
OUT0001584,STU008126,2024-07-30,Placed,SME/Local Business,296076.0,Sales Executive,Direct Company Tie-up
OUT0001585,STU008129,2024-05-16,Placed,MNC/IT Services,873120.0,UI/UX Designer,Referral
OUT0001586,STU008130,2024-08-19,Placed,Core Engineering,328146.0,Customer Success Associate,Referral
OUT0001587,STU008136,2025-12-31,Placed,MNC/IT Services,485951.0,Software Engineer,Platform Job Board
OUT0001588,STU008143,2024-09-23,Not Placed,,,,
OUT0001589,STU008144,2025-10-28,Actively Searching,,,,
OUT0001590,STU008152,2024-11-09,Placed,Product Company,744226.0,Support Engineer,Direct Company Tie-up
OUT0001591,STU008153,2025-05-09,Placed,Product Company,1014136.0,Business Analyst,Campus Drive
OUT0001592,STU008160,2025-02-18,Not Placed,,,,
OUT0001593,STU008163,2025-08-01,Not Placed,,,,
OUT0001594,STU008164,2025-01-01,Placed,BFSI,556725.0,Operations Executive,Campus Drive
OUT0001595,STU008167,2025-11-23,Placed,Startup,423881.0,Trainee Engineer,Campus Drive
OUT0001596,STU008179,2025-08-19,Actively Searching,,,,
OUT0001597,STU008181,2025-10-09,Actively Searching,,,,
OUT0001598,STU008189,2025-10-07,Not Placed,,,,
OUT0001599,STU008191,2025-12-17,Actively Searching,,,,
OUT0001600,STU008196,2024-04-05,Actively Searching,,,,
OUT0001601,STU008201,2025-09-06,Placed,Core Engineering,454079.0,Trainee Engineer,Direct Company Tie-up
OUT0001602,STU008216,2025-09-09,Not Placed,,,,
OUT0001603,STU008219,2025-12-26,Placed,MNC/IT Services,497291.0,Associate Consultant,Direct Company Tie-up
OUT0001604,STU008222,2025-09-02,Placed,MNC/IT Services,607542.0,Data Analyst,Referral
OUT0001605,STU008223,2024-12-04,Actively Searching,,,,
OUT0001606,STU008226,2025-12-17,Not Placed,,,,
OUT0001607,STU008228,2024-08-16,Actively Searching,,,,
OUT0001608,STU008229,2024-11-26,Actively Searching,,,,
OUT0001609,STU008236,2024-07-17,Not Placed,,,,
OUT0001610,STU008237,2025-01-03,Actively Searching,,,,
OUT0001611,STU008239,2025-10-26,Placed,SME/Local Business,242871.0,Sales Executive,Platform Job Board
OUT0001612,STU008242,2025-12-24,Actively Searching,,,,
OUT0001613,STU008244,2025-06-25,Placed,Startup,530779.0,Digital Marketing Executive,Campus Drive
OUT0001614,STU008246,2025-05-29,Placed,MNC/IT Services,359311.0,Operations Executive,Direct Company Tie-up
OUT0001615,STU008247,2024-07-14,Placed,Core Engineering,362887.0,Software Engineer,Direct Company Tie-up
OUT0001616,STU008254,2025-06-08,Placed,SME/Local Business,234690.0,Customer Success Associate,Platform Job Board
OUT0001617,STU008258,2024-06-11,Not Placed,,,,
OUT0001618,STU008259,2025-08-09,Placed,SME/Local Business,272106.0,UI/UX Designer,Campus Drive
OUT0001619,STU008260,2025-01-25,Placed,SME/Local Business,311703.0,Sales Executive,Referral
OUT0001620,STU008262,2025-06-05,Placed,Product Company,698823.0,Operations Executive,Platform Job Board
OUT0001621,STU008267,2025-08-27,Placed,MNC/IT Services,453791.0,Trainee Engineer,Referral
OUT0001622,STU008270,2024-12-27,Actively Searching,,,,
OUT0001623,STU008284,2025-12-05,Actively Searching,,,,
OUT0001624,STU008292,2025-11-26,Placed,MNC/IT Services,596136.0,Trainee Engineer,Platform Job Board
OUT0001625,STU008293,2025-12-07,Placed,SME/Local Business,302109.0,UI/UX Designer,Direct Company Tie-up
OUT0001626,STU008296,2024-10-10,Placed,Startup,413111.0,Digital Marketing Executive,Referral
OUT0001627,STU008300,2025-06-23,Placed,Product Company,884836.0,UI/UX Designer,Campus Drive
OUT0001628,STU008309,2025-12-24,Not Placed,,,,
OUT0001629,STU008321,2025-10-20,Placed,MNC/IT Services,491184.0,Support Engineer,Campus Drive
OUT0001630,STU008322,2025-11-07,Placed,SME/Local Business,491382.0,Data Analyst,Platform Job Board
OUT0001631,STU008327,2024-03-29,Placed,Startup,489539.0,Associate Consultant,Platform Job Board
OUT0001632,STU008334,2024-12-12,Actively Searching,,,,
OUT0001633,STU008338,2024-06-03,Actively Searching,,,,
OUT0001634,STU008352,2024-10-03,Not Placed,,,,
OUT0001635,STU008353,2025-08-14,Not Placed,,,,
OUT0001636,STU008361,2025-06-14,Placed,Startup,389182.0,Operations Executive,Campus Drive
OUT0001637,STU008364,2025-04-28,Actively Searching,,,,
OUT0001638,STU008367,2024-05-31,Placed,MNC/IT Services,519876.0,Support Engineer,Direct Company Tie-up
OUT0001639,STU008368,2025-12-03,Placed,MNC/IT Services,718721.0,Software Engineer,Campus Drive
OUT0001640,STU008373,2025-10-16,Placed,Startup,522550.0,Business Analyst,Platform Job Board
OUT0001641,STU008381,2025-10-30,Placed,BFSI,344944.0,Sales Executive,Campus Drive
OUT0001642,STU008384,2024-11-20,Not Placed,,,,
OUT0001643,STU008389,2024-12-31,Placed,Startup,524855.0,Trainee Engineer,Referral
OUT0001644,STU008394,2025-06-26,Actively Searching,,,,
OUT0001645,STU008399,2024-07-25,Placed,Startup,399816.0,Associate Consultant,Referral
OUT0001646,STU008400,2025-04-14,Placed,MNC/IT Services,854189.0,Trainee Engineer,Campus Drive
OUT0001647,STU008405,2024-08-13,Actively Searching,,,,
OUT0001648,STU008407,2025-07-13,Placed,Startup,422927.0,Support Engineer,Platform Job Board
OUT0001649,STU008408,2024-08-12,Placed,Startup,388305.0,Data Analyst,Platform Job Board
OUT0001650,STU008409,2025-09-20,Placed,SME/Local Business,365011.0,Sales Executive,Referral
OUT0001651,STU008411,2025-11-03,Placed,MNC/IT Services,613885.0,Operations Executive,Direct Company Tie-up
OUT0001652,STU008413,2024-09-03,Not Placed,,,,
OUT0001653,STU008419,2024-11-17,Actively Searching,,,,
OUT0001654,STU008422,2024-11-22,Not Placed,,,,
OUT0001655,STU008425,2025-01-15,Placed,Product Company,704207.0,Operations Executive,Campus Drive
OUT0001656,STU008433,2024-07-06,Actively Searching,,,,
OUT0001657,STU008437,2024-12-06,Placed,Product Company,1001976.0,Trainee Engineer,Platform Job Board
OUT0001658,STU008439,2025-07-08,Actively Searching,,,,
OUT0001659,STU008444,2025-06-05,Placed,SME/Local Business,400890.0,Customer Success Associate,Platform Job Board
OUT0001660,STU008455,2024-10-30,Actively Searching,,,,
OUT0001661,STU008467,2024-11-30,Placed,MNC/IT Services,492630.0,Sales Executive,Platform Job Board
OUT0001662,STU008472,2024-07-09,Placed,SME/Local Business,347689.0,Trainee Engineer,Platform Job Board
OUT0001663,STU008474,2025-05-15,Placed,MNC/IT Services,610282.0,Digital Marketing Executive,Campus Drive
OUT0001664,STU008479,2025-05-15,Placed,MNC/IT Services,594272.0,Software Engineer,Platform Job Board
OUT0001665,STU008491,2025-09-05,Not Placed,,,,
OUT0001666,STU008496,2024-12-08,Placed,Startup,589085.0,Operations Executive,Platform Job Board
OUT0001667,STU008497,2025-11-05,Not Placed,,,,
OUT0001668,STU008503,2024-10-09,Placed,MNC/IT Services,632063.0,Business Analyst,Campus Drive
OUT0001669,STU008510,2025-01-02,Not Placed,,,,
OUT0001670,STU008515,2024-10-05,Placed,Startup,336457.0,UI/UX Designer,Direct Company Tie-up
OUT0001671,STU008530,2024-08-25,Placed,Startup,295277.0,UI/UX Designer,Campus Drive
OUT0001672,STU008540,2025-06-28,Placed,Product Company,854765.0,Customer Success Associate,Referral
OUT0001673,STU008541,2025-07-05,Placed,MNC/IT Services,468277.0,Digital Marketing Executive,Campus Drive
OUT0001674,STU008542,2025-02-06,Placed,Startup,538159.0,Digital Marketing Executive,Platform Job Board
OUT0001675,STU008552,2025-12-09,Actively Searching,,,,
OUT0001676,STU008556,2025-10-05,Not Placed,,,,
OUT0001677,STU008560,2024-12-15,Placed,MNC/IT Services,863931.0,Operations Executive,Direct Company Tie-up
OUT0001678,STU008561,2025-12-31,Actively Searching,,,,
OUT0001679,STU008562,2025-09-28,Actively Searching,,,,
OUT0001680,STU008565,2024-12-25,Placed,BFSI,464282.0,Software Engineer,Platform Job Board
OUT0001681,STU008572,2025-11-23,Placed,BFSI,779944.0,Trainee Engineer,Referral
OUT0001682,STU008581,2025-07-20,Not Placed,,,,
OUT0001683,STU008582,2024-09-23,Placed,Product Company,1044552.0,Data Analyst,Platform Job Board
OUT0001684,STU008586,2025-04-19,Placed,Product Company,895680.0,UI/UX Designer,Platform Job Board
OUT0001685,STU008590,2025-11-23,Placed,BFSI,469467.0,Digital Marketing Executive,Campus Drive
OUT0001686,STU008601,2025-01-16,Not Placed,,,,
OUT0001687,STU008604,2025-06-28,Actively Searching,,,,
OUT0001688,STU008605,2025-07-18,Actively Searching,,,,
OUT0001689,STU008612,2024-10-29,Not Placed,,,,
OUT0001690,STU008618,2024-07-13,Actively Searching,,,,
OUT0001691,STU008621,2024-12-29,Placed,Product Company,607192.0,Sales Executive,Campus Drive
OUT0001692,STU008629,2024-09-02,Not Placed,,,,
OUT0001693,STU008639,2025-06-30,Not Placed,,,,
OUT0001694,STU008649,2024-10-02,Actively Searching,,,,
OUT0001695,STU008650,2025-09-21,Actively Searching,,,,
OUT0001696,STU008651,2025-03-17,Placed,MNC/IT Services,519926.0,Business Analyst,Campus Drive
OUT0001697,STU008657,2025-03-15,Actively Searching,,,,
OUT0001698,STU008658,2025-05-14,Placed,MNC/IT Services,818167.0,Data Analyst,Platform Job Board
OUT0001699,STU008662,2024-12-04,Not Placed,,,,
OUT0001700,STU008671,2025-07-16,Placed,MNC/IT Services,773865.0,Sales Executive,Direct Company Tie-up
OUT0001701,STU008689,2025-02-02,Placed,SME/Local Business,302670.0,Data Analyst,Platform Job Board
OUT0001702,STU008700,2025-06-28,Placed,SME/Local Business,422336.0,Support Engineer,Direct Company Tie-up
OUT0001703,STU008722,2024-11-19,Placed,SME/Local Business,267711.0,Digital Marketing Executive,Direct Company Tie-up
OUT0001704,STU008735,2025-12-20,Placed,Startup,427718.0,Digital Marketing Executive,Platform Job Board
OUT0001705,STU008737,2025-01-22,Placed,Startup,287952.0,Sales Executive,Platform Job Board
OUT0001706,STU008738,2025-12-31,Placed,Product Company,1092323.0,Customer Success Associate,Platform Job Board
OUT0001707,STU008747,2025-06-06,Placed,SME/Local Business,276107.0,Business Analyst,Campus Drive
OUT0001708,STU008768,2025-11-07,Actively Searching,,,,
OUT0001709,STU008771,2025-12-09,Placed,BFSI,353155.0,Digital Marketing Executive,Direct Company Tie-up
OUT0001710,STU008774,2024-05-10,Placed,Product Company,1166983.0,Sales Executive,Platform Job Board
OUT0001711,STU008779,2024-08-17,Actively Searching,,,,
OUT0001712,STU008780,2025-08-19,Actively Searching,,,,
OUT0001713,STU008781,2025-08-29,Placed,SME/Local Business,417696.0,Trainee Engineer,Platform Job Board
OUT0001714,STU008782,2025-11-23,Placed,MNC/IT Services,378603.0,Associate Consultant,Campus Drive
OUT0001715,STU008784,2025-05-22,Not Placed,,,,
OUT0001716,STU008790,2025-07-18,Placed,Startup,652392.0,Software Engineer,Referral
OUT0001717,STU008800,2025-08-06,Placed,MNC/IT Services,776060.0,UI/UX Designer,Direct Company Tie-up
OUT0001718,STU008806,2025-12-27,Placed,Startup,361001.0,Business Analyst,Platform Job Board
OUT0001719,STU008809,2025-10-15,Placed,Startup,406768.0,Customer Success Associate,Platform Job Board
OUT0001720,STU008817,2025-09-19,Actively Searching,,,,
OUT0001721,STU008819,2025-01-06,Placed,SME/Local Business,373589.0,Software Engineer,Direct Company Tie-up
OUT0001722,STU008822,2025-12-31,Actively Searching,,,,
OUT0001723,STU008824,2025-08-30,Placed,BFSI,369108.0,Sales Executive,Platform Job Board
OUT0001724,STU008825,2025-12-29,Actively Searching,,,,
OUT0001725,STU008827,2025-11-15,Placed,MNC/IT Services,454966.0,Digital Marketing Executive,Platform Job Board
OUT0001726,STU008841,2024-05-11,Not Placed,,,,
OUT0001727,STU008846,2024-08-26,Placed,MNC/IT Services,351260.0,Sales Executive,Platform Job Board
OUT0001728,STU008852,2024-09-26,Actively Searching,,,,
OUT0001729,STU008855,2024-12-29,Actively Searching,,,,
OUT0001730,STU008857,2024-09-01,Placed,BFSI,500440.0,UI/UX Designer,Campus Drive
OUT0001731,STU008859,2024-09-21,Placed,Core Engineering,662463.0,Sales Executive,Campus Drive
OUT0001732,STU008863,2024-05-28,Placed,MNC/IT Services,386727.0,Digital Marketing Executive,Campus Drive
OUT0001733,STU008870,2024-09-30,Not Placed,,,,
OUT0001734,STU008871,2024-05-30,Placed,SME/Local Business,295831.0,Operations Executive,Direct Company Tie-up
OUT0001735,STU008875,2025-10-01,Placed,Startup,691643.0,Sales Executive,Referral
OUT0001736,STU008878,2025-10-12,Not Placed,,,,
OUT0001737,STU008879,2025-06-22,Placed,MNC/IT Services,731599.0,Operations Executive,Platform Job Board
OUT0001738,STU008881,2024-02-24,Placed,MNC/IT Services,599811.0,Business Analyst,Campus Drive
OUT0001739,STU008883,2025-05-02,Not Placed,,,,
OUT0001740,STU008885,2025-03-30,Not Placed,,,,
OUT0001741,STU008890,2024-11-26,Not Placed,,,,
OUT0001742,STU008900,2025-10-23,Actively Searching,,,,
OUT0001743,STU008901,2024-11-18,Not Placed,,,,
OUT0001744,STU008908,2025-03-07,Placed,MNC/IT Services,549683.0,Customer Success Associate,Campus Drive
OUT0001745,STU008910,2025-05-09,Actively Searching,,,,
OUT0001746,STU008914,2025-10-21,Placed,SME/Local Business,363497.0,Software Engineer,Direct Company Tie-up
OUT0001747,STU008915,2025-03-28,Placed,Product Company,562926.0,Digital Marketing Executive,Platform Job Board
OUT0001748,STU008923,2025-08-17,Actively Searching,,,,
OUT0001749,STU008927,2025-06-14,Placed,MNC/IT Services,545106.0,Operations Executive,Direct Company Tie-up
OUT0001750,STU008943,2025-10-06,Placed,Core Engineering,441051.0,Trainee Engineer,Direct Company Tie-up
OUT0001751,STU008955,2025-08-23,Placed,Startup,431803.0,Trainee Engineer,Platform Job Board
OUT0001752,STU008965,2025-10-11,Placed,MNC/IT Services,522322.0,UI/UX Designer,Campus Drive
OUT0001753,STU008969,2024-11-20,Not Placed,,,,
OUT0001754,STU008971,2025-06-29,Not Placed,,,,
OUT0001755,STU008974,2025-09-16,Placed,MNC/IT Services,475104.0,Support Engineer,Campus Drive
OUT0001756,STU008977,2024-12-27,Actively Searching,,,,
OUT0001757,STU008983,2025-09-09,Placed,MNC/IT Services,406664.0,Business Analyst,Platform Job Board
OUT0001758,STU008989,2024-12-24,Placed,Startup,328730.0,Customer Success Associate,Campus Drive
OUT0001759,STU008991,2024-12-20,Placed,BFSI,450394.0,Business Analyst,Campus Drive
OUT0001760,STU008996,2025-01-04,Not Placed,,,,
OUT0001761,STU009003,2024-04-18,Not Placed,,,,
OUT0001762,STU009004,2025-10-30,Placed,Startup,382258.0,Associate Consultant,Referral
OUT0001763,STU009009,2025-09-07,Placed,Startup,509329.0,Digital Marketing Executive,Campus Drive
OUT0001764,STU009017,2025-08-04,Placed,MNC/IT Services,509492.0,Trainee Engineer,Campus Drive
OUT0001765,STU009020,2024-04-20,Placed,BFSI,424068.0,Software Engineer,Campus Drive
OUT0001766,STU009028,2025-04-10,Actively Searching,,,,
OUT0001767,STU009030,2025-12-31,Actively Searching,,,,
OUT0001768,STU009031,2024-06-20,Actively Searching,,,,
OUT0001769,STU009032,2025-01-30,Not Placed,,,,
OUT0001770,STU009045,2024-07-16,Placed,Product Company,784309.0,Customer Success Associate,Platform Job Board
OUT0001771,STU009046,2025-01-21,Not Placed,,,,
OUT0001772,STU009058,2025-06-08,Placed,Startup,555076.0,Digital Marketing Executive,Platform Job Board
OUT0001773,STU009059,2025-12-31,Actively Searching,,,,
OUT0001774,STU009061,2024-04-07,Placed,Core Engineering,636290.0,Operations Executive,Referral
OUT0001775,STU009075,2024-06-29,Placed,Startup,350309.0,Software Engineer,Campus Drive
OUT0001776,STU009077,2025-02-04,Placed,SME/Local Business,439449.0,Operations Executive,Referral
OUT0001777,STU009078,2024-10-26,Placed,SME/Local Business,262483.0,Associate Consultant,Campus Drive
OUT0001778,STU009080,2025-08-21,Placed,MNC/IT Services,484115.0,Business Analyst,Campus Drive
OUT0001779,STU009087,2024-09-03,Placed,MNC/IT Services,690632.0,Business Analyst,Direct Company Tie-up
OUT0001780,STU009090,2025-06-12,Placed,MNC/IT Services,595955.0,Associate Consultant,Platform Job Board
OUT0001781,STU009093,2025-08-09,Placed,SME/Local Business,322970.0,Sales Executive,Campus Drive
OUT0001782,STU009102,2024-10-27,Placed,SME/Local Business,331096.0,Software Engineer,Platform Job Board
OUT0001783,STU009108,2025-06-23,Actively Searching,,,,
OUT0001784,STU009110,2025-09-04,Placed,SME/Local Business,475785.0,Data Analyst,Campus Drive
OUT0001785,STU009113,2024-08-11,Placed,BFSI,461888.0,Digital Marketing Executive,Direct Company Tie-up
OUT0001786,STU009114,2025-02-19,Placed,MNC/IT Services,593646.0,Operations Executive,Platform Job Board
OUT0001787,STU009124,2025-08-09,Not Placed,,,,
OUT0001788,STU009136,2024-05-31,Actively Searching,,,,
OUT0001789,STU009137,2024-11-08,Placed,MNC/IT Services,469551.0,Operations Executive,Campus Drive
OUT0001790,STU009144,2025-03-14,Placed,MNC/IT Services,575186.0,Associate Consultant,Platform Job Board
OUT0001791,STU009147,2025-06-01,Placed,Startup,547529.0,Digital Marketing Executive,Campus Drive
OUT0001792,STU009155,2024-08-16,Placed,Product Company,835904.0,Customer Success Associate,Direct Company Tie-up
OUT0001793,STU009158,2025-01-15,Placed,MNC/IT Services,394634.0,Software Engineer,Referral
OUT0001794,STU009160,2025-04-10,Placed,SME/Local Business,202463.0,Associate Consultant,Direct Company Tie-up
OUT0001795,STU009165,2025-11-03,Actively Searching,,,,
OUT0001796,STU009174,2025-01-12,Actively Searching,,,,
OUT0001797,STU009175,2025-09-25,Actively Searching,,,,
OUT0001798,STU009176,2025-10-09,Placed,Startup,564281.0,Associate Consultant,Platform Job Board
OUT0001799,STU009177,2025-11-19,Placed,Core Engineering,410113.0,Business Analyst,Referral
OUT0001800,STU009178,2024-11-15,Placed,SME/Local Business,320771.0,Trainee Engineer,Platform Job Board
OUT0001801,STU009188,2025-01-15,Placed,BFSI,520330.0,Support Engineer,Campus Drive
OUT0001802,STU009190,2025-06-30,Actively Searching,,,,
OUT0001803,STU009203,2025-12-01,Not Placed,,,,
OUT0001804,STU009209,2025-03-22,Not Placed,,,,
OUT0001805,STU009216,2025-09-21,Not Placed,,,,
OUT0001806,STU009221,2025-04-30,Placed,BFSI,483236.0,Sales Executive,Campus Drive
OUT0001807,STU009227,2025-05-02,Placed,MNC/IT Services,547504.0,Trainee Engineer,Platform Job Board
OUT0001808,STU009229,2024-06-29,Actively Searching,,,,
OUT0001809,STU009234,2024-04-23,Placed,SME/Local Business,394905.0,Operations Executive,Direct Company Tie-up
OUT0001810,STU009236,2025-09-14,Placed,BFSI,730589.0,Data Analyst,Platform Job Board
OUT0001811,STU009246,2025-11-25,Not Placed,,,,
OUT0001812,STU009253,2024-08-01,Placed,MNC/IT Services,351059.0,UI/UX Designer,Campus Drive
OUT0001813,STU009261,2024-12-30,Actively Searching,,,,
OUT0001814,STU009264,2025-09-11,Actively Searching,,,,
OUT0001815,STU009268,2025-01-25,Not Placed,,,,
OUT0001816,STU009270,2025-12-31,Actively Searching,,,,
OUT0001817,STU009271,2025-06-14,Placed,Product Company,1403556.0,Sales Executive,Platform Job Board
OUT0001818,STU009272,2024-05-10,Not Placed,,,,
OUT0001819,STU009279,2025-02-11,Placed,MNC/IT Services,683847.0,Software Engineer,Referral
OUT0001820,STU009280,2024-07-09,Placed,Core Engineering,397392.0,Business Analyst,Campus Drive
OUT0001821,STU009284,2025-09-22,Placed,Startup,621792.0,Software Engineer,Platform Job Board
OUT0001822,STU009285,2025-05-01,Placed,SME/Local Business,507897.0,Business Analyst,Campus Drive
OUT0001823,STU009291,2024-09-16,Actively Searching,,,,
OUT0001824,STU009306,2025-08-25,Placed,Core Engineering,304779.0,Associate Consultant,Platform Job Board
OUT0001825,STU009308,2024-05-25,Not Placed,,,,
OUT0001826,STU009311,2024-07-26,Not Placed,,,,
OUT0001827,STU009312,2025-12-31,Placed,Startup,499261.0,Data Analyst,Direct Company Tie-up
OUT0001828,STU009316,2025-06-10,Actively Searching,,,,
OUT0001829,STU009323,2025-09-20,Actively Searching,,,,
OUT0001830,STU009330,2024-09-25,Actively Searching,,,,
OUT0001831,STU009334,2025-10-29,Actively Searching,,,,
OUT0001832,STU009336,2025-06-06,Placed,MNC/IT Services,716420.0,Software Engineer,Campus Drive
OUT0001833,STU009341,2025-11-12,Actively Searching,,,,
OUT0001834,STU009344,2025-09-01,Placed,Product Company,1448261.0,Associate Consultant,Platform Job Board
OUT0001835,STU009350,2025-04-07,Placed,MNC/IT Services,568250.0,Business Analyst,Direct Company Tie-up
OUT0001836,STU009351,2025-04-02,Placed,Product Company,1061082.0,UI/UX Designer,Platform Job Board
OUT0001837,STU009354,2025-08-22,Placed,Startup,517647.0,Associate Consultant,Platform Job Board
OUT0001838,STU009359,2025-10-11,Actively Searching,,,,
OUT0001839,STU009366,2025-08-08,Placed,MNC/IT Services,631344.0,Associate Consultant,Platform Job Board
OUT0001840,STU009367,2025-12-19,Placed,MNC/IT Services,463721.0,Trainee Engineer,Referral
OUT0001841,STU009369,2024-07-06,Placed,BFSI,422475.0,Customer Success Associate,Platform Job Board
OUT0001842,STU009372,2025-03-23,Placed,Product Company,558732.0,Data Analyst,Referral
OUT0001843,STU009376,2025-07-21,Placed,Product Company,1241852.0,Operations Executive,Platform Job Board
OUT0001844,STU009385,2025-03-14,Placed,SME/Local Business,339897.0,Digital Marketing Executive,Referral
OUT0001845,STU009400,2025-09-28,Actively Searching,,,,
OUT0001846,STU009401,2025-10-25,Placed,Startup,502399.0,Customer Success Associate,Direct Company Tie-up
OUT0001847,STU009409,2025-10-07,Actively Searching,,,,
OUT0001848,STU009410,2024-05-24,Placed,MNC/IT Services,607022.0,Digital Marketing Executive,Direct Company Tie-up
OUT0001849,STU009414,2025-07-29,Not Placed,,,,
OUT0001850,STU009418,2024-03-21,Actively Searching,,,,
OUT0001851,STU009426,2024-05-07,Actively Searching,,,,
OUT0001852,STU009427,2024-07-10,Not Placed,,,,
OUT0001853,STU009431,2025-01-24,Actively Searching,,,,
OUT0001854,STU009433,2025-10-29,Placed,MNC/IT Services,644742.0,Data Analyst,Platform Job Board
OUT0001855,STU009452,2024-12-27,Actively Searching,,,,
OUT0001856,STU009455,2024-08-03,Placed,MNC/IT Services,612326.0,Customer Success Associate,Platform Job Board
OUT0001857,STU009457,2025-03-24,Placed,Product Company,932275.0,Data Analyst,Platform Job Board
OUT0001858,STU009458,2025-11-09,Not Placed,,,,
OUT0001859,STU009466,2025-10-01,Actively Searching,,,,
OUT0001860,STU009473,2025-11-03,Placed,SME/Local Business,344339.0,Sales Executive,Referral
OUT0001861,STU009474,2024-11-09,Placed,BFSI,374173.0,Software Engineer,Campus Drive
OUT0001862,STU009479,2025-05-01,Placed,BFSI,477478.0,Software Engineer,Campus Drive
OUT0001863,STU009483,2025-05-09,Placed,MNC/IT Services,611377.0,Support Engineer,Referral
OUT0001864,STU009500,2025-11-22,Placed,SME/Local Business,285674.0,Customer Success Associate,Platform Job Board
OUT0001865,STU009503,2024-09-18,Placed,Startup,476053.0,Sales Executive,Platform Job Board
OUT0001866,STU009507,2025-02-06,Placed,MNC/IT Services,656962.0,Data Analyst,Campus Drive
OUT0001867,STU009509,2024-09-05,Placed,MNC/IT Services,517276.0,Digital Marketing Executive,Campus Drive
OUT0001868,STU009512,2025-02-12,Placed,MNC/IT Services,367610.0,Business Analyst,Campus Drive
OUT0001869,STU009513,2025-05-05,Actively Searching,,,,
OUT0001870,STU009519,2024-11-01,Actively Searching,,,,
OUT0001871,STU009527,2025-12-08,Not Placed,,,,
OUT0001872,STU009532,2024-07-30,Placed,MNC/IT Services,511652.0,Digital Marketing Executive,Campus Drive
OUT0001873,STU009535,2024-05-06,Actively Searching,,,,
OUT0001874,STU009539,2024-06-25,Placed,BFSI,459127.0,Customer Success Associate,Campus Drive
OUT0001875,STU009549,2024-11-15,Actively Searching,,,,
OUT0001876,STU009550,2024-12-20,Placed,SME/Local Business,289412.0,Sales Executive,Campus Drive
OUT0001877,STU009557,2025-05-31,Actively Searching,,,,
OUT0001878,STU009591,2025-05-19,Placed,BFSI,326046.0,Trainee Engineer,Referral
OUT0001879,STU009595,2025-12-05,Placed,Product Company,721861.0,Sales Executive,Platform Job Board
OUT0001880,STU009609,2024-10-07,Not Placed,,,,
OUT0001881,STU009616,2024-08-06,Placed,Startup,626642.0,Associate Consultant,Direct Company Tie-up
OUT0001882,STU009625,2025-08-01,Placed,SME/Local Business,458151.0,Associate Consultant,Referral
OUT0001883,STU009626,2024-09-01,Not Placed,,,,
OUT0001884,STU009627,2025-12-31,Placed,BFSI,370744.0,Digital Marketing Executive,Campus Drive
OUT0001885,STU009636,2025-05-04,Placed,Product Company,780090.0,Sales Executive,Platform Job Board
OUT0001886,STU009639,2024-09-01,Placed,MNC/IT Services,509396.0,Digital Marketing Executive,Platform Job Board
OUT0001887,STU009647,2024-07-10,Not Placed,,,,
OUT0001888,STU009655,2025-11-10,Placed,Core Engineering,315118.0,Associate Consultant,Campus Drive
OUT0001889,STU009658,2024-09-04,Placed,SME/Local Business,289266.0,Data Analyst,Platform Job Board
OUT0001890,STU009665,2025-07-02,Not Placed,,,,
OUT0001891,STU009668,2025-10-28,Placed,Startup,260435.0,Trainee Engineer,Campus Drive
OUT0001892,STU009670,2025-03-14,Placed,Product Company,642351.0,Associate Consultant,Campus Drive
OUT0001893,STU009671,2025-11-01,Placed,Startup,343517.0,Data Analyst,Campus Drive
OUT0001894,STU009680,2024-06-26,Placed,Startup,637476.0,Digital Marketing Executive,Campus Drive
OUT0001895,STU009685,2025-10-14,Not Placed,,,,
OUT0001896,STU009691,2025-09-30,Placed,MNC/IT Services,769391.0,Business Analyst,Referral
OUT0001897,STU009694,2025-03-29,Not Placed,,,,
OUT0001898,STU009695,2024-05-07,Not Placed,,,,
OUT0001899,STU009696,2025-10-10,Placed,Startup,733632.0,Trainee Engineer,Campus Drive
OUT0001900,STU009698,2025-05-31,Placed,BFSI,755914.0,UI/UX Designer,Platform Job Board
OUT0001901,STU009699,2024-10-21,Not Placed,,,,
OUT0001902,STU009703,2025-11-09,Not Placed,,,,
OUT0001903,STU009705,2025-08-29,Not Placed,,,,
OUT0001904,STU009706,2025-07-28,Actively Searching,,,,
OUT0001905,STU009714,2025-08-15,Placed,Startup,297217.0,Digital Marketing Executive,Campus Drive
OUT0001906,STU009731,2025-04-26,Placed,Startup,582450.0,Digital Marketing Executive,Campus Drive
OUT0001907,STU009736,2025-06-14,Placed,Startup,527716.0,Associate Consultant,Platform Job Board
OUT0001908,STU009740,2025-09-15,Actively Searching,,,,
OUT0001909,STU009744,2025-07-05,Placed,Startup,359138.0,Digital Marketing Executive,Platform Job Board
OUT0001910,STU009752,2025-08-24,Actively Searching,,,,
OUT0001911,STU009762,2024-07-31,Actively Searching,,,,
OUT0001912,STU009765,2025-10-25,Placed,BFSI,691796.0,Customer Success Associate,Campus Drive
OUT0001913,STU009771,2025-02-02,Placed,MNC/IT Services,656259.0,Data Analyst,Referral
OUT0001914,STU009773,2024-04-02,Actively Searching,,,,
OUT0001915,STU009778,2025-12-29,Not Placed,,,,
OUT0001916,STU009784,2025-08-27,Placed,SME/Local Business,291972.0,Support Engineer,Platform Job Board
OUT0001917,STU009786,2025-12-31,Placed,SME/Local Business,502858.0,Customer Success Associate,Campus Drive
OUT0001918,STU009796,2025-06-15,Placed,Product Company,571979.0,Software Engineer,Direct Company Tie-up
OUT0001919,STU009797,2025-12-31,Actively Searching,,,,
OUT0001920,STU009799,2025-12-14,Not Placed,,,,
OUT0001921,STU009801,2025-06-15,Not Placed,,,,
OUT0001922,STU009818,2024-08-19,Placed,MNC/IT Services,541869.0,Digital Marketing Executive,Platform Job Board
OUT0001923,STU009819,2025-11-29,Placed,Core Engineering,400487.0,Operations Executive,Platform Job Board
OUT0001924,STU009821,2025-08-07,Actively Searching,,,,
OUT0001925,STU009823,2024-06-30,Placed,Product Company,1235333.0,Digital Marketing Executive,Direct Company Tie-up
OUT0001926,STU009827,2024-09-08,Placed,Product Company,1208209.0,Customer Success Associate,Campus Drive
OUT0001927,STU009828,2024-10-20,Not Placed,,,,
OUT0001928,STU009830,2025-12-01,Actively Searching,,,,
OUT0001929,STU009839,2024-08-23,Placed,Startup,413378.0,Sales Executive,Platform Job Board
OUT0001930,STU009840,2024-08-19,Placed,Startup,650567.0,Sales Executive,Direct Company Tie-up
OUT0001931,STU009848,2025-12-06,Not Placed,,,,
OUT0001932,STU009850,2025-10-29,Placed,Product Company,942773.0,Support Engineer,Platform Job Board
OUT0001933,STU009881,2024-12-08,Actively Searching,,,,
OUT0001934,STU009885,2025-07-14,Actively Searching,,,,
OUT0001935,STU009889,2025-06-03,Not Placed,,,,
OUT0001936,STU009892,2024-11-04,Actively Searching,,,,
OUT0001937,STU009899,2025-09-25,Placed,MNC/IT Services,483233.0,Software Engineer,Campus Drive
OUT0001938,STU009901,2025-06-02,Actively Searching,,,,
OUT0001939,STU009908,2024-11-21,Placed,MNC/IT Services,517033.0,Data Analyst,Campus Drive
OUT0001940,STU009912,2024-05-01,Actively Searching,,,,
OUT0001941,STU009917,2025-09-06,Not Placed,,,,
OUT0001942,STU009918,2025-06-30,Placed,MNC/IT Services,535784.0,Associate Consultant,Platform Job Board
OUT0001943,STU009921,2025-08-24,Actively Searching,,,,
OUT0001944,STU009926,2024-05-02,Placed,BFSI,565360.0,Support Engineer,Campus Drive
OUT0001945,STU009928,2024-07-26,Actively Searching,,,,
OUT0001946,STU009930,2024-12-21,Placed,Core Engineering,406167.0,Customer Success Associate,Direct Company Tie-up
OUT0001947,STU009940,2024-05-10,Actively Searching,,,,
OUT0001948,STU009951,2025-12-31,Placed,SME/Local Business,232731.0,Customer Success Associate,Platform Job Board
OUT0001949,STU009953,2024-05-22,Actively Searching,,,,
OUT0001950,STU009959,2025-03-29,Actively Searching,,,,
OUT0001951,STU009967,2024-07-09,Placed,BFSI,485978.0,Support Engineer,Campus Drive
OUT0001952,STU009974,2024-11-24,Placed,Startup,248053.0,Software Engineer,Platform Job Board
OUT0001953,STU009985,2025-03-21,Actively Searching,,,,
OUT0001954,STU009987,2025-10-10,Placed,MNC/IT Services,537181.0,Business Analyst,Platform Job Board
OUT0001955,STU009988,2025-12-31,Placed,Core Engineering,566467.0,Operations Executive,Platform Job Board
OUT0001956,STU009996,2025-12-11,Not Placed,,,,
OUT0001957,STU009997,2025-12-05,Actively Searching,,,,
OUT0001958,STU010000,2025-11-01,Placed,SME/Local Business,495544.0,Data Analyst,Campus Drive
OUT0001959,STU010015,2024-07-03,Placed,Startup,506996.0,Data Analyst,Platform Job Board
OUT0001960,STU010016,2024-11-20,Not Placed,,,,
OUT0001961,STU010025,2025-03-31,Actively Searching,,,,
OUT0001962,STU010035,2025-12-31,Placed,Core Engineering,587454.0,Business Analyst,Referral
OUT0001963,STU010063,2025-11-07,Not Placed,,,,
OUT0001964,STU010074,2025-11-26,Placed,BFSI,784162.0,Software Engineer,Campus Drive
OUT0001965,STU010077,2024-12-20,Not Placed,,,,
OUT0001966,STU010078,2024-05-04,Placed,Startup,382596.0,Data Analyst,Platform Job Board
OUT0001967,STU010082,2025-01-20,Not Placed,,,,
OUT0001968,STU010083,2025-07-18,Actively Searching,,,,
OUT0001969,STU010084,2024-09-28,Not Placed,,,,
OUT0001970,STU010095,2025-07-22,Actively Searching,,,,
OUT0001971,STU010101,2024-12-24,Actively Searching,,,,
OUT0001972,STU010106,2025-09-28,Placed,MNC/IT Services,584270.0,Business Analyst,Campus Drive
OUT0001973,STU010114,2025-03-14,Actively Searching,,,,
OUT0001974,STU010117,2025-11-24,Placed,Core Engineering,376125.0,Trainee Engineer,Platform Job Board
OUT0001975,STU010120,2024-07-11,Not Placed,,,,
OUT0001976,STU010135,2025-10-01,Actively Searching,,,,
OUT0001977,STU010145,2025-08-08,Placed,Startup,392578.0,Business Analyst,Platform Job Board
OUT0001978,STU010146,2025-11-07,Actively Searching,,,,
OUT0001979,STU010148,2025-03-03,Placed,SME/Local Business,216015.0,Operations Executive,Direct Company Tie-up
OUT0001980,STU010149,2024-12-28,Placed,BFSI,416075.0,Operations Executive,Referral
OUT0001981,STU010160,2025-06-08,Not Placed,,,,
OUT0001982,STU010164,2025-05-30,Not Placed,,,,
OUT0001983,STU010169,2025-08-18,Not Placed,,,,
OUT0001984,STU010171,2025-03-23,Placed,Core Engineering,450650.0,Support Engineer,Referral
OUT0001985,STU010181,2025-10-05,Placed,Core Engineering,517030.0,Trainee Engineer,Campus Drive
OUT0001986,STU010183,2025-10-15,Placed,SME/Local Business,430947.0,UI/UX Designer,Direct Company Tie-up
OUT0001987,STU010192,2024-10-17,Not Placed,,,,
OUT0001988,STU010193,2024-06-24,Placed,MNC/IT Services,394108.0,Associate Consultant,Platform Job Board
OUT0001989,STU010199,2024-11-30,Actively Searching,,,,
OUT0001990,STU010203,2025-04-25,Placed,SME/Local Business,444583.0,UI/UX Designer,Platform Job Board
OUT0001991,STU010204,2025-09-13,Actively Searching,,,,
OUT0001992,STU010205,2025-10-29,Actively Searching,,,,
OUT0001993,STU010222,2025-08-29,Placed,SME/Local Business,376160.0,UI/UX Designer,Platform Job Board
OUT0001994,STU010226,2024-10-19,Actively Searching,,,,
OUT0001995,STU010234,2025-10-21,Actively Searching,,,,
OUT0001996,STU010246,2025-05-25,Actively Searching,,,,
OUT0001997,STU010247,2025-05-22,Placed,SME/Local Business,471528.0,Data Analyst,Platform Job Board
OUT0001998,STU010250,2025-12-02,Not Placed,,,,
OUT0001999,STU010251,2024-10-25,Placed,BFSI,540769.0,Support Engineer,Platform Job Board
OUT0002000,STU010252,2025-06-05,Actively Searching,,,,
OUT0002001,STU010253,2024-08-19,Not Placed,,,,
OUT0002002,STU010254,2025-05-18,Actively Searching,,,,
OUT0002003,STU010256,2024-06-08,Placed,Startup,620856.0,Business Analyst,Campus Drive
OUT0002004,STU010261,2025-10-11,Placed,MNC/IT Services,588513.0,Support Engineer,Campus Drive
OUT0002005,STU010262,2025-03-09,Actively Searching,,,,
OUT0002006,STU010265,2024-04-13,Not Placed,,,,
OUT0002007,STU010268,2024-09-09,Placed,Startup,584411.0,Software Engineer,Campus Drive
OUT0002008,STU010276,2025-05-04,Actively Searching,,,,
OUT0002009,STU010284,2025-12-02,Not Placed,,,,
OUT0002010,STU010290,2025-12-31,Not Placed,,,,
OUT0002011,STU010291,2025-09-20,Not Placed,,,,
OUT0002012,STU010295,2025-01-09,Placed,MNC/IT Services,774132.0,UI/UX Designer,Direct Company Tie-up
OUT0002013,STU010296,2025-01-25,Not Placed,,,,
OUT0002014,STU010299,2024-12-23,Placed,MNC/IT Services,339734.0,Support Engineer,Referral
OUT0002015,STU010303,2025-05-17,Placed,SME/Local Business,207989.0,UI/UX Designer,Platform Job Board
OUT0002016,STU010304,2025-07-17,Actively Searching,,,,
OUT0002017,STU010309,2024-10-20,Placed,MNC/IT Services,566720.0,Trainee Engineer,Platform Job Board
OUT0002018,STU010317,2024-10-17,Placed,Startup,404360.0,Business Analyst,Campus Drive
OUT0002019,STU010326,2025-02-27,Actively Searching,,,,
OUT0002020,STU010327,2025-12-13,Placed,Startup,412524.0,Sales Executive,Platform Job Board
OUT0002021,STU010332,2024-10-17,Placed,Core Engineering,503325.0,UI/UX Designer,Platform Job Board
OUT0002022,STU010334,2025-09-09,Placed,MNC/IT Services,482722.0,Business Analyst,Direct Company Tie-up
OUT0002023,STU010336,2024-12-11,Placed,Startup,466130.0,Software Engineer,Direct Company Tie-up
OUT0002024,STU010342,2025-12-31,Not Placed,,,,
OUT0002025,STU010343,2025-12-22,Not Placed,,,,
OUT0002026,STU010346,2024-07-17,Not Placed,,,,
OUT0002027,STU010349,2024-07-06,Placed,MNC/IT Services,702800.0,Operations Executive,Direct Company Tie-up
OUT0002028,STU010354,2025-04-06,Placed,SME/Local Business,462689.0,Operations Executive,Platform Job Board
OUT0002029,STU010366,2025-08-17,Placed,BFSI,559767.0,Support Engineer,Referral
OUT0002030,STU010370,2025-10-07,Placed,Product Company,714510.0,Sales Executive,Platform Job Board
OUT0002031,STU010372,2025-07-02,Placed,BFSI,778104.0,Customer Success Associate,Direct Company Tie-up
OUT0002032,STU010374,2024-10-30,Placed,BFSI,672362.0,Business Analyst,Direct Company Tie-up
OUT0002033,STU010377,2025-08-24,Placed,Core Engineering,460100.0,Digital Marketing Executive,Campus Drive
OUT0002034,STU010385,2024-12-26,Not Placed,,,,
OUT0002035,STU010391,2025-03-30,Placed,Core Engineering,458343.0,Sales Executive,Referral
OUT0002036,STU010397,2025-11-08,Actively Searching,,,,
OUT0002037,STU010411,2025-12-31,Actively Searching,,,,
OUT0002038,STU010412,2024-12-18,Not Placed,,,,
OUT0002039,STU010417,2025-02-08,Placed,BFSI,394653.0,UI/UX Designer,Campus Drive
OUT0002040,STU010418,2025-05-27,Placed,MNC/IT Services,610838.0,Operations Executive,Referral
OUT0002041,STU010420,2025-11-14,Actively Searching,,,,
OUT0002042,STU010421,2025-12-18,Actively Searching,,,,
OUT0002043,STU010425,2024-12-22,Not Placed,,,,
OUT0002044,STU010434,2025-04-17,Not Placed,,,,
OUT0002045,STU010440,2024-12-25,Not Placed,,,,
OUT0002046,STU010446,2025-08-16,Actively Searching,,,,
OUT0002047,STU010449,2024-06-21,Actively Searching,,,,
OUT0002048,STU010473,2025-04-08,Actively Searching,,,,
OUT0002049,STU010477,2025-07-18,Actively Searching,,,,
OUT0002050,STU010494,2025-10-07,Placed,MNC/IT Services,587618.0,Operations Executive,Platform Job Board
OUT0002051,STU010496,2025-07-20,Actively Searching,,,,
OUT0002052,STU010501,2024-12-08,Placed,SME/Local Business,303496.0,Support Engineer,Campus Drive
OUT0002053,STU010503,2024-09-27,Placed,SME/Local Business,341002.0,Digital Marketing Executive,Campus Drive
OUT0002054,STU010507,2025-07-07,Placed,Product Company,1328649.0,Support Engineer,Campus Drive
OUT0002055,STU010508,2024-12-13,Placed,Product Company,1434376.0,Operations Executive,Direct Company Tie-up
OUT0002056,STU010520,2024-11-07,Actively Searching,,,,
OUT0002057,STU010523,2025-02-15,Actively Searching,,,,
OUT0002058,STU010541,2024-09-08,Placed,SME/Local Business,254874.0,Customer Success Associate,Campus Drive
OUT0002059,STU010546,2025-09-21,Placed,Core Engineering,448262.0,Software Engineer,Platform Job Board
OUT0002060,STU010547,2025-08-10,Placed,MNC/IT Services,458864.0,Data Analyst,Platform Job Board
OUT0002061,STU010552,2024-07-04,Placed,MNC/IT Services,430783.0,Associate Consultant,Direct Company Tie-up
OUT0002062,STU010564,2024-08-28,Placed,Product Company,810992.0,Software Engineer,Direct Company Tie-up
OUT0002063,STU010565,2024-04-01,Not Placed,,,,
OUT0002064,STU010575,2025-07-07,Not Placed,,,,
OUT0002065,STU010576,2024-12-29,Placed,Startup,324639.0,Sales Executive,Platform Job Board
OUT0002066,STU010577,2024-11-08,Placed,Startup,591643.0,Software Engineer,Referral
OUT0002067,STU010583,2024-05-10,Placed,Core Engineering,501062.0,Business Analyst,Platform Job Board
OUT0002068,STU010584,2024-06-12,Placed,Startup,533188.0,Customer Success Associate,Direct Company Tie-up
OUT0002069,STU010600,2024-10-08,Placed,BFSI,403683.0,Support Engineer,Campus Drive
OUT0002070,STU010602,2025-08-14,Placed,Product Company,1046733.0,UI/UX Designer,Platform Job Board
OUT0002071,STU010605,2024-08-27,Placed,Startup,566090.0,Digital Marketing Executive,Campus Drive
OUT0002072,STU010614,2025-10-29,Placed,BFSI,350747.0,Software Engineer,Direct Company Tie-up
OUT0002073,STU010620,2024-11-07,Placed,Startup,420549.0,Trainee Engineer,Campus Drive
OUT0002074,STU010633,2025-08-02,Placed,BFSI,361515.0,Data Analyst,Direct Company Tie-up
OUT0002075,STU010634,2025-05-18,Actively Searching,,,,
OUT0002076,STU010636,2025-12-31,Not Placed,,,,
OUT0002077,STU010645,2025-12-31,Not Placed,,,,
OUT0002078,STU010656,2024-08-12,Actively Searching,,,,
OUT0002079,STU010661,2025-02-03,Not Placed,,,,
OUT0002080,STU010662,2025-10-08,Actively Searching,,,,
OUT0002081,STU010665,2025-07-28,Not Placed,,,,
OUT0002082,STU010667,2025-10-14,Placed,MNC/IT Services,360592.0,Operations Executive,Direct Company Tie-up
OUT0002083,STU010668,2025-01-20,Placed,Startup,533746.0,Sales Executive,Campus Drive
OUT0002084,STU010669,2025-04-17,Not Placed,,,,
OUT0002085,STU010676,2024-12-11,Placed,MNC/IT Services,806643.0,Operations Executive,Platform Job Board
OUT0002086,STU010680,2025-04-20,Placed,Startup,615875.0,Trainee Engineer,Campus Drive
OUT0002087,STU010693,2024-11-17,Placed,Startup,453928.0,Associate Consultant,Campus Drive
OUT0002088,STU010698,2025-01-23,Placed,Startup,474825.0,Operations Executive,Platform Job Board
OUT0002089,STU010700,2025-10-05,Not Placed,,,,
OUT0002090,STU010711,2025-10-30,Actively Searching,,,,
OUT0002091,STU010717,2025-11-09,Not Placed,,,,
OUT0002092,STU010720,2024-11-06,Placed,BFSI,401074.0,Data Analyst,Campus Drive
OUT0002093,STU010724,2024-11-28,Placed,Startup,716303.0,Sales Executive,Platform Job Board
OUT0002094,STU010740,2025-09-20,Placed,BFSI,769057.0,Operations Executive,Campus Drive
OUT0002095,STU010742,2025-11-02,Placed,MNC/IT Services,484623.0,Software Engineer,Direct Company Tie-up
OUT0002096,STU010747,2024-12-29,Placed,Core Engineering,469732.0,Digital Marketing Executive,Direct Company Tie-up
OUT0002097,STU010755,2025-08-22,Placed,MNC/IT Services,689812.0,Sales Executive,Platform Job Board
OUT0002098,STU010756,2025-07-31,Placed,Product Company,766686.0,Digital Marketing Executive,Platform Job Board
OUT0002099,STU010764,2025-09-15,Not Placed,,,,
OUT0002100,STU010768,2024-11-28,Placed,Startup,552528.0,Support Engineer,Platform Job Board
OUT0002101,STU010772,2025-09-12,Actively Searching,,,,
OUT0002102,STU010780,2025-02-10,Placed,Product Company,776400.0,Associate Consultant,Campus Drive
OUT0002103,STU010789,2025-11-03,Placed,Core Engineering,576363.0,Support Engineer,Campus Drive
OUT0002104,STU010790,2025-09-06,Placed,BFSI,458860.0,Operations Executive,Campus Drive
OUT0002105,STU010797,2025-07-31,Actively Searching,,,,
OUT0002106,STU010801,2025-07-09,Placed,MNC/IT Services,486180.0,Associate Consultant,Referral
OUT0002107,STU010803,2024-09-17,Not Placed,,,,
OUT0002108,STU010808,2025-01-15,Placed,Startup,357850.0,UI/UX Designer,Platform Job Board
OUT0002109,STU010813,2025-06-18,Not Placed,,,,
OUT0002110,STU010814,2024-09-15,Placed,MNC/IT Services,604942.0,Sales Executive,Direct Company Tie-up
OUT0002111,STU010817,2025-05-16,Placed,Startup,285804.0,Trainee Engineer,Platform Job Board
OUT0002112,STU010831,2025-03-12,Placed,MNC/IT Services,492960.0,Digital Marketing Executive,Platform Job Board
OUT0002113,STU010833,2024-07-26,Actively Searching,,,,
OUT0002114,STU010837,2024-04-10,Actively Searching,,,,
OUT0002115,STU010843,2024-06-22,Placed,BFSI,473886.0,Digital Marketing Executive,Campus Drive
OUT0002116,STU010848,2024-08-18,Actively Searching,,,,
OUT0002117,STU010854,2024-10-30,Placed,MNC/IT Services,490740.0,Sales Executive,Campus Drive
OUT0002118,STU010857,2025-09-26,Actively Searching,,,,
OUT0002119,STU010862,2025-05-06,Not Placed,,,,
OUT0002120,STU010866,2024-07-24,Placed,BFSI,481522.0,Customer Success Associate,Platform Job Board
OUT0002121,STU010868,2024-08-31,Placed,Core Engineering,320180.0,Sales Executive,Direct Company Tie-up
OUT0002122,STU010869,2025-05-31,Not Placed,,,,
OUT0002123,STU010870,2024-06-24,Placed,Core Engineering,462851.0,Support Engineer,Platform Job Board
OUT0002124,STU010874,2025-12-01,Placed,BFSI,575796.0,Business Analyst,Platform Job Board
OUT0002125,STU010884,2025-09-24,Actively Searching,,,,
OUT0002126,STU010886,2025-12-31,Placed,Product Company,1028374.0,UI/UX Designer,Platform Job Board
OUT0002127,STU010892,2025-02-17,Placed,MNC/IT Services,626310.0,Customer Success Associate,Referral
OUT0002128,STU010896,2025-02-11,Placed,MNC/IT Services,735900.0,Trainee Engineer,Platform Job Board
OUT0002129,STU010910,2024-09-28,Placed,Product Company,1407467.0,Support Engineer,Campus Drive
OUT0002130,STU010912,2025-09-01,Placed,Product Company,597172.0,Sales Executive,Direct Company Tie-up
OUT0002131,STU010916,2024-09-08,Placed,Startup,451691.0,Operations Executive,Platform Job Board
OUT0002132,STU010920,2025-06-28,Not Placed,,,,
OUT0002133,STU010933,2024-05-06,Not Placed,,,,
OUT0002134,STU010934,2024-10-08,Placed,SME/Local Business,358202.0,Sales Executive,Direct Company Tie-up
OUT0002135,STU010936,2025-09-06,Not Placed,,,,
OUT0002136,STU010938,2025-01-27,Actively Searching,,,,
OUT0002137,STU010944,2024-11-06,Placed,Startup,540968.0,Sales Executive,Campus Drive
OUT0002138,STU010945,2025-12-31,Placed,Product Company,890601.0,Digital Marketing Executive,Direct Company Tie-up
OUT0002139,STU010948,2025-10-26,Placed,SME/Local Business,287251.0,Trainee Engineer,Platform Job Board
OUT0002140,STU010949,2025-12-31,Not Placed,,,,
OUT0002141,STU010961,2025-09-26,Placed,Product Company,1038608.0,Digital Marketing Executive,Referral
OUT0002142,STU010963,2025-12-12,Actively Searching,,,,
OUT0002143,STU010988,2024-10-07,Actively Searching,,,,
OUT0002144,STU010990,2024-07-01,Placed,Core Engineering,301228.0,Software Engineer,Campus Drive
OUT0002145,STU010995,2024-11-23,Not Placed,,,,
OUT0002146,STU010997,2025-04-23,Not Placed,,,,
OUT0002147,STU010999,2025-06-11,Actively Searching,,,,
OUT0002148,STU011000,2024-11-29,Actively Searching,,,,
OUT0002149,STU011009,2025-04-03,Not Placed,,,,
OUT0002150,STU011020,2024-09-07,Actively Searching,,,,
OUT0002151,STU011021,2025-10-17,Not Placed,,,,
OUT0002152,STU011028,2025-01-13,Placed,BFSI,492542.0,Associate Consultant,Direct Company Tie-up
OUT0002153,STU011036,2024-12-29,Placed,MNC/IT Services,605801.0,Sales Executive,Platform Job Board
OUT0002154,STU011039,2024-10-14,Actively Searching,,,,
OUT0002155,STU011040,2025-03-09,Placed,Product Company,649841.0,Digital Marketing Executive,Referral
OUT0002156,STU011042,2025-03-23,Placed,Startup,371687.0,Trainee Engineer,Referral
OUT0002157,STU011047,2025-06-19,Actively Searching,,,,
OUT0002158,STU011053,2025-08-30,Placed,Startup,435729.0,Operations Executive,Campus Drive
OUT0002159,STU011054,2025-10-10,Actively Searching,,,,
OUT0002160,STU011063,2024-07-24,Actively Searching,,,,
OUT0002161,STU011069,2025-11-24,Placed,Core Engineering,490890.0,Sales Executive,Platform Job Board
OUT0002162,STU011077,2024-12-12,Placed,Startup,423268.0,Data Analyst,Campus Drive
OUT0002163,STU011084,2025-05-26,Placed,MNC/IT Services,601116.0,Customer Success Associate,Campus Drive
OUT0002164,STU011086,2025-10-15,Not Placed,,,,
OUT0002165,STU011094,2025-12-31,Placed,MNC/IT Services,484145.0,Trainee Engineer,Platform Job Board
OUT0002166,STU011096,2025-10-03,Placed,SME/Local Business,381546.0,Software Engineer,Campus Drive
OUT0002167,STU011099,2025-06-14,Placed,MNC/IT Services,728793.0,Support Engineer,Campus Drive
OUT0002168,STU011107,2024-08-13,Placed,SME/Local Business,253678.0,Operations Executive,Direct Company Tie-up
OUT0002169,STU011118,2024-11-02,Placed,SME/Local Business,388025.0,Associate Consultant,Referral
OUT0002170,STU011124,2025-02-25,Actively Searching,,,,
OUT0002171,STU011125,2025-04-12,Not Placed,,,,
OUT0002172,STU011130,2025-03-28,Not Placed,,,,
OUT0002173,STU011136,2025-05-10,Placed,MNC/IT Services,288524.0,Customer Success Associate,Campus Drive
OUT0002174,STU011138,2025-04-07,Not Placed,,,,
OUT0002175,STU011141,2025-09-01,Placed,MNC/IT Services,515876.0,Operations Executive,Direct Company Tie-up
OUT0002176,STU011154,2024-09-08,Placed,SME/Local Business,225444.0,Associate Consultant,Platform Job Board
OUT0002177,STU011156,2024-10-29,Placed,Product Company,972984.0,Trainee Engineer,Platform Job Board
OUT0002178,STU011160,2025-01-08,Placed,MNC/IT Services,534244.0,Operations Executive,Direct Company Tie-up
OUT0002179,STU011161,2025-08-18,Actively Searching,,,,
OUT0002180,STU011168,2025-05-04,Actively Searching,,,,
OUT0002181,STU011173,2024-10-08,Placed,SME/Local Business,277433.0,Operations Executive,Campus Drive
OUT0002182,STU011178,2025-02-02,Not Placed,,,,
OUT0002183,STU011192,2024-12-03,Placed,Startup,606440.0,Business Analyst,Campus Drive
OUT0002184,STU011195,2025-04-15,Placed,Product Company,570143.0,Sales Executive,Direct Company Tie-up
OUT0002185,STU011200,2025-11-24,Actively Searching,,,,
OUT0002186,STU011209,2025-09-07,Placed,Startup,362653.0,Operations Executive,Platform Job Board
OUT0002187,STU011210,2025-05-29,Placed,Startup,739000.0,Customer Success Associate,Referral
OUT0002188,STU011211,2024-08-02,Actively Searching,,,,
OUT0002189,STU011212,2025-08-24,Placed,Startup,423819.0,Sales Executive,Direct Company Tie-up
OUT0002190,STU011217,2025-09-05,Actively Searching,,,,
OUT0002191,STU011231,2024-05-14,Placed,MNC/IT Services,370133.0,Customer Success Associate,Platform Job Board
OUT0002192,STU011237,2025-12-17,Actively Searching,,,,
OUT0002193,STU011246,2025-06-10,Placed,MNC/IT Services,538322.0,UI/UX Designer,Platform Job Board
OUT0002194,STU011250,2025-09-06,Placed,SME/Local Business,507154.0,Trainee Engineer,Platform Job Board
OUT0002195,STU011271,2024-09-03,Placed,Core Engineering,571518.0,Sales Executive,Campus Drive
OUT0002196,STU011276,2024-11-13,Placed,MNC/IT Services,590913.0,Trainee Engineer,Direct Company Tie-up
OUT0002197,STU011277,2025-12-06,Placed,MNC/IT Services,590994.0,Sales Executive,Platform Job Board
OUT0002198,STU011286,2025-07-20,Not Placed,,,,
OUT0002199,STU011287,2024-03-18,Placed,MNC/IT Services,591970.0,Customer Success Associate,Platform Job Board
OUT0002200,STU011289,2025-01-02,Not Placed,,,,
OUT0002201,STU011293,2025-02-13,Actively Searching,,,,
OUT0002202,STU011295,2025-07-10,Placed,MNC/IT Services,850206.0,Operations Executive,Direct Company Tie-up
OUT0002203,STU011298,2024-12-31,Not Placed,,,,
OUT0002204,STU011304,2025-03-26,Placed,SME/Local Business,312360.0,Associate Consultant,Platform Job Board
OUT0002205,STU011308,2025-03-02,Not Placed,,,,
OUT0002206,STU011309,2024-07-12,Placed,BFSI,465176.0,UI/UX Designer,Platform Job Board
OUT0002207,STU011326,2024-12-20,Not Placed,,,,
OUT0002208,STU011328,2025-01-10,Placed,SME/Local Business,478898.0,Customer Success Associate,Campus Drive
OUT0002209,STU011329,2024-12-17,Placed,MNC/IT Services,529294.0,Data Analyst,Direct Company Tie-up
OUT0002210,STU011334,2025-03-04,Not Placed,,,,
OUT0002211,STU011336,2025-03-28,Actively Searching,,,,
OUT0002212,STU011337,2024-11-18,Actively Searching,,,,
OUT0002213,STU011339,2024-09-09,Placed,SME/Local Business,330471.0,Associate Consultant,Campus Drive
OUT0002214,STU011342,2025-07-10,Placed,BFSI,484590.0,Trainee Engineer,Referral
OUT0002215,STU011345,2024-12-21,Actively Searching,,,,
OUT0002216,STU011347,2025-12-31,Actively Searching,,,,
OUT0002217,STU011348,2024-06-13,Placed,Core Engineering,366580.0,Customer Success Associate,Platform Job Board
OUT0002218,STU011349,2024-09-04,Placed,Startup,527125.0,Support Engineer,Platform Job Board
OUT0002219,STU011355,2024-07-10,Placed,SME/Local Business,211822.0,Software Engineer,Platform Job Board
OUT0002220,STU011363,2024-09-22,Not Placed,,,,
OUT0002221,STU011365,2024-10-23,Placed,Core Engineering,439688.0,Sales Executive,Direct Company Tie-up
OUT0002222,STU011368,2025-12-31,Not Placed,,,,
OUT0002223,STU011371,2025-11-15,Placed,Product Company,837039.0,Software Engineer,Platform Job Board
OUT0002224,STU011372,2025-06-08,Not Placed,,,,
OUT0002225,STU011378,2024-06-08,Actively Searching,,,,
OUT0002226,STU011380,2024-10-31,Actively Searching,,,,
OUT0002227,STU011389,2025-08-30,Placed,Core Engineering,571277.0,Associate Consultant,Platform Job Board
OUT0002228,STU011394,2025-01-26,Placed,BFSI,384881.0,Data Analyst,Direct Company Tie-up
OUT0002229,STU011395,2025-12-01,Placed,BFSI,414037.0,UI/UX Designer,Campus Drive
OUT0002230,STU011401,2025-02-19,Placed,SME/Local Business,257576.0,Digital Marketing Executive,Direct Company Tie-up
OUT0002231,STU011403,2025-04-22,Placed,MNC/IT Services,625033.0,Sales Executive,Campus Drive
OUT0002232,STU011405,2025-01-03,Actively Searching,,,,
OUT0002233,STU011411,2025-03-26,Placed,MNC/IT Services,318072.0,Support Engineer,Campus Drive
OUT0002234,STU011414,2024-10-06,Not Placed,,,,
OUT0002235,STU011415,2024-12-30,Placed,SME/Local Business,356683.0,Trainee Engineer,Platform Job Board
OUT0002236,STU011418,2025-11-24,Actively Searching,,,,
OUT0002237,STU011420,2025-10-04,Placed,Product Company,962820.0,UI/UX Designer,Platform Job Board
OUT0002238,STU011425,2024-11-15,Placed,MNC/IT Services,477066.0,Software Engineer,Platform Job Board
OUT0002239,STU011426,2025-09-19,Placed,MNC/IT Services,603553.0,Software Engineer,Campus Drive
OUT0002240,STU011427,2024-08-13,Actively Searching,,,,
OUT0002241,STU011433,2025-07-27,Not Placed,,,,
OUT0002242,STU011437,2025-02-19,Placed,MNC/IT Services,591603.0,Digital Marketing Executive,Platform Job Board
OUT0002243,STU011445,2024-10-31,Placed,BFSI,732018.0,Operations Executive,Campus Drive
OUT0002244,STU011449,2025-10-08,Not Placed,,,,
OUT0002245,STU011455,2024-09-05,Placed,Startup,337345.0,Operations Executive,Direct Company Tie-up
OUT0002246,STU011461,2025-01-03,Placed,Core Engineering,347902.0,UI/UX Designer,Direct Company Tie-up
OUT0002247,STU011470,2025-02-07,Placed,MNC/IT Services,684261.0,Operations Executive,Platform Job Board
OUT0002248,STU011472,2024-09-02,Placed,MNC/IT Services,628088.0,Support Engineer,Campus Drive
OUT0002249,STU011477,2025-12-05,Placed,Startup,684595.0,Trainee Engineer,Campus Drive
OUT0002250,STU011479,2025-10-06,Placed,SME/Local Business,343361.0,Associate Consultant,Direct Company Tie-up
OUT0002251,STU011481,2025-05-19,Placed,Product Company,527259.0,Associate Consultant,Campus Drive
OUT0002252,STU011483,2025-05-28,Actively Searching,,,,
OUT0002253,STU011487,2025-04-18,Actively Searching,,,,
OUT0002254,STU011497,2025-10-13,Placed,MNC/IT Services,472147.0,Software Engineer,Platform Job Board
OUT0002255,STU011505,2025-01-03,Placed,Core Engineering,400870.0,Data Analyst,Platform Job Board
OUT0002256,STU011521,2025-06-30,Placed,Startup,496488.0,Trainee Engineer,Platform Job Board
OUT0002257,STU011523,2025-10-01,Placed,SME/Local Business,512695.0,UI/UX Designer,Campus Drive
OUT0002258,STU011525,2024-09-12,Actively Searching,,,,
OUT0002259,STU011527,2024-12-22,Not Placed,,,,
OUT0002260,STU011550,2024-07-24,Not Placed,,,,
OUT0002261,STU011553,2025-11-20,Placed,MNC/IT Services,458285.0,Operations Executive,Referral
OUT0002262,STU011561,2025-09-24,Placed,MNC/IT Services,536171.0,Operations Executive,Referral
OUT0002263,STU011570,2025-05-20,Actively Searching,,,,
OUT0002264,STU011578,2025-11-07,Not Placed,,,,
OUT0002265,STU011585,2025-02-07,Actively Searching,,,,
OUT0002266,STU011589,2024-08-17,Actively Searching,,,,
OUT0002267,STU011595,2025-09-08,Placed,Core Engineering,428913.0,Business Analyst,Campus Drive
OUT0002268,STU011598,2025-05-19,Placed,MNC/IT Services,537955.0,Digital Marketing Executive,Campus Drive
OUT0002269,STU011599,2024-10-05,Placed,MNC/IT Services,520385.0,Software Engineer,Campus Drive
OUT0002270,STU011600,2024-11-29,Placed,MNC/IT Services,468126.0,Associate Consultant,Platform Job Board
OUT0002271,STU011602,2025-09-27,Actively Searching,,,,
OUT0002272,STU011612,2025-07-30,Placed,Startup,589476.0,Business Analyst,Platform Job Board
OUT0002273,STU011614,2024-12-02,Actively Searching,,,,
OUT0002274,STU011618,2025-06-05,Actively Searching,,,,
OUT0002275,STU011626,2024-10-23,Placed,MNC/IT Services,621359.0,Software Engineer,Campus Drive
OUT0002276,STU011632,2025-12-31,Actively Searching,,,,
OUT0002277,STU011634,2025-06-06,Actively Searching,,,,
OUT0002278,STU011653,2025-10-15,Actively Searching,,,,
OUT0002279,STU011656,2024-09-14,Actively Searching,,,,
OUT0002280,STU011657,2024-11-02,Placed,Startup,470110.0,Sales Executive,Direct Company Tie-up
OUT0002281,STU011672,2025-08-26,Placed,Startup,573562.0,Business Analyst,Platform Job Board
OUT0002282,STU011676,2025-10-12,Actively Searching,,,,
OUT0002283,STU011683,2025-11-16,Placed,Startup,490993.0,Digital Marketing Executive,Direct Company Tie-up
OUT0002284,STU011685,2024-11-18,Actively Searching,,,,
OUT0002285,STU011697,2025-10-17,Not Placed,,,,
OUT0002286,STU011703,2024-09-26,Placed,MNC/IT Services,508595.0,Sales Executive,Referral
OUT0002287,STU011704,2025-02-09,Placed,MNC/IT Services,465617.0,Associate Consultant,Campus Drive
OUT0002288,STU011709,2025-10-13,Not Placed,,,,
OUT0002289,STU011711,2025-02-20,Placed,Product Company,1226285.0,Associate Consultant,Referral
OUT0002290,STU011712,2025-07-06,Placed,MNC/IT Services,604131.0,Customer Success Associate,Platform Job Board
OUT0002291,STU011716,2024-11-21,Not Placed,,,,
OUT0002292,STU011719,2024-09-21,Actively Searching,,,,
OUT0002293,STU011721,2025-12-31,Actively Searching,,,,
OUT0002294,STU011733,2025-05-25,Placed,SME/Local Business,248735.0,Digital Marketing Executive,Direct Company Tie-up
OUT0002295,STU011737,2024-11-09,Actively Searching,,,,
OUT0002296,STU011754,2025-12-31,Placed,SME/Local Business,307328.0,Business Analyst,Direct Company Tie-up
OUT0002297,STU011757,2024-05-20,Actively Searching,,,,
OUT0002298,STU011774,2025-10-11,Not Placed,,,,
OUT0002299,STU011782,2025-08-30,Placed,Startup,378194.0,Business Analyst,Direct Company Tie-up
OUT0002300,STU011786,2025-11-11,Placed,SME/Local Business,366229.0,Operations Executive,Direct Company Tie-up
OUT0002301,STU011789,2025-01-16,Not Placed,,,,
OUT0002302,STU011793,2025-05-05,Placed,Startup,362792.0,Data Analyst,Platform Job Board
OUT0002303,STU011802,2024-08-26,Actively Searching,,,,
OUT0002304,STU011803,2024-06-24,Placed,Product Company,1067256.0,Support Engineer,Platform Job Board
OUT0002305,STU011806,2025-06-30,Placed,MNC/IT Services,635215.0,Customer Success Associate,Campus Drive
OUT0002306,STU011820,2024-12-14,Placed,Startup,560573.0,Sales Executive,Platform Job Board
OUT0002307,STU011839,2025-06-26,Placed,MNC/IT Services,812282.0,Support Engineer,Direct Company Tie-up
OUT0002308,STU011848,2024-08-11,Placed,MNC/IT Services,380897.0,Operations Executive,Platform Job Board
OUT0002309,STU011850,2024-06-06,Placed,MNC/IT Services,516250.0,Business Analyst,Platform Job Board
OUT0002310,STU011852,2025-05-04,Not Placed,,,,
OUT0002311,STU011857,2024-10-10,Actively Searching,,,,
OUT0002312,STU011862,2024-08-12,Actively Searching,,,,
OUT0002313,STU011863,2024-10-20,Actively Searching,,,,
OUT0002314,STU011864,2025-12-08,Actively Searching,,,,
OUT0002315,STU011866,2025-10-09,Placed,Startup,592345.0,Operations Executive,Campus Drive
OUT0002316,STU011871,2025-06-22,Actively Searching,,,,
OUT0002317,STU011872,2024-03-20,Placed,SME/Local Business,293328.0,UI/UX Designer,Direct Company Tie-up
OUT0002318,STU011873,2024-09-19,Placed,SME/Local Business,299750.0,Data Analyst,Platform Job Board
OUT0002319,STU011877,2024-08-28,Placed,Core Engineering,451905.0,Operations Executive,Referral
OUT0002320,STU011884,2025-01-01,Placed,MNC/IT Services,444937.0,UI/UX Designer,Platform Job Board
OUT0002321,STU011893,2025-08-02,Placed,Startup,586826.0,Data Analyst,Platform Job Board
OUT0002322,STU011905,2024-08-23,Actively Searching,,,,
OUT0002323,STU011924,2025-12-31,Placed,MNC/IT Services,481104.0,Associate Consultant,Referral
OUT0002324,STU011926,2025-05-29,Placed,MNC/IT Services,355644.0,Operations Executive,Referral
OUT0002325,STU011934,2025-12-31,Actively Searching,,,,
OUT0002326,STU011936,2024-08-01,Not Placed,,,,
OUT0002327,STU011938,2024-10-30,Placed,Startup,269287.0,Software Engineer,Direct Company Tie-up
OUT0002328,STU011942,2024-05-21,Not Placed,,,,
OUT0002329,STU011947,2025-04-15,Actively Searching,,,,
OUT0002330,STU011952,2025-04-08,Actively Searching,,,,
OUT0002331,STU011953,2024-07-25,Placed,MNC/IT Services,599486.0,UI/UX Designer,Direct Company Tie-up
OUT0002332,STU011960,2024-10-29,Not Placed,,,,
OUT0002333,STU011968,2025-10-31,Placed,BFSI,733521.0,Software Engineer,Campus Drive
OUT0002334,STU011974,2025-12-31,Placed,Product Company,618107.0,Support Engineer,Platform Job Board
OUT0002335,STU011978,2025-09-20,Placed,SME/Local Business,423539.0,Trainee Engineer,Campus Drive
OUT0002336,STU011993,2025-09-27,Actively Searching,,,,
OUT0002337,STU011997,2025-01-16,Placed,Core Engineering,335041.0,Software Engineer,Campus Drive
OUT0002338,STU012008,2025-08-05,Not Placed,,,,
OUT0002339,STU012009,2025-02-09,Placed,SME/Local Business,360810.0,Customer Success Associate,Platform Job Board
OUT0002340,STU012011,2025-05-29,Placed,MNC/IT Services,681662.0,Business Analyst,Referral
OUT0002341,STU012013,2025-11-27,Placed,Product Company,732345.0,Business Analyst,Platform Job Board
OUT0002342,STU012016,2025-10-12,Placed,Startup,442822.0,Data Analyst,Platform Job Board
OUT0002343,STU012022,2025-01-10,Not Placed,,,,
OUT0002344,STU012027,2025-08-17,Actively Searching,,,,
OUT0002345,STU012032,2025-07-20,Actively Searching,,,,
OUT0002346,STU012036,2024-12-16,Not Placed,,,,
OUT0002347,STU012039,2024-12-17,Placed,Startup,314945.0,Software Engineer,Platform Job Board
OUT0002348,STU012040,2024-09-21,Actively Searching,,,,
OUT0002349,STU012045,2025-11-25,Actively Searching,,,,
OUT0002350,STU012046,2025-10-31,Placed,Startup,735605.0,Associate Consultant,Campus Drive
OUT0002351,STU012053,2025-05-11,Not Placed,,,,
OUT0002352,STU012070,2024-07-24,Actively Searching,,,,
OUT0002353,STU012072,2024-10-23,Actively Searching,,,,
OUT0002354,STU012075,2025-02-21,Placed,Startup,463680.0,UI/UX Designer,Direct Company Tie-up
OUT0002355,STU012084,2024-05-19,Placed,Product Company,753222.0,UI/UX Designer,Campus Drive
OUT0002356,STU012086,2024-05-26,Placed,Core Engineering,666439.0,Sales Executive,Campus Drive
OUT0002357,STU012092,2024-12-10,Placed,Startup,418881.0,UI/UX Designer,Campus Drive
OUT0002358,STU012093,2025-06-22,Placed,Product Company,931464.0,Associate Consultant,Platform Job Board
OUT0002359,STU012094,2024-11-27,Placed,Product Company,1226429.0,UI/UX Designer,Platform Job Board
OUT0002360,STU012098,2024-07-08,Placed,MNC/IT Services,489793.0,Digital Marketing Executive,Direct Company Tie-up
OUT0002361,STU012101,2024-07-17,Actively Searching,,,,
OUT0002362,STU012103,2025-11-14,Placed,Product Company,774298.0,UI/UX Designer,Platform Job Board
OUT0002363,STU012105,2025-02-18,Placed,MNC/IT Services,454981.0,Business Analyst,Campus Drive
OUT0002364,STU012106,2025-09-06,Placed,Core Engineering,387945.0,Operations Executive,Referral
OUT0002365,STU012110,2024-08-16,Placed,Core Engineering,498959.0,Sales Executive,Referral
OUT0002366,STU012111,2025-08-10,Placed,Startup,296147.0,Software Engineer,Direct Company Tie-up
OUT0002367,STU012125,2025-10-28,Actively Searching,,,,
OUT0002368,STU012134,2025-05-23,Placed,SME/Local Business,509004.0,Trainee Engineer,Platform Job Board
OUT0002369,STU012170,2024-04-15,Placed,MNC/IT Services,572006.0,Associate Consultant,Campus Drive
OUT0002370,STU012179,2025-04-30,Placed,MNC/IT Services,617360.0,Software Engineer,Campus Drive
OUT0002371,STU012183,2024-08-11,Placed,MNC/IT Services,434476.0,Customer Success Associate,Direct Company Tie-up
OUT0002372,STU012186,2025-12-05,Actively Searching,,,,
OUT0002373,STU012192,2025-12-31,Placed,MNC/IT Services,496566.0,UI/UX Designer,Campus Drive
OUT0002374,STU012195,2025-09-21,Actively Searching,,,,
OUT0002375,STU012213,2024-10-01,Placed,Startup,318797.0,Sales Executive,Platform Job Board
OUT0002376,STU012219,2025-12-14,Not Placed,,,,
OUT0002377,STU012230,2025-10-26,Not Placed,,,,
OUT0002378,STU012231,2025-01-15,Placed,BFSI,607311.0,Operations Executive,Campus Drive
OUT0002379,STU012235,2025-06-23,Not Placed,,,,
OUT0002380,STU012241,2024-07-23,Placed,Product Company,561040.0,Support Engineer,Campus Drive
OUT0002381,STU012244,2024-10-07,Placed,Core Engineering,495614.0,Support Engineer,Direct Company Tie-up
OUT0002382,STU012248,2024-08-29,Not Placed,,,,
OUT0002383,STU012249,2024-09-26,Not Placed,,,,
OUT0002384,STU012253,2025-04-11,Placed,SME/Local Business,276269.0,Operations Executive,Referral
OUT0002385,STU012254,2025-06-26,Actively Searching,,,,
OUT0002386,STU012257,2025-05-03,Placed,Startup,474334.0,Customer Success Associate,Platform Job Board
OUT0002387,STU012260,2024-08-09,Placed,Product Company,1342196.0,Digital Marketing Executive,Campus Drive
OUT0002388,STU012265,2024-12-17,Placed,MNC/IT Services,439464.0,UI/UX Designer,Platform Job Board
OUT0002389,STU012268,2025-02-01,Placed,SME/Local Business,496166.0,Data Analyst,Platform Job Board
OUT0002390,STU012269,2025-12-31,Placed,Core Engineering,508350.0,Associate Consultant,Campus Drive
OUT0002391,STU012279,2025-07-01,Actively Searching,,,,
OUT0002392,STU012283,2024-09-30,Placed,MNC/IT Services,424219.0,Customer Success Associate,Campus Drive
OUT0002393,STU012284,2024-10-30,Actively Searching,,,,
OUT0002394,STU012295,2024-06-30,Placed,BFSI,765349.0,Business Analyst,Campus Drive
OUT0002395,STU012296,2025-03-10,Placed,MNC/IT Services,600693.0,Sales Executive,Direct Company Tie-up
OUT0002396,STU012298,2025-12-31,Not Placed,,,,
OUT0002397,STU012307,2025-03-06,Placed,Startup,464477.0,Associate Consultant,Platform Job Board
OUT0002398,STU012312,2025-05-09,Actively Searching,,,,
OUT0002399,STU012315,2025-05-02,Placed,Startup,517459.0,Software Engineer,Direct Company Tie-up
OUT0002400,STU012325,2025-10-10,Placed,MNC/IT Services,359753.0,Associate Consultant,Referral
OUT0002401,STU012330,2025-02-03,Actively Searching,,,,
OUT0002402,STU012341,2025-06-22,Placed,MNC/IT Services,514269.0,Trainee Engineer,Platform Job Board
OUT0002403,STU012345,2025-04-20,Placed,SME/Local Business,338758.0,Digital Marketing Executive,Referral
OUT0002404,STU012347,2024-04-17,Placed,MNC/IT Services,564333.0,UI/UX Designer,Campus Drive
OUT0002405,STU012350,2025-10-19,Actively Searching,,,,
OUT0002406,STU012354,2024-05-25,Placed,SME/Local Business,338654.0,Software Engineer,Platform Job Board
OUT0002407,STU012356,2024-08-15,Placed,SME/Local Business,250112.0,Operations Executive,Direct Company Tie-up
OUT0002408,STU012364,2025-03-07,Placed,Startup,515851.0,Digital Marketing Executive,Campus Drive
OUT0002409,STU012369,2024-07-09,Placed,BFSI,514159.0,Sales Executive,Platform Job Board
OUT0002410,STU012375,2025-01-18,Actively Searching,,,,
OUT0002411,STU012376,2024-09-14,Actively Searching,,,,
OUT0002412,STU012379,2024-09-10,Placed,Core Engineering,393798.0,Sales Executive,Direct Company Tie-up
OUT0002413,STU012384,2025-12-31,Placed,BFSI,342000.0,Data Analyst,Platform Job Board
OUT0002414,STU012393,2024-10-17,Actively Searching,,,,
OUT0002415,STU012397,2024-07-23,Placed,SME/Local Business,236829.0,Digital Marketing Executive,Campus Drive
OUT0002416,STU012410,2025-02-21,Placed,Core Engineering,342472.0,Sales Executive,Platform Job Board
OUT0002417,STU012416,2024-10-23,Placed,Startup,496643.0,Sales Executive,Platform Job Board
OUT0002418,STU012424,2024-06-25,Placed,MNC/IT Services,371625.0,Business Analyst,Platform Job Board
OUT0002419,STU012428,2025-06-30,Placed,MNC/IT Services,513312.0,Software Engineer,Platform Job Board
OUT0002420,STU012440,2025-06-26,Not Placed,,,,
OUT0002421,STU012443,2025-04-30,Placed,BFSI,770780.0,Associate Consultant,Campus Drive
OUT0002422,STU012447,2025-10-26,Placed,SME/Local Business,277708.0,Operations Executive,Platform Job Board
OUT0002423,STU012458,2025-01-29,Actively Searching,,,,
OUT0002424,STU012468,2024-05-04,Placed,BFSI,482204.0,Software Engineer,Direct Company Tie-up
OUT0002425,STU012472,2024-08-11,Placed,Product Company,549229.0,Associate Consultant,Campus Drive
OUT0002426,STU012473,2025-06-26,Placed,SME/Local Business,412572.0,Support Engineer,Campus Drive
OUT0002427,STU012478,2025-06-19,Placed,Core Engineering,460984.0,Sales Executive,Platform Job Board
OUT0002428,STU012481,2025-04-10,Placed,Core Engineering,463140.0,Customer Success Associate,Platform Job Board
OUT0002429,STU012483,2025-12-06,Placed,MNC/IT Services,617188.0,Digital Marketing Executive,Campus Drive
OUT0002430,STU012492,2025-03-09,Placed,BFSI,557484.0,Business Analyst,Campus Drive
OUT0002431,STU012498,2025-03-02,Not Placed,,,,
OUT0002432,STU012503,2024-12-04,Placed,Startup,288898.0,Data Analyst,Platform Job Board
OUT0002433,STU012505,2025-04-29,Placed,BFSI,662657.0,Sales Executive,Platform Job Board
OUT0002434,STU012507,2025-06-24,Placed,MNC/IT Services,565395.0,Data Analyst,Platform Job Board
OUT0002435,STU012513,2025-04-21,Not Placed,,,,
OUT0002436,STU012515,2024-09-22,Placed,Product Company,819382.0,Customer Success Associate,Direct Company Tie-up
OUT0002437,STU012523,2025-02-04,Not Placed,,,,
OUT0002438,STU012530,2025-08-24,Actively Searching,,,,
OUT0002439,STU012532,2025-09-08,Placed,Product Company,1095910.0,Operations Executive,Referral
OUT0002440,STU012539,2025-01-16,Placed,Core Engineering,332212.0,Support Engineer,Direct Company Tie-up
OUT0002441,STU012541,2025-10-27,Placed,MNC/IT Services,423743.0,Software Engineer,Platform Job Board
OUT0002442,STU012542,2024-07-30,Placed,Startup,644169.0,Customer Success Associate,Direct Company Tie-up
OUT0002443,STU012544,2025-09-03,Placed,MNC/IT Services,870131.0,UI/UX Designer,Platform Job Board
OUT0002444,STU012554,2025-03-21,Placed,BFSI,712919.0,UI/UX Designer,Campus Drive
OUT0002445,STU012560,2024-08-17,Actively Searching,,,,
OUT0002446,STU012562,2024-04-28,Actively Searching,,,,
OUT0002447,STU012564,2025-06-09,Placed,Startup,643773.0,Customer Success Associate,Direct Company Tie-up
OUT0002448,STU012565,2025-08-21,Placed,MNC/IT Services,704870.0,Customer Success Associate,Platform Job Board
OUT0002449,STU012574,2025-10-13,Placed,BFSI,496556.0,Trainee Engineer,Referral
OUT0002450,STU012577,2025-07-30,Placed,Startup,504973.0,Data Analyst,Campus Drive
OUT0002451,STU012580,2025-08-12,Placed,SME/Local Business,322780.0,Digital Marketing Executive,Referral
OUT0002452,STU012582,2025-10-01,Placed,Startup,427812.0,Customer Success Associate,Campus Drive
OUT0002453,STU012602,2024-11-18,Actively Searching,,,,
OUT0002454,STU012612,2024-07-02,Actively Searching,,,,
OUT0002455,STU012616,2024-11-05,Actively Searching,,,,
OUT0002456,STU012619,2024-05-13,Placed,MNC/IT Services,417059.0,Trainee Engineer,Referral
OUT0002457,STU012620,2025-06-24,Placed,SME/Local Business,309477.0,Associate Consultant,Referral
OUT0002458,STU012621,2025-12-14,Actively Searching,,,,
OUT0002459,STU012622,2024-08-04,Not Placed,,,,
OUT0002460,STU012623,2025-07-24,Placed,MNC/IT Services,433613.0,Software Engineer,Platform Job Board
OUT0002461,STU012633,2025-12-31,Placed,Product Company,1222019.0,Customer Success Associate,Referral
OUT0002462,STU012636,2024-05-27,Placed,Startup,409635.0,Data Analyst,Platform Job Board
OUT0002463,STU012638,2024-07-31,Placed,SME/Local Business,249244.0,Sales Executive,Platform Job Board
OUT0002464,STU012639,2025-04-13,Placed,Core Engineering,667829.0,Associate Consultant,Campus Drive
OUT0002465,STU012648,2025-05-06,Placed,Product Company,927921.0,Associate Consultant,Platform Job Board
OUT0002466,STU012650,2025-11-05,Placed,MNC/IT Services,478493.0,UI/UX Designer,Platform Job Board
OUT0002467,STU012655,2025-04-03,Placed,MNC/IT Services,610415.0,Support Engineer,Campus Drive
OUT0002468,STU012662,2025-05-10,Placed,Startup,367068.0,Data Analyst,Referral
OUT0002469,STU012666,2024-04-27,Not Placed,,,,
OUT0002470,STU012667,2025-01-16,Placed,SME/Local Business,428858.0,Associate Consultant,Direct Company Tie-up
OUT0002471,STU012668,2025-12-26,Not Placed,,,,
OUT0002472,STU012675,2024-08-25,Placed,MNC/IT Services,646242.0,Support Engineer,Referral
OUT0002473,STU012676,2025-08-24,Placed,Core Engineering,461367.0,Digital Marketing Executive,Campus Drive
OUT0002474,STU012686,2024-10-27,Placed,Core Engineering,431393.0,Operations Executive,Campus Drive
OUT0002475,STU012690,2025-02-27,Placed,SME/Local Business,439176.0,Software Engineer,Campus Drive
OUT0002476,STU012693,2024-10-18,Placed,MNC/IT Services,289099.0,Customer Success Associate,Platform Job Board
OUT0002477,STU012697,2025-05-01,Placed,BFSI,504947.0,UI/UX Designer,Platform Job Board
OUT0002478,STU012701,2024-05-23,Actively Searching,,,,
OUT0002479,STU012702,2025-06-11,Placed,Startup,377162.0,Associate Consultant,Direct Company Tie-up
OUT0002480,STU012712,2025-05-23,Placed,Startup,689339.0,Customer Success Associate,Campus Drive
OUT0002481,STU012717,2025-10-25,Placed,MNC/IT Services,522264.0,Support Engineer,Platform Job Board
OUT0002482,STU012719,2025-09-09,Placed,MNC/IT Services,468247.0,Software Engineer,Platform Job Board
OUT0002483,STU012725,2024-08-21,Actively Searching,,,,
OUT0002484,STU012730,2025-01-25,Placed,BFSI,541361.0,Customer Success Associate,Campus Drive
OUT0002485,STU012731,2025-04-11,Placed,Startup,549280.0,Trainee Engineer,Platform Job Board
OUT0002486,STU012732,2025-02-18,Placed,Product Company,534067.0,UI/UX Designer,Platform Job Board
OUT0002487,STU012741,2025-01-11,Placed,BFSI,780772.0,UI/UX Designer,Referral
OUT0002488,STU012743,2025-12-22,Placed,BFSI,464699.0,Operations Executive,Referral
OUT0002489,STU012749,2025-05-06,Placed,BFSI,381316.0,Support Engineer,Platform Job Board
OUT0002490,STU012756,2025-11-04,Placed,Startup,424998.0,Associate Consultant,Campus Drive
OUT0002491,STU012757,2024-06-28,Actively Searching,,,,
OUT0002492,STU012765,2025-10-07,Placed,Startup,441519.0,Data Analyst,Campus Drive
OUT0002493,STU012779,2025-06-02,Actively Searching,,,,
OUT0002494,STU012781,2024-09-12,Placed,BFSI,638450.0,Support Engineer,Platform Job Board
OUT0002495,STU012784,2025-02-24,Placed,SME/Local Business,343835.0,Customer Success Associate,Platform Job Board
OUT0002496,STU012788,2025-11-19,Actively Searching,,,,
OUT0002497,STU012789,2025-06-24,Actively Searching,,,,
OUT0002498,STU012802,2025-10-16,Not Placed,,,,
OUT0002499,STU012807,2025-01-07,Placed,SME/Local Business,233534.0,Sales Executive,Platform Job Board
OUT0002500,STU012809,2025-11-04,Placed,MNC/IT Services,582149.0,Customer Success Associate,Direct Company Tie-up
OUT0002501,STU012810,2025-01-28,Not Placed,,,,
OUT0002502,STU012811,2025-09-13,Actively Searching,,,,
OUT0002503,STU012813,2025-08-21,Placed,MNC/IT Services,426954.0,Support Engineer,Platform Job Board
OUT0002504,STU012814,2025-06-16,Actively Searching,,,,
OUT0002505,STU012815,2024-09-15,Placed,Product Company,1034774.0,Data Analyst,Direct Company Tie-up
OUT0002506,STU012817,2024-07-05,Placed,BFSI,447684.0,Support Engineer,Platform Job Board
OUT0002507,STU012824,2025-01-14,Placed,Startup,439555.0,Business Analyst,Platform Job Board
OUT0002508,STU012837,2024-12-20,Not Placed,,,,
OUT0002509,STU012840,2024-04-17,Placed,MNC/IT Services,526037.0,Business Analyst,Referral
OUT0002510,STU012841,2025-11-13,Not Placed,,,,
OUT0002511,STU012842,2024-09-28,Not Placed,,,,
OUT0002512,STU012844,2025-01-24,Placed,BFSI,787061.0,Associate Consultant,Platform Job Board
OUT0002513,STU012847,2024-03-18,Placed,Startup,287276.0,Digital Marketing Executive,Campus Drive
OUT0002514,STU012849,2025-03-20,Actively Searching,,,,
OUT0002515,STU012851,2024-10-03,Placed,Startup,492078.0,Software Engineer,Campus Drive
OUT0002516,STU012854,2025-10-19,Actively Searching,,,,
OUT0002517,STU012861,2025-03-04,Placed,Product Company,582705.0,Data Analyst,Platform Job Board
OUT0002518,STU012867,2024-08-23,Actively Searching,,,,
OUT0002519,STU012876,2025-09-07,Actively Searching,,,,
OUT0002520,STU012884,2025-11-14,Placed,BFSI,460071.0,Support Engineer,Referral
OUT0002521,STU012892,2024-11-01,Actively Searching,,,,
OUT0002522,STU012899,2025-11-12,Actively Searching,,,,
OUT0002523,STU012903,2024-09-09,Placed,MNC/IT Services,459801.0,Customer Success Associate,Platform Job Board
OUT0002524,STU012905,2025-03-29,Actively Searching,,,,
OUT0002525,STU012911,2024-12-11,Placed,MNC/IT Services,647053.0,Data Analyst,Direct Company Tie-up
OUT0002526,STU012916,2025-12-31,Placed,Core Engineering,647078.0,Customer Success Associate,Campus Drive
OUT0002527,STU012918,2025-03-24,Placed,MNC/IT Services,364982.0,Operations Executive,Platform Job Board
OUT0002528,STU012919,2025-05-19,Actively Searching,,,,
OUT0002529,STU012933,2025-09-15,Placed,BFSI,733540.0,Software Engineer,Platform Job Board
OUT0002530,STU012937,2025-10-23,Placed,BFSI,451339.0,Associate Consultant,Direct Company Tie-up
OUT0002531,STU012951,2024-10-21,Placed,Core Engineering,679938.0,Data Analyst,Platform Job Board
OUT0002532,STU012964,2025-02-03,Placed,MNC/IT Services,585442.0,Data Analyst,Campus Drive
OUT0002533,STU012965,2025-01-23,Placed,BFSI,580846.0,Trainee Engineer,Campus Drive
OUT0002534,STU012967,2025-09-06,Actively Searching,,,,
OUT0002535,STU012985,2025-02-28,Placed,SME/Local Business,291011.0,Sales Executive,Direct Company Tie-up
OUT0002536,STU012992,2025-05-16,Actively Searching,,,,
OUT0002537,STU012996,2025-12-31,Placed,Core Engineering,361548.0,Support Engineer,Campus Drive
OUT0002538,STU012997,2025-12-31,Placed,Product Company,1390328.0,Associate Consultant,Referral
OUT0002539,STU012998,2025-02-27,Actively Searching,,,,
OUT0002540,STU012999,2025-01-27,Placed,Product Company,895233.0,Sales Executive,Direct Company Tie-up
OUT0002541,STU013001,2024-08-24,Not Placed,,,,
OUT0002542,STU013006,2024-04-02,Placed,MNC/IT Services,497619.0,Operations Executive,Campus Drive
OUT0002543,STU013010,2025-01-01,Not Placed,,,,
OUT0002544,STU013012,2025-10-28,Actively Searching,,,,
OUT0002545,STU013045,2024-03-29,Actively Searching,,,,
OUT0002546,STU013047,2025-03-13,Not Placed,,,,
OUT0002547,STU013050,2024-09-07,Actively Searching,,,,
OUT0002548,STU013051,2025-11-17,Placed,Startup,474308.0,Digital Marketing Executive,Campus Drive
OUT0002549,STU013053,2025-12-29,Placed,Startup,311365.0,UI/UX Designer,Platform Job Board
OUT0002550,STU013064,2025-12-31,Placed,SME/Local Business,334912.0,Sales Executive,Direct Company Tie-up
OUT0002551,STU013067,2024-11-23,Not Placed,,,,
OUT0002552,STU013076,2024-11-27,Placed,SME/Local Business,371030.0,Software Engineer,Referral
OUT0002553,STU013082,2025-02-04,Placed,MNC/IT Services,510212.0,Digital Marketing Executive,Campus Drive
OUT0002554,STU013089,2025-11-19,Actively Searching,,,,
OUT0002555,STU013093,2024-11-06,Not Placed,,,,
OUT0002556,STU013097,2025-04-21,Placed,MNC/IT Services,617687.0,Trainee Engineer,Platform Job Board
OUT0002557,STU013098,2024-08-12,Not Placed,,,,
OUT0002558,STU013115,2025-11-03,Placed,Product Company,719098.0,UI/UX Designer,Direct Company Tie-up
OUT0002559,STU013120,2024-12-03,Actively Searching,,,,
OUT0002560,STU013123,2025-12-31,Placed,Product Company,941478.0,Sales Executive,Referral
OUT0002561,STU013128,2025-09-13,Placed,Startup,477463.0,Business Analyst,Campus Drive
OUT0002562,STU013129,2024-12-14,Placed,Startup,347032.0,Associate Consultant,Campus Drive
OUT0002563,STU013137,2024-09-08,Actively Searching,,,,
OUT0002564,STU013155,2024-09-03,Actively Searching,,,,
OUT0002565,STU013157,2025-09-29,Placed,Startup,416712.0,Associate Consultant,Campus Drive
OUT0002566,STU013166,2024-05-06,Not Placed,,,,
OUT0002567,STU013168,2024-08-12,Actively Searching,,,,
OUT0002568,STU013179,2025-10-09,Placed,Startup,566431.0,Customer Success Associate,Direct Company Tie-up
OUT0002569,STU013181,2024-04-23,Not Placed,,,,
OUT0002570,STU013182,2024-08-24,Not Placed,,,,
OUT0002571,STU013191,2025-03-02,Actively Searching,,,,
OUT0002572,STU013198,2024-06-04,Placed,BFSI,496282.0,Software Engineer,Campus Drive
OUT0002573,STU013201,2025-04-26,Placed,SME/Local Business,290764.0,Customer Success Associate,Campus Drive
OUT0002574,STU013209,2025-01-20,Placed,Product Company,996633.0,Operations Executive,Platform Job Board
OUT0002575,STU013219,2025-11-23,Actively Searching,,,,
OUT0002576,STU013220,2025-12-21,Actively Searching,,,,
OUT0002577,STU013225,2025-04-24,Actively Searching,,,,
OUT0002578,STU013229,2025-02-05,Not Placed,,,,
OUT0002579,STU013233,2025-07-25,Placed,SME/Local Business,314414.0,Business Analyst,Platform Job Board
OUT0002580,STU013234,2025-06-07,Actively Searching,,,,
OUT0002581,STU013242,2025-11-14,Placed,Startup,343905.0,Support Engineer,Direct Company Tie-up
OUT0002582,STU013244,2024-07-28,Placed,SME/Local Business,397914.0,Data Analyst,Campus Drive
OUT0002583,STU013250,2025-09-07,Placed,MNC/IT Services,485142.0,Support Engineer,Platform Job Board
OUT0002584,STU013251,2025-01-30,Placed,MNC/IT Services,780183.0,Associate Consultant,Direct Company Tie-up
OUT0002585,STU013252,2024-12-25,Actively Searching,,,,
OUT0002586,STU013258,2025-01-23,Placed,SME/Local Business,433159.0,Support Engineer,Campus Drive
OUT0002587,STU013261,2024-05-18,Actively Searching,,,,
OUT0002588,STU013265,2025-12-14,Actively Searching,,,,
OUT0002589,STU013270,2024-07-14,Not Placed,,,,
OUT0002590,STU013274,2024-08-21,Placed,Product Company,783019.0,Associate Consultant,Campus Drive
OUT0002591,STU013280,2025-12-30,Actively Searching,,,,
OUT0002592,STU013298,2024-11-02,Actively Searching,,,,
OUT0002593,STU013302,2025-05-23,Actively Searching,,,,
OUT0002594,STU013304,2025-05-23,Placed,Product Company,761022.0,Operations Executive,Platform Job Board
OUT0002595,STU013311,2025-01-10,Placed,SME/Local Business,507272.0,Operations Executive,Direct Company Tie-up
OUT0002596,STU013313,2024-08-08,Actively Searching,,,,
OUT0002597,STU013318,2024-12-27,Placed,BFSI,500164.0,Operations Executive,Direct Company Tie-up
OUT0002598,STU013326,2025-12-31,Actively Searching,,,,
OUT0002599,STU013335,2025-04-18,Placed,BFSI,530997.0,Business Analyst,Platform Job Board
OUT0002600,STU013338,2025-10-17,Placed,Product Company,717938.0,Trainee Engineer,Direct Company Tie-up
OUT0002601,STU013339,2025-02-04,Not Placed,,,,
OUT0002602,STU013340,2025-10-06,Placed,BFSI,589689.0,Digital Marketing Executive,Direct Company Tie-up
OUT0002603,STU013342,2024-06-24,Actively Searching,,,,
OUT0002604,STU013345,2024-11-11,Not Placed,,,,
OUT0002605,STU013346,2025-02-21,Actively Searching,,,,
OUT0002606,STU013350,2025-01-10,Placed,Core Engineering,500357.0,Business Analyst,Direct Company Tie-up
OUT0002607,STU013358,2025-09-09,Placed,Product Company,799114.0,Digital Marketing Executive,Direct Company Tie-up
OUT0002608,STU013359,2025-12-26,Actively Searching,,,,
OUT0002609,STU013364,2025-09-28,Actively Searching,,,,
OUT0002610,STU013365,2024-04-18,Actively Searching,,,,
OUT0002611,STU013371,2025-11-24,Actively Searching,,,,
OUT0002612,STU013377,2024-09-17,Placed,MNC/IT Services,516041.0,Digital Marketing Executive,Platform Job Board
OUT0002613,STU013380,2024-09-12,Not Placed,,,,
OUT0002614,STU013397,2025-04-02,Not Placed,,,,
OUT0002615,STU013407,2025-10-07,Placed,Product Company,1145533.0,Software Engineer,Campus Drive
OUT0002616,STU013416,2025-04-26,Placed,SME/Local Business,337278.0,Software Engineer,Platform Job Board
OUT0002617,STU013419,2025-03-06,Placed,SME/Local Business,326038.0,Sales Executive,Platform Job Board
OUT0002618,STU013420,2025-04-13,Placed,BFSI,545835.0,Data Analyst,Platform Job Board
OUT0002619,STU013446,2025-06-17,Placed,MNC/IT Services,576994.0,Associate Consultant,Platform Job Board
OUT0002620,STU013448,2025-06-15,Actively Searching,,,,
OUT0002621,STU013458,2024-09-28,Not Placed,,,,
OUT0002622,STU013463,2025-12-06,Actively Searching,,,,
OUT0002623,STU013466,2025-03-19,Not Placed,,,,
OUT0002624,STU013472,2025-07-16,Placed,Core Engineering,640174.0,Software Engineer,Platform Job Board
OUT0002625,STU013474,2025-07-06,Not Placed,,,,
OUT0002626,STU013477,2024-11-13,Placed,Startup,496543.0,Business Analyst,Direct Company Tie-up
OUT0002627,STU013480,2025-02-10,Not Placed,,,,
OUT0002628,STU013487,2024-05-17,Placed,BFSI,506758.0,Software Engineer,Referral
OUT0002629,STU013501,2025-12-19,Placed,Startup,381601.0,Customer Success Associate,Campus Drive
OUT0002630,STU013507,2024-06-11,Placed,MNC/IT Services,455135.0,Support Engineer,Direct Company Tie-up
OUT0002631,STU013508,2024-09-15,Placed,MNC/IT Services,412757.0,Business Analyst,Referral
OUT0002632,STU013510,2024-05-11,Placed,SME/Local Business,172843.0,Business Analyst,Direct Company Tie-up
OUT0002633,STU013541,2025-11-10,Placed,BFSI,580058.0,Software Engineer,Campus Drive
OUT0002634,STU013542,2025-11-24,Placed,Startup,518184.0,Trainee Engineer,Platform Job Board
OUT0002635,STU013546,2025-06-17,Actively Searching,,,,
OUT0002636,STU013547,2025-04-03,Actively Searching,,,,
OUT0002637,STU013551,2025-07-03,Placed,MNC/IT Services,628165.0,Associate Consultant,Direct Company Tie-up
OUT0002638,STU013560,2025-12-29,Placed,Core Engineering,533602.0,Data Analyst,Platform Job Board
OUT0002639,STU013569,2025-10-29,Placed,Product Company,517317.0,Trainee Engineer,Platform Job Board
OUT0002640,STU013570,2025-12-31,Actively Searching,,,,
OUT0002641,STU013582,2024-10-09,Not Placed,,,,
OUT0002642,STU013592,2024-12-09,Placed,Startup,711481.0,UI/UX Designer,Platform Job Board
OUT0002643,STU013604,2025-08-10,Not Placed,,,,
OUT0002644,STU013614,2025-02-26,Not Placed,,,,
OUT0002645,STU013615,2025-12-31,Placed,SME/Local Business,376393.0,Associate Consultant,Campus Drive
OUT0002646,STU013620,2024-07-26,Placed,MNC/IT Services,845516.0,Associate Consultant,Platform Job Board
OUT0002647,STU013623,2025-02-24,Actively Searching,,,,
OUT0002648,STU013635,2024-08-29,Placed,BFSI,573914.0,Support Engineer,Direct Company Tie-up
OUT0002649,STU013640,2025-05-17,Actively Searching,,,,
OUT0002650,STU013645,2024-07-29,Not Placed,,,,
OUT0002651,STU013654,2024-11-24,Placed,Product Company,527010.0,Business Analyst,Campus Drive
OUT0002652,STU013661,2024-07-17,Actively Searching,,,,
OUT0002653,STU013663,2024-10-11,Placed,BFSI,401270.0,Support Engineer,Direct Company Tie-up
OUT0002654,STU013665,2025-03-03,Actively Searching,,,,
OUT0002655,STU013671,2025-11-26,Placed,SME/Local Business,340859.0,Data Analyst,Referral
OUT0002656,STU013687,2024-04-12,Placed,BFSI,736422.0,Business Analyst,Direct Company Tie-up
OUT0002657,STU013691,2025-08-17,Not Placed,,,,
OUT0002658,STU013696,2024-07-14,Placed,BFSI,606173.0,UI/UX Designer,Platform Job Board
OUT0002659,STU013702,2025-10-20,Placed,SME/Local Business,401769.0,Software Engineer,Campus Drive
OUT0002660,STU013708,2024-06-26,Not Placed,,,,
OUT0002661,STU013714,2025-01-30,Placed,SME/Local Business,347994.0,Operations Executive,Direct Company Tie-up
OUT0002662,STU013715,2024-10-26,Not Placed,,,,
OUT0002663,STU013729,2024-12-27,Actively Searching,,,,
OUT0002664,STU013732,2025-06-27,Actively Searching,,,,
OUT0002665,STU013734,2024-09-27,Placed,Product Company,1096134.0,UI/UX Designer,Referral
OUT0002666,STU013740,2025-12-18,Placed,MNC/IT Services,395967.0,Associate Consultant,Campus Drive
OUT0002667,STU013744,2025-09-28,Not Placed,,,,
OUT0002668,STU013745,2024-11-12,Placed,Core Engineering,419727.0,Sales Executive,Direct Company Tie-up
OUT0002669,STU013748,2024-07-08,Not Placed,,,,
OUT0002670,STU013750,2025-08-01,Placed,MNC/IT Services,483200.0,Software Engineer,Platform Job Board
OUT0002671,STU013754,2025-08-25,Actively Searching,,,,
OUT0002672,STU013756,2025-02-07,Not Placed,,,,
OUT0002673,STU013758,2025-04-08,Not Placed,,,,
OUT0002674,STU013762,2024-11-16,Placed,Product Company,968561.0,Sales Executive,Direct Company Tie-up
OUT0002675,STU013763,2025-02-14,Placed,SME/Local Business,450713.0,Associate Consultant,Direct Company Tie-up
OUT0002676,STU013771,2024-11-02,Actively Searching,,,,
OUT0002677,STU013784,2024-11-04,Placed,Startup,393217.0,Operations Executive,Direct Company Tie-up
OUT0002678,STU013785,2025-09-30,Placed,Product Company,683765.0,Software Engineer,Campus Drive
OUT0002679,STU013786,2024-10-15,Actively Searching,,,,
OUT0002680,STU013787,2025-04-06,Placed,SME/Local Business,323397.0,Data Analyst,Direct Company Tie-up
OUT0002681,STU013788,2025-09-08,Placed,Core Engineering,325514.0,Digital Marketing Executive,Referral
OUT0002682,STU013791,2024-10-07,Not Placed,,,,
OUT0002683,STU013806,2024-07-10,Placed,SME/Local Business,435265.0,Sales Executive,Campus Drive
OUT0002684,STU013807,2025-08-16,Not Placed,,,,
OUT0002685,STU013812,2025-05-25,Placed,Startup,676269.0,Sales Executive,Platform Job Board
OUT0002686,STU013817,2024-10-08,Placed,Product Company,773886.0,Customer Success Associate,Direct Company Tie-up
OUT0002687,STU013820,2025-08-08,Not Placed,,,,
OUT0002688,STU013839,2024-07-21,Placed,MNC/IT Services,558171.0,UI/UX Designer,Platform Job Board
OUT0002689,STU013844,2025-05-14,Placed,Startup,450561.0,Software Engineer,Referral
OUT0002690,STU013854,2025-11-02,Not Placed,,,,
OUT0002691,STU013857,2025-07-08,Not Placed,,,,
OUT0002692,STU013859,2024-07-17,Placed,Startup,497958.0,Operations Executive,Referral
OUT0002693,STU013861,2025-10-19,Placed,BFSI,568096.0,Digital Marketing Executive,Platform Job Board
OUT0002694,STU013862,2025-12-08,Actively Searching,,,,
OUT0002695,STU013867,2025-05-30,Actively Searching,,,,
OUT0002696,STU013868,2025-01-29,Placed,Product Company,1110219.0,Business Analyst,Platform Job Board
OUT0002697,STU013878,2025-06-27,Placed,BFSI,467343.0,Digital Marketing Executive,Campus Drive
OUT0002698,STU013879,2025-12-31,Placed,Core Engineering,449639.0,Digital Marketing Executive,Referral
OUT0002699,STU013883,2024-10-19,Placed,MNC/IT Services,480189.0,Digital Marketing Executive,Platform Job Board
OUT0002700,STU013891,2024-09-16,Placed,MNC/IT Services,525074.0,UI/UX Designer,Referral
OUT0002701,STU013892,2024-11-11,Actively Searching,,,,
OUT0002702,STU013897,2025-03-07,Actively Searching,,,,
OUT0002703,STU013902,2025-11-19,Placed,MNC/IT Services,300659.0,Sales Executive,Platform Job Board
OUT0002704,STU013908,2025-12-31,Placed,Startup,447839.0,Operations Executive,Platform Job Board
OUT0002705,STU013911,2025-12-05,Placed,MNC/IT Services,608417.0,Trainee Engineer,Platform Job Board
OUT0002706,STU013917,2025-05-26,Placed,BFSI,723019.0,Software Engineer,Campus Drive
OUT0002707,STU013923,2024-05-22,Placed,Product Company,993551.0,UI/UX Designer,Direct Company Tie-up
OUT0002708,STU013929,2025-12-31,Not Placed,,,,
OUT0002709,STU013931,2024-05-05,Placed,MNC/IT Services,594205.0,Associate Consultant,Referral
OUT0002710,STU013932,2024-04-20,Placed,MNC/IT Services,524875.0,Software Engineer,Campus Drive
OUT0002711,STU013937,2025-04-26,Placed,Product Company,635528.0,Sales Executive,Platform Job Board
OUT0002712,STU013940,2024-12-13,Actively Searching,,,,
OUT0002713,STU013943,2025-01-04,Placed,MNC/IT Services,367804.0,UI/UX Designer,Referral
OUT0002714,STU013947,2024-09-13,Placed,BFSI,579099.0,UI/UX Designer,Campus Drive
OUT0002715,STU013951,2025-09-08,Actively Searching,,,,
OUT0002716,STU013954,2025-01-24,Placed,Startup,323486.0,Data Analyst,Direct Company Tie-up
OUT0002717,STU013965,2025-10-31,Actively Searching,,,,
OUT0002718,STU013970,2024-11-24,Not Placed,,,,
OUT0002719,STU013976,2025-11-30,Actively Searching,,,,
OUT0002720,STU013977,2025-10-18,Placed,MNC/IT Services,607230.0,Operations Executive,Platform Job Board
OUT0002721,STU013983,2025-04-11,Placed,Startup,566677.0,Operations Executive,Campus Drive
OUT0002722,STU013985,2025-12-05,Placed,MNC/IT Services,637796.0,UI/UX Designer,Referral
OUT0002723,STU013986,2025-09-28,Not Placed,,,,
OUT0002724,STU013991,2024-12-28,Not Placed,,,,
OUT0002725,STU013999,2024-09-16,Placed,SME/Local Business,426990.0,Customer Success Associate,Referral
OUT0002726,STU014000,2025-08-12,Not Placed,,,,
OUT0002727,STU014005,2024-11-22,Not Placed,,,,
OUT0002728,STU014007,2025-10-22,Placed,MNC/IT Services,502064.0,Associate Consultant,Campus Drive
OUT0002729,STU014012,2024-06-06,Not Placed,,,,
OUT0002730,STU014014,2025-09-12,Actively Searching,,,,
OUT0002731,STU014015,2025-10-12,Actively Searching,,,,
OUT0002732,STU014018,2025-08-03,Placed,SME/Local Business,338951.0,Sales Executive,Direct Company Tie-up
OUT0002733,STU014023,2024-11-05,Placed,Core Engineering,698083.0,Digital Marketing Executive,Direct Company Tie-up
OUT0002734,STU014027,2024-09-16,Placed,MNC/IT Services,655606.0,UI/UX Designer,Platform Job Board
OUT0002735,STU014033,2025-12-31,Actively Searching,,,,
OUT0002736,STU014045,2025-01-09,Placed,BFSI,401614.0,Associate Consultant,Campus Drive
OUT0002737,STU014046,2025-10-27,Placed,Startup,332416.0,Operations Executive,Referral
OUT0002738,STU014061,2025-07-06,Actively Searching,,,,
OUT0002739,STU014064,2024-09-25,Placed,Product Company,917314.0,Customer Success Associate,Platform Job Board
OUT0002740,STU014066,2025-09-15,Placed,Product Company,542749.0,Support Engineer,Direct Company Tie-up
OUT0002741,STU014067,2025-03-05,Not Placed,,,,
OUT0002742,STU014077,2025-01-06,Placed,Core Engineering,620425.0,Sales Executive,Direct Company Tie-up
OUT0002743,STU014080,2025-09-29,Placed,BFSI,677871.0,UI/UX Designer,Direct Company Tie-up
OUT0002744,STU014087,2025-08-05,Placed,SME/Local Business,473427.0,Support Engineer,Platform Job Board
OUT0002745,STU014089,2024-08-29,Placed,MNC/IT Services,462588.0,Support Engineer,Campus Drive
OUT0002746,STU014092,2025-07-28,Not Placed,,,,
OUT0002747,STU014093,2025-04-16,Placed,Startup,489241.0,Operations Executive,Referral
OUT0002748,STU014108,2025-10-04,Actively Searching,,,,
OUT0002749,STU014109,2025-08-07,Placed,MNC/IT Services,644409.0,Data Analyst,Platform Job Board
OUT0002750,STU014110,2025-04-30,Placed,BFSI,533857.0,Customer Success Associate,Direct Company Tie-up
OUT0002751,STU014112,2025-12-31,Not Placed,,,,
OUT0002752,STU014114,2025-02-08,Actively Searching,,,,
OUT0002753,STU014115,2025-05-10,Not Placed,,,,
OUT0002754,STU014119,2025-10-08,Placed,Core Engineering,337812.0,Support Engineer,Platform Job Board
OUT0002755,STU014124,2025-10-10,Placed,Product Company,1168076.0,Support Engineer,Campus Drive
OUT0002756,STU014128,2025-04-01,Actively Searching,,,,
OUT0002757,STU014147,2025-11-16,Placed,Startup,413162.0,Operations Executive,Campus Drive
OUT0002758,STU014152,2025-11-25,Not Placed,,,,
OUT0002759,STU014168,2025-06-05,Placed,SME/Local Business,356714.0,Customer Success Associate,Platform Job Board
OUT0002760,STU014172,2025-12-31,Not Placed,,,,
OUT0002761,STU014173,2025-11-27,Placed,MNC/IT Services,830465.0,Operations Executive,Platform Job Board
OUT0002762,STU014176,2025-12-15,Placed,Product Company,727092.0,Business Analyst,Direct Company Tie-up
OUT0002763,STU014198,2025-12-31,Not Placed,,,,
OUT0002764,STU014202,2024-10-11,Not Placed,,,,
OUT0002765,STU014203,2025-03-09,Placed,Startup,351528.0,Operations Executive,Platform Job Board
OUT0002766,STU014209,2025-08-10,Placed,Startup,480053.0,Business Analyst,Referral
OUT0002767,STU014210,2025-07-21,Not Placed,,,,
OUT0002768,STU014230,2025-01-07,Placed,Core Engineering,677127.0,Associate Consultant,Referral
OUT0002769,STU014232,2024-10-28,Actively Searching,,,,
OUT0002770,STU014235,2025-05-24,Not Placed,,,,
OUT0002771,STU014243,2025-01-29,Actively Searching,,,,
OUT0002772,STU014246,2025-10-04,Placed,MNC/IT Services,585149.0,Data Analyst,Direct Company Tie-up
OUT0002773,STU014251,2025-10-21,Placed,Product Company,574827.0,Associate Consultant,Platform Job Board
OUT0002774,STU014271,2025-11-16,Not Placed,,,,
OUT0002775,STU014272,2025-06-07,Not Placed,,,,
OUT0002776,STU014276,2025-10-08,Placed,SME/Local Business,474742.0,Operations Executive,Platform Job Board
OUT0002777,STU014280,2025-07-19,Placed,Startup,298152.0,Associate Consultant,Campus Drive
OUT0002778,STU014282,2025-10-25,Not Placed,,,,
OUT0002779,STU014286,2025-05-06,Placed,SME/Local Business,406778.0,Customer Success Associate,Direct Company Tie-up
OUT0002780,STU014292,2024-08-31,Placed,MNC/IT Services,495928.0,Sales Executive,Direct Company Tie-up
OUT0002781,STU014295,2025-11-16,Placed,BFSI,785011.0,Sales Executive,Platform Job Board
OUT0002782,STU014300,2024-03-16,Actively Searching,,,,
OUT0002783,STU014304,2025-06-08,Placed,Startup,452085.0,Associate Consultant,Platform Job Board
OUT0002784,STU014307,2024-08-21,Placed,BFSI,801337.0,Business Analyst,Referral
OUT0002785,STU014318,2024-07-29,Placed,MNC/IT Services,392070.0,Associate Consultant,Direct Company Tie-up
OUT0002786,STU014319,2025-08-20,Placed,MNC/IT Services,839672.0,Sales Executive,Campus Drive
OUT0002787,STU014320,2025-11-30,Actively Searching,,,,
OUT0002788,STU014321,2025-04-29,Placed,SME/Local Business,326806.0,UI/UX Designer,Campus Drive
OUT0002789,STU014324,2025-01-23,Actively Searching,,,,
OUT0002790,STU014338,2025-06-01,Actively Searching,,,,
OUT0002791,STU014339,2024-08-12,Placed,BFSI,618520.0,Sales Executive,Platform Job Board
OUT0002792,STU014347,2025-02-22,Placed,Startup,457248.0,Business Analyst,Campus Drive
OUT0002793,STU014350,2025-08-03,Not Placed,,,,
OUT0002794,STU014353,2024-09-10,Placed,Startup,350512.0,Business Analyst,Platform Job Board
OUT0002795,STU014356,2025-02-18,Not Placed,,,,
OUT0002796,STU014358,2025-12-31,Actively Searching,,,,
OUT0002797,STU014366,2025-12-31,Placed,MNC/IT Services,638094.0,Trainee Engineer,Platform Job Board
OUT0002798,STU014375,2025-06-07,Actively Searching,,,,
OUT0002799,STU014377,2025-11-17,Not Placed,,,,
OUT0002800,STU014382,2025-11-05,Actively Searching,,,,
OUT0002801,STU014401,2025-02-25,Placed,Product Company,775714.0,Customer Success Associate,Campus Drive
OUT0002802,STU014410,2025-11-26,Placed,BFSI,601685.0,UI/UX Designer,Platform Job Board
OUT0002803,STU014416,2024-09-30,Placed,Startup,288325.0,Support Engineer,Referral
OUT0002804,STU014431,2025-11-02,Placed,BFSI,500257.0,Trainee Engineer,Platform Job Board
OUT0002805,STU014441,2024-10-26,Actively Searching,,,,
OUT0002806,STU014447,2024-07-24,Actively Searching,,,,
OUT0002807,STU014460,2024-09-22,Placed,Product Company,696636.0,Support Engineer,Platform Job Board
OUT0002808,STU014464,2025-04-19,Placed,Product Company,971980.0,Business Analyst,Platform Job Board
OUT0002809,STU014467,2025-02-07,Placed,Product Company,943842.0,Customer Success Associate,Platform Job Board
OUT0002810,STU014475,2024-09-27,Not Placed,,,,
OUT0002811,STU014477,2024-11-19,Placed,MNC/IT Services,421918.0,Support Engineer,Direct Company Tie-up
OUT0002812,STU014478,2024-04-21,Not Placed,,,,
OUT0002813,STU014484,2025-10-14,Actively Searching,,,,
OUT0002814,STU014488,2025-10-27,Actively Searching,,,,
OUT0002815,STU014498,2025-03-27,Placed,MNC/IT Services,746394.0,Data Analyst,Campus Drive
OUT0002816,STU014503,2024-08-21,Not Placed,,,,
OUT0002817,STU014506,2025-12-07,Not Placed,,,,
OUT0002818,STU014508,2024-10-23,Placed,SME/Local Business,254183.0,Digital Marketing Executive,Campus Drive
OUT0002819,STU014511,2024-06-28,Actively Searching,,,,
OUT0002820,STU014517,2024-12-28,Not Placed,,,,
OUT0002821,STU014518,2024-06-24,Actively Searching,,,,
OUT0002822,STU014526,2025-05-16,Actively Searching,,,,
OUT0002823,STU014528,2025-06-12,Actively Searching,,,,
OUT0002824,STU014538,2025-09-20,Placed,Product Company,1397651.0,Digital Marketing Executive,Referral
OUT0002825,STU014540,2025-08-19,Placed,BFSI,522645.0,Digital Marketing Executive,Platform Job Board
OUT0002826,STU014545,2025-06-09,Actively Searching,,,,
OUT0002827,STU014547,2025-10-18,Placed,Core Engineering,510197.0,Business Analyst,Platform Job Board
OUT0002828,STU014552,2025-11-21,Placed,SME/Local Business,340126.0,UI/UX Designer,Platform Job Board
OUT0002829,STU014554,2024-08-16,Not Placed,,,,
OUT0002830,STU014558,2025-10-28,Placed,MNC/IT Services,501604.0,Sales Executive,Platform Job Board
OUT0002831,STU014576,2025-12-31,Placed,Core Engineering,653233.0,Sales Executive,Referral
OUT0002832,STU014577,2024-11-22,Placed,SME/Local Business,366655.0,Business Analyst,Platform Job Board
OUT0002833,STU014587,2024-09-05,Not Placed,,,,
OUT0002834,STU014593,2024-05-07,Actively Searching,,,,
OUT0002835,STU014603,2025-11-10,Placed,BFSI,398262.0,Digital Marketing Executive,Campus Drive
OUT0002836,STU014610,2024-08-02,Placed,MNC/IT Services,453887.0,Support Engineer,Direct Company Tie-up
OUT0002837,STU014611,2025-11-03,Placed,SME/Local Business,243429.0,Business Analyst,Referral
OUT0002838,STU014615,2025-09-28,Not Placed,,,,
OUT0002839,STU014629,2025-11-12,Placed,BFSI,330290.0,UI/UX Designer,Direct Company Tie-up
OUT0002840,STU014630,2024-04-21,Actively Searching,,,,
OUT0002841,STU014631,2025-12-20,Placed,Product Company,953192.0,Software Engineer,Platform Job Board
OUT0002842,STU014633,2025-07-01,Actively Searching,,,,
OUT0002843,STU014639,2024-12-20,Placed,Startup,693279.0,Customer Success Associate,Referral
OUT0002844,STU014640,2024-10-08,Actively Searching,,,,
OUT0002845,STU014642,2024-05-12,Placed,MNC/IT Services,454651.0,Software Engineer,Campus Drive
OUT0002846,STU014646,2025-11-30,Placed,Product Company,529990.0,Business Analyst,Direct Company Tie-up
OUT0002847,STU014647,2025-10-06,Placed,SME/Local Business,373015.0,Data Analyst,Platform Job Board
OUT0002848,STU014659,2025-04-08,Actively Searching,,,,
OUT0002849,STU014661,2025-09-21,Actively Searching,,,,
OUT0002850,STU014671,2025-05-13,Placed,Product Company,1342244.0,Business Analyst,Platform Job Board
OUT0002851,STU014680,2024-08-04,Placed,BFSI,341455.0,UI/UX Designer,Direct Company Tie-up
OUT0002852,STU014684,2025-12-02,Actively Searching,,,,
OUT0002853,STU014693,2025-07-04,Placed,Startup,285349.0,Trainee Engineer,Platform Job Board
OUT0002854,STU014696,2024-07-10,Placed,BFSI,557031.0,Software Engineer,Direct Company Tie-up
OUT0002855,STU014698,2024-05-19,Placed,MNC/IT Services,631794.0,Customer Success Associate,Referral
OUT0002856,STU014701,2024-12-28,Actively Searching,,,,
OUT0002857,STU014705,2025-07-02,Placed,SME/Local Business,376363.0,Associate Consultant,Platform Job Board
OUT0002858,STU014708,2024-10-12,Not Placed,,,,
OUT0002859,STU014709,2025-08-28,Not Placed,,,,
OUT0002860,STU014710,2024-04-05,Actively Searching,,,,
OUT0002861,STU014711,2024-10-28,Placed,Product Company,1441438.0,Support Engineer,Direct Company Tie-up
OUT0002862,STU014725,2025-10-28,Not Placed,,,,
OUT0002863,STU014731,2024-10-29,Actively Searching,,,,
OUT0002864,STU014732,2025-12-31,Placed,Startup,708466.0,Associate Consultant,Campus Drive
OUT0002865,STU014738,2025-06-01,Placed,MNC/IT Services,613125.0,Customer Success Associate,Campus Drive
OUT0002866,STU014741,2025-03-12,Placed,MNC/IT Services,480087.0,Associate Consultant,Direct Company Tie-up
OUT0002867,STU014742,2024-11-16,Actively Searching,,,,
OUT0002868,STU014751,2025-05-27,Placed,Product Company,869662.0,Software Engineer,Direct Company Tie-up
OUT0002869,STU014755,2024-09-26,Placed,MNC/IT Services,334161.0,UI/UX Designer,Campus Drive
OUT0002870,STU014757,2025-10-26,Actively Searching,,,,
OUT0002871,STU014760,2025-07-30,Placed,MNC/IT Services,575106.0,UI/UX Designer,Platform Job Board
OUT0002872,STU014763,2024-11-01,Not Placed,,,,
OUT0002873,STU014766,2024-04-02,Actively Searching,,,,
OUT0002874,STU014767,2025-11-21,Not Placed,,,,
OUT0002875,STU014770,2024-06-13,Placed,SME/Local Business,457562.0,Operations Executive,Campus Drive
OUT0002876,STU014771,2025-12-31,Placed,MNC/IT Services,844002.0,Support Engineer,Platform Job Board
OUT0002877,STU014775,2025-06-23,Placed,Product Company,866005.0,Digital Marketing Executive,Campus Drive
OUT0002878,STU014786,2025-11-30,Actively Searching,,,,
OUT0002879,STU014798,2025-11-27,Placed,MNC/IT Services,375705.0,UI/UX Designer,Direct Company Tie-up
OUT0002880,STU014799,2025-12-31,Placed,SME/Local Business,317129.0,Software Engineer,Platform Job Board
OUT0002881,STU014809,2024-10-21,Actively Searching,,,,
OUT0002882,STU014818,2025-05-01,Placed,Startup,321866.0,Operations Executive,Direct Company Tie-up
OUT0002883,STU014825,2024-08-12,Placed,SME/Local Business,349827.0,Data Analyst,Campus Drive
OUT0002884,STU014831,2024-10-01,Not Placed,,,,
OUT0002885,STU014834,2024-11-03,Placed,SME/Local Business,295632.0,Data Analyst,Campus Drive
OUT0002886,STU014840,2025-03-02,Actively Searching,,,,
OUT0002887,STU014853,2024-12-21,Placed,MNC/IT Services,457481.0,Sales Executive,Platform Job Board
OUT0002888,STU014854,2025-05-23,Placed,SME/Local Business,367248.0,Associate Consultant,Campus Drive
OUT0002889,STU014855,2025-12-31,Placed,BFSI,562427.0,Operations Executive,Platform Job Board
OUT0002890,STU014860,2025-06-19,Placed,MNC/IT Services,517037.0,Trainee Engineer,Campus Drive
OUT0002891,STU014862,2024-12-21,Placed,Product Company,671771.0,Customer Success Associate,Campus Drive
OUT0002892,STU014865,2025-10-06,Not Placed,,,,
OUT0002893,STU014867,2024-10-16,Placed,BFSI,596599.0,Data Analyst,Direct Company Tie-up
OUT0002894,STU014873,2025-10-08,Placed,Startup,295467.0,Business Analyst,Campus Drive
OUT0002895,STU014876,2025-07-03,Not Placed,,,,
OUT0002896,STU014888,2025-09-13,Actively Searching,,,,
OUT0002897,STU014892,2025-12-31,Placed,MNC/IT Services,686296.0,Customer Success Associate,Platform Job Board
OUT0002898,STU014894,2025-05-17,Not Placed,,,,
OUT0002899,STU014902,2024-08-23,Actively Searching,,,,
OUT0002900,STU014903,2025-05-26,Placed,MNC/IT Services,472908.0,Support Engineer,Direct Company Tie-up
OUT0002901,STU014909,2025-11-17,Not Placed,,,,
OUT0002902,STU014916,2025-01-07,Placed,Startup,337814.0,Digital Marketing Executive,Campus Drive
OUT0002903,STU014918,2024-11-28,Placed,Product Company,623175.0,UI/UX Designer,Campus Drive
OUT0002904,STU014919,2025-12-31,Placed,MNC/IT Services,613290.0,Trainee Engineer,Direct Company Tie-up
OUT0002905,STU014926,2024-09-15,Placed,MNC/IT Services,358760.0,Digital Marketing Executive,Direct Company Tie-up
OUT0002906,STU014929,2024-06-15,Actively Searching,,,,
OUT0002907,STU014930,2025-11-08,Placed,MNC/IT Services,858585.0,Software Engineer,Direct Company Tie-up
OUT0002908,STU014938,2025-11-19,Placed,MNC/IT Services,674182.0,Customer Success Associate,Referral
OUT0002909,STU014941,2024-08-24,Placed,Core Engineering,322448.0,Associate Consultant,Campus Drive
OUT0002910,STU014944,2024-11-14,Placed,MNC/IT Services,527354.0,UI/UX Designer,Direct Company Tie-up
OUT0002911,STU014946,2025-08-21,Actively Searching,,,,
OUT0002912,STU014954,2025-12-31,Actively Searching,,,,
OUT0002913,STU014962,2024-10-23,Not Placed,,,,
OUT0002914,STU014977,2024-12-29,Not Placed,,,,
OUT0002915,STU014990,2024-07-17,Not Placed,,,,
OUT0002916,STU015002,2024-09-26,Placed,Product Company,682215.0,Business Analyst,Platform Job Board
OUT0002917,STU015007,2024-12-30,Actively Searching,,,,
OUT0002918,STU015014,2024-04-12,Placed,Core Engineering,491048.0,Operations Executive,Campus Drive
OUT0002919,STU015028,2024-09-23,Placed,BFSI,449973.0,Customer Success Associate,Platform Job Board
OUT0002920,STU015032,2024-10-28,Actively Searching,,,,
OUT0002921,STU015038,2025-12-31,Placed,BFSI,545334.0,Customer Success Associate,Campus Drive
OUT0002922,STU015052,2025-03-13,Placed,MNC/IT Services,618631.0,Business Analyst,Platform Job Board
OUT0002923,STU015060,2025-03-23,Placed,BFSI,446792.0,Digital Marketing Executive,Direct Company Tie-up
OUT0002924,STU015062,2025-09-24,Placed,Product Company,591082.0,Business Analyst,Direct Company Tie-up
OUT0002925,STU015072,2025-02-04,Actively Searching,,,,
OUT0002926,STU015077,2025-10-10,Placed,Startup,399711.0,Sales Executive,Direct Company Tie-up
OUT0002927,STU015084,2024-11-16,Placed,SME/Local Business,272742.0,UI/UX Designer,Direct Company Tie-up
OUT0002928,STU015093,2024-06-19,Not Placed,,,,
OUT0002929,STU015100,2025-04-16,Placed,MNC/IT Services,590533.0,Software Engineer,Referral
OUT0002930,STU015106,2024-11-29,Placed,Product Company,1038418.0,UI/UX Designer,Platform Job Board
OUT0002931,STU015111,2025-10-24,Not Placed,,,,
OUT0002932,STU015116,2024-07-12,Placed,SME/Local Business,381811.0,Customer Success Associate,Platform Job Board
OUT0002933,STU015122,2025-05-10,Placed,Startup,695835.0,Sales Executive,Platform Job Board
OUT0002934,STU015125,2024-04-01,Placed,SME/Local Business,330549.0,Business Analyst,Platform Job Board
OUT0002935,STU015128,2024-12-22,Placed,MNC/IT Services,843797.0,Digital Marketing Executive,Platform Job Board
OUT0002936,STU015133,2025-09-23,Placed,Product Company,1004084.0,Data Analyst,Platform Job Board
OUT0002937,STU015138,2025-08-04,Not Placed,,,,
OUT0002938,STU015140,2025-07-05,Placed,BFSI,772536.0,UI/UX Designer,Direct Company Tie-up
OUT0002939,STU015143,2025-03-02,Placed,BFSI,784504.0,Customer Success Associate,Platform Job Board
OUT0002940,STU015164,2024-11-20,Placed,MNC/IT Services,427892.0,Sales Executive,Platform Job Board
OUT0002941,STU015168,2025-06-22,Placed,Product Company,517693.0,Software Engineer,Referral
OUT0002942,STU015170,2025-10-31,Actively Searching,,,,
OUT0002943,STU015173,2025-04-26,Not Placed,,,,
OUT0002944,STU015175,2024-12-31,Placed,SME/Local Business,268650.0,Business Analyst,Direct Company Tie-up
OUT0002945,STU015177,2025-07-18,Placed,SME/Local Business,296352.0,UI/UX Designer,Platform Job Board
OUT0002946,STU015179,2024-05-27,Placed,MNC/IT Services,392104.0,Data Analyst,Campus Drive
OUT0002947,STU015183,2024-05-17,Placed,Core Engineering,386968.0,Associate Consultant,Campus Drive
OUT0002948,STU015187,2025-12-31,Placed,BFSI,640944.0,Customer Success Associate,Campus Drive
OUT0002949,STU015188,2025-07-24,Not Placed,,,,
OUT0002950,STU015203,2025-03-18,Actively Searching,,,,
OUT0002951,STU015204,2024-10-06,Placed,Product Company,1340588.0,Operations Executive,Referral
OUT0002952,STU015208,2024-09-28,Placed,Product Company,605208.0,Software Engineer,Direct Company Tie-up
OUT0002953,STU015210,2024-06-05,Placed,BFSI,357295.0,Sales Executive,Campus Drive
OUT0002954,STU015211,2025-01-26,Placed,BFSI,369779.0,Data Analyst,Platform Job Board
OUT0002955,STU015214,2025-12-31,Placed,Product Company,867112.0,Digital Marketing Executive,Platform Job Board
OUT0002956,STU015215,2025-02-27,Not Placed,,,,
OUT0002957,STU015224,2024-05-05,Placed,Startup,718268.0,Business Analyst,Campus Drive
OUT0002958,STU015230,2024-11-06,Actively Searching,,,,
OUT0002959,STU015233,2024-05-30,Placed,Product Company,740190.0,Support Engineer,Referral
OUT0002960,STU015235,2025-08-29,Actively Searching,,,,
OUT0002961,STU015247,2025-01-30,Placed,MNC/IT Services,744065.0,Support Engineer,Campus Drive
OUT0002962,STU015255,2025-11-08,Actively Searching,,,,
OUT0002963,STU015258,2025-09-03,Placed,Product Company,942625.0,Digital Marketing Executive,Campus Drive
OUT0002964,STU015259,2024-11-05,Actively Searching,,,,
OUT0002965,STU015266,2025-03-03,Not Placed,,,,
OUT0002966,STU015269,2025-03-01,Actively Searching,,,,
OUT0002967,STU015272,2025-07-06,Placed,MNC/IT Services,596951.0,UI/UX Designer,Direct Company Tie-up
OUT0002968,STU015281,2025-12-27,Placed,MNC/IT Services,312442.0,Associate Consultant,Platform Job Board
OUT0002969,STU015283,2025-09-22,Placed,Product Company,810533.0,Support Engineer,Platform Job Board
OUT0002970,STU015287,2025-12-22,Placed,Startup,691471.0,Customer Success Associate,Referral
OUT0002971,STU015289,2025-12-23,Placed,SME/Local Business,227357.0,Customer Success Associate,Campus Drive
OUT0002972,STU015290,2025-04-16,Placed,BFSI,771248.0,Customer Success Associate,Direct Company Tie-up
OUT0002973,STU015296,2024-09-01,Placed,Startup,491961.0,Operations Executive,Platform Job Board
OUT0002974,STU015297,2024-10-14,Actively Searching,,,,
OUT0002975,STU015298,2025-11-16,Actively Searching,,,,
OUT0002976,STU015300,2024-08-02,Not Placed,,,,
OUT0002977,STU015305,2025-10-28,Placed,SME/Local Business,277006.0,UI/UX Designer,Platform Job Board
OUT0002978,STU015307,2024-11-12,Placed,Core Engineering,537004.0,Support Engineer,Campus Drive
OUT0002979,STU015312,2024-09-20,Placed,BFSI,807933.0,Business Analyst,Campus Drive
OUT0002980,STU015316,2025-02-12,Placed,MNC/IT Services,532940.0,Digital Marketing Executive,Referral
OUT0002981,STU015328,2025-11-02,Not Placed,,,,
OUT0002982,STU015345,2024-04-29,Actively Searching,,,,
OUT0002983,STU015346,2025-05-06,Placed,Startup,483146.0,Business Analyst,Platform Job Board
OUT0002984,STU015349,2025-12-31,Placed,SME/Local Business,300187.0,Business Analyst,Platform Job Board
OUT0002985,STU015352,2025-03-01,Placed,SME/Local Business,344731.0,Customer Success Associate,Campus Drive
OUT0002986,STU015357,2025-07-13,Placed,SME/Local Business,344299.0,UI/UX Designer,Direct Company Tie-up
OUT0002987,STU015358,2024-07-04,Actively Searching,,,,
OUT0002988,STU015362,2025-01-21,Placed,Product Company,1043840.0,Support Engineer,Direct Company Tie-up
OUT0002989,STU015369,2024-06-17,Actively Searching,,,,
OUT0002990,STU015376,2025-06-18,Placed,Startup,428854.0,Business Analyst,Direct Company Tie-up
OUT0002991,STU015377,2024-08-05,Actively Searching,,,,
OUT0002992,STU015381,2025-11-12,Actively Searching,,,,
OUT0002993,STU015383,2025-04-03,Placed,SME/Local Business,348366.0,Business Analyst,Platform Job Board
OUT0002994,STU015395,2024-06-13,Actively Searching,,,,
OUT0002995,STU015404,2025-04-04,Not Placed,,,,
OUT0002996,STU015416,2025-10-12,Actively Searching,,,,
OUT0002997,STU015422,2025-02-04,Placed,Startup,694530.0,Software Engineer,Referral
OUT0002998,STU015424,2024-03-28,Placed,BFSI,449086.0,Digital Marketing Executive,Platform Job Board
OUT0002999,STU015427,2024-10-06,Not Placed,,,,
OUT0003000,STU015429,2025-11-30,Not Placed,,,,
OUT0003001,STU015434,2025-02-10,Placed,Startup,716855.0,Customer Success Associate,Platform Job Board
OUT0003002,STU015437,2025-07-07,Placed,SME/Local Business,253502.0,Digital Marketing Executive,Platform Job Board
OUT0003003,STU015451,2025-09-26,Actively Searching,,,,
OUT0003004,STU015452,2025-01-28,Actively Searching,,,,
OUT0003005,STU015455,2025-05-30,Actively Searching,,,,
OUT0003006,STU015459,2025-08-25,Placed,MNC/IT Services,613359.0,Business Analyst,Platform Job Board
OUT0003007,STU015461,2025-06-05,Placed,SME/Local Business,365860.0,Operations Executive,Platform Job Board
OUT0003008,STU015465,2025-02-06,Placed,BFSI,551720.0,Associate Consultant,Campus Drive
OUT0003009,STU015471,2024-11-08,Placed,SME/Local Business,461924.0,Support Engineer,Platform Job Board
OUT0003010,STU015478,2025-03-10,Placed,Core Engineering,509300.0,Customer Success Associate,Platform Job Board
OUT0003011,STU015479,2025-07-17,Actively Searching,,,,
OUT0003012,STU015484,2025-07-11,Not Placed,,,,
OUT0003013,STU015487,2024-08-24,Actively Searching,,,,
OUT0003014,STU015489,2025-05-01,Actively Searching,,,,
OUT0003015,STU015499,2024-07-11,Not Placed,,,,
OUT0003016,STU015511,2024-07-03,Placed,Product Company,609965.0,Business Analyst,Direct Company Tie-up
OUT0003017,STU015512,2025-04-17,Placed,Core Engineering,415110.0,Support Engineer,Platform Job Board
OUT0003018,STU015514,2024-08-28,Actively Searching,,,,
OUT0003019,STU015518,2025-04-28,Placed,Core Engineering,466891.0,Sales Executive,Platform Job Board
OUT0003020,STU015526,2025-11-09,Actively Searching,,,,
OUT0003021,STU015532,2024-10-23,Actively Searching,,,,
OUT0003022,STU015533,2024-11-29,Placed,MNC/IT Services,420589.0,UI/UX Designer,Platform Job Board
OUT0003023,STU015544,2025-08-02,Placed,SME/Local Business,333440.0,Software Engineer,Direct Company Tie-up
OUT0003024,STU015545,2025-04-19,Not Placed,,,,
OUT0003025,STU015550,2024-10-03,Placed,MNC/IT Services,462349.0,Associate Consultant,Campus Drive
OUT0003026,STU015552,2025-06-21,Placed,Core Engineering,500323.0,Digital Marketing Executive,Direct Company Tie-up
OUT0003027,STU015554,2024-06-01,Not Placed,,,,
OUT0003028,STU015561,2025-08-03,Placed,SME/Local Business,285046.0,Operations Executive,Direct Company Tie-up
OUT0003029,STU015563,2025-12-28,Actively Searching,,,,
OUT0003030,STU015566,2024-06-16,Placed,Core Engineering,329417.0,Software Engineer,Campus Drive
OUT0003031,STU015568,2025-08-25,Not Placed,,,,
OUT0003032,STU015586,2025-10-05,Placed,MNC/IT Services,678391.0,Trainee Engineer,Referral
OUT0003033,STU015596,2025-08-23,Actively Searching,,,,
OUT0003034,STU015609,2025-09-20,Placed,Product Company,837979.0,Software Engineer,Platform Job Board
OUT0003035,STU015615,2025-01-22,Actively Searching,,,,
OUT0003036,STU015622,2024-12-20,Placed,SME/Local Business,267248.0,Software Engineer,Platform Job Board
OUT0003037,STU015623,2024-11-09,Actively Searching,,,,
OUT0003038,STU015626,2024-12-14,Placed,Startup,367539.0,Business Analyst,Direct Company Tie-up
OUT0003039,STU015630,2025-11-15,Placed,MNC/IT Services,695520.0,Associate Consultant,Referral
OUT0003040,STU015632,2025-03-17,Not Placed,,,,
OUT0003041,STU015638,2024-10-28,Placed,MNC/IT Services,597663.0,Associate Consultant,Campus Drive
OUT0003042,STU015641,2024-11-23,Placed,BFSI,358681.0,Support Engineer,Campus Drive
OUT0003043,STU015644,2025-12-31,Placed,Product Company,760565.0,Operations Executive,Platform Job Board
OUT0003044,STU015655,2025-12-31,Actively Searching,,,,
OUT0003045,STU015657,2024-07-30,Placed,Startup,313883.0,Sales Executive,Campus Drive
OUT0003046,STU015658,2025-09-22,Placed,Startup,518994.0,Customer Success Associate,Platform Job Board
OUT0003047,STU015665,2024-07-15,Actively Searching,,,,
OUT0003048,STU015670,2025-08-09,Not Placed,,,,
OUT0003049,STU015676,2025-07-31,Actively Searching,,,,
OUT0003050,STU015683,2025-11-10,Placed,Core Engineering,251464.0,Operations Executive,Platform Job Board
OUT0003051,STU015690,2025-07-21,Actively Searching,,,,
OUT0003052,STU015693,2024-11-22,Actively Searching,,,,
OUT0003053,STU015706,2024-12-01,Not Placed,,,,
OUT0003054,STU015709,2024-07-26,Placed,MNC/IT Services,678370.0,Data Analyst,Platform Job Board
OUT0003055,STU015718,2025-08-30,Actively Searching,,,,
OUT0003056,STU015721,2024-03-22,Placed,Core Engineering,324714.0,Business Analyst,Platform Job Board
OUT0003057,STU015725,2024-09-04,Not Placed,,,,
OUT0003058,STU015730,2025-06-17,Placed,Core Engineering,656016.0,Trainee Engineer,Platform Job Board
OUT0003059,STU015737,2025-05-30,Not Placed,,,,
OUT0003060,STU015742,2025-04-03,Placed,Startup,288997.0,Trainee Engineer,Platform Job Board
OUT0003061,STU015743,2025-03-11,Placed,Product Company,1090517.0,Digital Marketing Executive,Platform Job Board
OUT0003062,STU015748,2025-05-04,Not Placed,,,,
OUT0003063,STU015753,2025-10-26,Placed,Startup,295271.0,Operations Executive,Direct Company Tie-up
OUT0003064,STU015767,2025-12-07,Placed,Product Company,526781.0,UI/UX Designer,Platform Job Board
OUT0003065,STU015768,2024-09-27,Not Placed,,,,
OUT0003066,STU015769,2024-07-22,Placed,Startup,453961.0,Support Engineer,Platform Job Board
OUT0003067,STU015770,2024-08-01,Not Placed,,,,
OUT0003068,STU015771,2025-12-31,Actively Searching,,,,
OUT0003069,STU015780,2025-09-07,Placed,MNC/IT Services,453475.0,Digital Marketing Executive,Campus Drive
OUT0003070,STU015790,2025-11-15,Placed,MNC/IT Services,607563.0,Support Engineer,Campus Drive
OUT0003071,STU015792,2025-10-19,Placed,MNC/IT Services,489858.0,Sales Executive,Campus Drive
OUT0003072,STU015800,2025-10-17,Actively Searching,,,,
OUT0003073,STU015801,2025-09-08,Placed,Product Company,805006.0,Sales Executive,Platform Job Board
OUT0003074,STU015807,2025-05-28,Actively Searching,,,,
OUT0003075,STU015808,2025-10-22,Placed,Startup,323598.0,Software Engineer,Referral
OUT0003076,STU015809,2025-08-24,Actively Searching,,,,
OUT0003077,STU015811,2025-07-23,Placed,SME/Local Business,266455.0,Associate Consultant,Campus Drive
OUT0003078,STU015833,2024-10-28,Actively Searching,,,,
OUT0003079,STU015845,2024-06-25,Placed,Core Engineering,577355.0,UI/UX Designer,Platform Job Board
OUT0003080,STU015846,2024-08-03,Actively Searching,,,,
OUT0003081,STU015849,2025-12-31,Placed,Startup,461826.0,Business Analyst,Direct Company Tie-up
OUT0003082,STU015850,2025-06-26,Not Placed,,,,
OUT0003083,STU015852,2024-07-17,Placed,Core Engineering,429893.0,Trainee Engineer,Direct Company Tie-up
OUT0003084,STU015856,2025-10-22,Not Placed,,,,
OUT0003085,STU015862,2025-03-27,Placed,MNC/IT Services,600620.0,Data Analyst,Direct Company Tie-up
OUT0003086,STU015865,2024-09-07,Placed,SME/Local Business,282398.0,Support Engineer,Campus Drive
OUT0003087,STU015867,2024-09-05,Placed,MNC/IT Services,843008.0,Support Engineer,Platform Job Board
OUT0003088,STU015868,2025-01-03,Placed,Product Company,844970.0,Business Analyst,Platform Job Board
OUT0003089,STU015885,2025-02-17,Placed,Core Engineering,361688.0,Software Engineer,Direct Company Tie-up
OUT0003090,STU015887,2025-09-14,Placed,Core Engineering,569675.0,Support Engineer,Direct Company Tie-up
OUT0003091,STU015888,2025-11-15,Placed,Startup,607738.0,Trainee Engineer,Campus Drive
OUT0003092,STU015892,2025-04-27,Not Placed,,,,
OUT0003093,STU015900,2025-12-31,Not Placed,,,,
OUT0003094,STU015901,2025-10-10,Actively Searching,,,,
OUT0003095,STU015903,2025-01-12,Placed,MNC/IT Services,640070.0,UI/UX Designer,Direct Company Tie-up
OUT0003096,STU015904,2024-12-08,Placed,BFSI,420342.0,Data Analyst,Platform Job Board
OUT0003097,STU015905,2024-12-15,Placed,Startup,447223.0,Associate Consultant,Campus Drive
OUT0003098,STU015908,2025-06-30,Placed,Startup,688549.0,Software Engineer,Referral
OUT0003099,STU015909,2025-10-14,Placed,Startup,381448.0,Software Engineer,Referral
OUT0003100,STU015911,2024-12-06,Placed,SME/Local Business,384302.0,Support Engineer,Campus Drive
OUT0003101,STU015914,2025-08-31,Actively Searching,,,,
OUT0003102,STU015917,2024-07-03,Placed,Core Engineering,679658.0,Operations Executive,Campus Drive
OUT0003103,STU015922,2025-12-31,Actively Searching,,,,
OUT0003104,STU015923,2025-06-09,Not Placed,,,,
OUT0003105,STU015925,2024-09-15,Placed,Startup,307021.0,Sales Executive,Referral
OUT0003106,STU015939,2025-06-23,Placed,MNC/IT Services,569653.0,Operations Executive,Referral
OUT0003107,STU015940,2025-01-26,Actively Searching,,,,
OUT0003108,STU015942,2025-05-28,Placed,SME/Local Business,260182.0,Sales Executive,Platform Job Board
OUT0003109,STU015955,2024-06-15,Not Placed,,,,
OUT0003110,STU015962,2025-07-22,Placed,Product Company,612516.0,Associate Consultant,Campus Drive
OUT0003111,STU015963,2024-09-09,Placed,MNC/IT Services,528035.0,Sales Executive,Direct Company Tie-up
OUT0003112,STU015971,2025-05-10,Placed,Startup,302162.0,Trainee Engineer,Platform Job Board
OUT0003113,STU015975,2025-06-21,Placed,Core Engineering,574979.0,UI/UX Designer,Campus Drive
OUT0003114,STU015991,2025-09-04,Not Placed,,,,
OUT0003115,STU015994,2025-10-29,Actively Searching,,,,
OUT0003116,STU015997,2024-12-17,Placed,Startup,473269.0,Trainee Engineer,Platform Job Board
OUT0003117,STU015999,2024-04-06,Not Placed,,,,
OUT0003118,STU016012,2025-01-18,Placed,BFSI,590518.0,Digital Marketing Executive,Platform Job Board
OUT0003119,STU016014,2025-08-20,Placed,MNC/IT Services,516523.0,UI/UX Designer,Referral
OUT0003120,STU016023,2025-12-31,Placed,MNC/IT Services,752508.0,Operations Executive,Referral
OUT0003121,STU016040,2025-05-03,Not Placed,,,,
OUT0003122,STU016047,2025-06-17,Placed,SME/Local Business,325761.0,UI/UX Designer,Platform Job Board
OUT0003123,STU016051,2024-11-23,Actively Searching,,,,
OUT0003124,STU016054,2024-07-11,Not Placed,,,,
OUT0003125,STU016058,2025-12-01,Placed,MNC/IT Services,377805.0,Associate Consultant,Platform Job Board
OUT0003126,STU016063,2024-10-22,Placed,SME/Local Business,295503.0,Customer Success Associate,Referral
OUT0003127,STU016070,2025-01-15,Not Placed,,,,
OUT0003128,STU016071,2025-12-23,Not Placed,,,,
OUT0003129,STU016076,2025-10-08,Placed,Core Engineering,402706.0,Data Analyst,Campus Drive
OUT0003130,STU016088,2025-09-03,Placed,BFSI,412838.0,Support Engineer,Campus Drive
OUT0003131,STU016089,2025-11-24,Placed,MNC/IT Services,860869.0,Associate Consultant,Campus Drive
OUT0003132,STU016090,2024-09-28,Placed,Core Engineering,409473.0,Data Analyst,Campus Drive
OUT0003133,STU016091,2025-08-12,Not Placed,,,,
OUT0003134,STU016096,2025-10-15,Actively Searching,,,,
OUT0003135,STU016105,2024-12-18,Placed,Product Company,1163881.0,Sales Executive,Platform Job Board
OUT0003136,STU016111,2025-09-11,Not Placed,,,,
OUT0003137,STU016120,2024-12-04,Not Placed,,,,
OUT0003138,STU016123,2025-07-19,Actively Searching,,,,
OUT0003139,STU016126,2025-05-10,Placed,SME/Local Business,331640.0,Data Analyst,Campus Drive
OUT0003140,STU016132,2025-08-28,Placed,MNC/IT Services,439876.0,Data Analyst,Direct Company Tie-up
OUT0003141,STU016140,2025-06-26,Actively Searching,,,,
OUT0003142,STU016142,2025-08-15,Placed,BFSI,577875.0,Operations Executive,Platform Job Board
OUT0003143,STU016145,2025-02-22,Actively Searching,,,,
OUT0003144,STU016154,2025-09-01,Placed,BFSI,654327.0,Sales Executive,Campus Drive
OUT0003145,STU016161,2025-05-10,Placed,MNC/IT Services,373611.0,Support Engineer,Platform Job Board
OUT0003146,STU016163,2024-12-31,Placed,SME/Local Business,214292.0,Sales Executive,Campus Drive
OUT0003147,STU016168,2024-08-12,Placed,Core Engineering,452162.0,Support Engineer,Platform Job Board
OUT0003148,STU016171,2024-05-20,Actively Searching,,,,
OUT0003149,STU016176,2024-12-28,Actively Searching,,,,
OUT0003150,STU016178,2024-07-29,Placed,MNC/IT Services,803835.0,Software Engineer,Referral
OUT0003151,STU016184,2025-01-17,Actively Searching,,,,
OUT0003152,STU016197,2024-12-23,Actively Searching,,,,
OUT0003153,STU016203,2024-11-02,Actively Searching,,,,
OUT0003154,STU016211,2025-07-19,Placed,Startup,383327.0,Support Engineer,Campus Drive
OUT0003155,STU016229,2024-09-15,Actively Searching,,,,
OUT0003156,STU016234,2025-02-21,Actively Searching,,,,
OUT0003157,STU016236,2025-02-27,Placed,SME/Local Business,326910.0,Associate Consultant,Direct Company Tie-up
OUT0003158,STU016244,2024-12-04,Placed,MNC/IT Services,781383.0,Customer Success Associate,Referral
OUT0003159,STU016262,2025-01-16,Placed,Product Company,790879.0,Operations Executive,Platform Job Board
OUT0003160,STU016264,2025-03-08,Not Placed,,,,
OUT0003161,STU016266,2024-05-18,Actively Searching,,,,
OUT0003162,STU016268,2025-12-31,Actively Searching,,,,
OUT0003163,STU016269,2024-12-12,Not Placed,,,,
OUT0003164,STU016272,2025-09-12,Placed,Startup,313213.0,Data Analyst,Campus Drive
OUT0003165,STU016277,2025-10-31,Actively Searching,,,,
OUT0003166,STU016278,2024-07-19,Not Placed,,,,
OUT0003167,STU016279,2025-11-30,Placed,SME/Local Business,368520.0,Business Analyst,Campus Drive
OUT0003168,STU016286,2025-02-06,Placed,Product Company,1001905.0,Business Analyst,Platform Job Board
OUT0003169,STU016288,2025-03-09,Placed,Core Engineering,369459.0,Software Engineer,Platform Job Board
OUT0003170,STU016290,2025-12-31,Placed,Core Engineering,367705.0,Digital Marketing Executive,Campus Drive
OUT0003171,STU016292,2025-01-05,Actively Searching,,,,
OUT0003172,STU016293,2025-11-15,Placed,BFSI,668287.0,Operations Executive,Direct Company Tie-up
OUT0003173,STU016299,2024-11-10,Placed,MNC/IT Services,654809.0,UI/UX Designer,Platform Job Board
OUT0003174,STU016300,2024-10-09,Placed,Startup,740560.0,Operations Executive,Platform Job Board
OUT0003175,STU016301,2025-05-28,Placed,BFSI,390096.0,Digital Marketing Executive,Campus Drive
OUT0003176,STU016303,2024-06-03,Placed,MNC/IT Services,365949.0,UI/UX Designer,Campus Drive
OUT0003177,STU016311,2025-12-31,Placed,Product Company,668100.0,Business Analyst,Campus Drive
OUT0003178,STU016313,2025-09-25,Actively Searching,,,,
OUT0003179,STU016316,2024-11-08,Placed,Product Company,801685.0,Software Engineer,Referral
OUT0003180,STU016317,2024-12-26,Placed,BFSI,426003.0,Data Analyst,Platform Job Board
OUT0003181,STU016326,2025-01-07,Placed,SME/Local Business,380704.0,Software Engineer,Direct Company Tie-up
OUT0003182,STU016331,2025-12-31,Placed,Product Company,854487.0,Sales Executive,Platform Job Board
OUT0003183,STU016333,2025-12-11,Placed,SME/Local Business,387475.0,Business Analyst,Campus Drive
OUT0003184,STU016337,2025-12-24,Actively Searching,,,,
OUT0003185,STU016342,2025-11-22,Placed,Startup,249889.0,Operations Executive,Campus Drive
OUT0003186,STU016347,2025-12-15,Actively Searching,,,,
OUT0003187,STU016355,2025-06-21,Not Placed,,,,
OUT0003188,STU016357,2024-05-11,Not Placed,,,,
OUT0003189,STU016359,2024-12-18,Placed,SME/Local Business,311121.0,Data Analyst,Campus Drive
OUT0003190,STU016362,2025-07-19,Placed,Startup,302667.0,Operations Executive,Campus Drive
OUT0003191,STU016371,2024-08-19,Actively Searching,,,,
OUT0003192,STU016375,2024-07-07,Placed,BFSI,399218.0,Trainee Engineer,Platform Job Board
OUT0003193,STU016376,2025-01-03,Placed,MNC/IT Services,843085.0,Data Analyst,Referral
OUT0003194,STU016386,2024-07-10,Placed,SME/Local Business,328845.0,Software Engineer,Campus Drive
OUT0003195,STU016392,2024-12-24,Placed,SME/Local Business,291979.0,Sales Executive,Platform Job Board
OUT0003196,STU016401,2025-11-23,Placed,BFSI,780378.0,Digital Marketing Executive,Direct Company Tie-up
OUT0003197,STU016403,2025-05-05,Placed,MNC/IT Services,666510.0,Sales Executive,Campus Drive
OUT0003198,STU016409,2025-06-26,Placed,Startup,548450.0,Business Analyst,Campus Drive
OUT0003199,STU016414,2024-05-31,Actively Searching,,,,
OUT0003200,STU016415,2025-02-03,Not Placed,,,,
OUT0003201,STU016419,2025-06-28,Placed,MNC/IT Services,351128.0,Support Engineer,Campus Drive
OUT0003202,STU016426,2025-01-10,Placed,SME/Local Business,376355.0,Associate Consultant,Platform Job Board
OUT0003203,STU016434,2024-04-07,Actively Searching,,,,
OUT0003204,STU016437,2025-03-06,Placed,Product Company,869524.0,Digital Marketing Executive,Campus Drive
OUT0003205,STU016442,2024-11-01,Placed,MNC/IT Services,761309.0,Digital Marketing Executive,Platform Job Board
OUT0003206,STU016451,2025-05-07,Not Placed,,,,
OUT0003207,STU016454,2025-04-15,Placed,SME/Local Business,352981.0,UI/UX Designer,Campus Drive
OUT0003208,STU016463,2025-11-13,Actively Searching,,,,
OUT0003209,STU016465,2025-07-29,Actively Searching,,,,
OUT0003210,STU016475,2024-11-17,Not Placed,,,,
OUT0003211,STU016481,2024-12-08,Placed,Startup,690773.0,Operations Executive,Platform Job Board
OUT0003212,STU016482,2024-09-04,Placed,Startup,521764.0,Software Engineer,Campus Drive
OUT0003213,STU016484,2025-04-03,Placed,BFSI,450803.0,UI/UX Designer,Platform Job Board
OUT0003214,STU016486,2025-04-13,Placed,SME/Local Business,359128.0,Trainee Engineer,Platform Job Board
OUT0003215,STU016489,2024-05-18,Not Placed,,,,
OUT0003216,STU016490,2025-08-26,Actively Searching,,,,
OUT0003217,STU016502,2024-06-30,Actively Searching,,,,
OUT0003218,STU016504,2025-06-09,Placed,Startup,343511.0,UI/UX Designer,Platform Job Board
OUT0003219,STU016530,2025-08-24,Actively Searching,,,,
OUT0003220,STU016534,2024-09-12,Not Placed,,,,
OUT0003221,STU016539,2024-12-04,Placed,BFSI,339876.0,Support Engineer,Referral
OUT0003222,STU016540,2024-12-14,Placed,Startup,523760.0,Customer Success Associate,Direct Company Tie-up
OUT0003223,STU016542,2024-07-31,Not Placed,,,,
OUT0003224,STU016547,2025-12-17,Placed,MNC/IT Services,595672.0,Trainee Engineer,Direct Company Tie-up
OUT0003225,STU016553,2025-02-10,Placed,Startup,510096.0,Operations Executive,Referral
OUT0003226,STU016565,2025-11-02,Placed,Startup,704372.0,Support Engineer,Campus Drive
OUT0003227,STU016566,2025-04-09,Placed,Product Company,600758.0,Business Analyst,Platform Job Board
OUT0003228,STU016567,2025-10-17,Placed,BFSI,721655.0,Data Analyst,Campus Drive
OUT0003229,STU016569,2024-11-13,Placed,MNC/IT Services,277341.0,Operations Executive,Referral
OUT0003230,STU016574,2024-12-03,Not Placed,,,,
OUT0003231,STU016575,2025-12-31,Not Placed,,,,
OUT0003232,STU016579,2025-03-28,Placed,Startup,741220.0,Sales Executive,Campus Drive
OUT0003233,STU016580,2025-09-11,Placed,SME/Local Business,410914.0,Customer Success Associate,Platform Job Board
OUT0003234,STU016584,2024-12-11,Actively Searching,,,,
OUT0003235,STU016589,2025-10-25,Placed,Product Company,778702.0,Customer Success Associate,Referral
OUT0003236,STU016591,2024-08-27,Placed,Product Company,1475033.0,Data Analyst,Platform Job Board
OUT0003237,STU016592,2024-11-27,Actively Searching,,,,
OUT0003238,STU016601,2025-07-20,Actively Searching,,,,
OUT0003239,STU016603,2025-12-24,Placed,MNC/IT Services,399300.0,Software Engineer,Platform Job Board
OUT0003240,STU016607,2025-12-18,Placed,MNC/IT Services,457469.0,Business Analyst,Platform Job Board
OUT0003241,STU016612,2025-07-17,Placed,MNC/IT Services,486807.0,Support Engineer,Referral
OUT0003242,STU016614,2025-08-01,Not Placed,,,,
OUT0003243,STU016619,2025-12-17,Placed,Startup,593322.0,UI/UX Designer,Campus Drive
OUT0003244,STU016630,2025-04-27,Placed,Product Company,819800.0,Support Engineer,Referral
OUT0003245,STU016635,2025-09-20,Placed,Startup,219871.0,Associate Consultant,Direct Company Tie-up
OUT0003246,STU016637,2025-02-02,Placed,Core Engineering,489238.0,Sales Executive,Platform Job Board
OUT0003247,STU016638,2024-12-06,Placed,Core Engineering,467459.0,Associate Consultant,Campus Drive
OUT0003248,STU016640,2025-05-27,Placed,SME/Local Business,321368.0,Trainee Engineer,Platform Job Board
OUT0003249,STU016644,2024-12-08,Placed,MNC/IT Services,793322.0,Business Analyst,Campus Drive
OUT0003250,STU016652,2024-09-14,Placed,Startup,505628.0,Sales Executive,Direct Company Tie-up
OUT0003251,STU016656,2024-10-23,Placed,SME/Local Business,257776.0,Data Analyst,Campus Drive
OUT0003252,STU016660,2025-03-31,Placed,SME/Local Business,240578.0,Trainee Engineer,Platform Job Board
OUT0003253,STU016670,2025-02-26,Placed,Startup,381897.0,Data Analyst,Referral
OUT0003254,STU016676,2025-02-26,Placed,MNC/IT Services,316921.0,Associate Consultant,Campus Drive
OUT0003255,STU016678,2025-04-07,Placed,Core Engineering,327075.0,Customer Success Associate,Referral
OUT0003256,STU016685,2024-10-16,Not Placed,,,,
OUT0003257,STU016690,2025-07-20,Placed,MNC/IT Services,609385.0,Data Analyst,Direct Company Tie-up
OUT0003258,STU016692,2024-11-03,Placed,MNC/IT Services,526363.0,Business Analyst,Platform Job Board
OUT0003259,STU016693,2025-02-18,Placed,Startup,332676.0,Software Engineer,Campus Drive
OUT0003260,STU016695,2025-06-21,Placed,BFSI,371499.0,Operations Executive,Direct Company Tie-up
OUT0003261,STU016702,2024-08-28,Actively Searching,,,,
OUT0003262,STU016703,2025-10-22,Placed,Startup,331042.0,Operations Executive,Direct Company Tie-up
OUT0003263,STU016705,2025-05-01,Actively Searching,,,,
OUT0003264,STU016708,2025-05-30,Placed,MNC/IT Services,706576.0,Business Analyst,Direct Company Tie-up
OUT0003265,STU016714,2025-06-20,Placed,MNC/IT Services,564962.0,UI/UX Designer,Campus Drive
OUT0003266,STU016728,2025-05-31,Placed,Startup,562997.0,Associate Consultant,Platform Job Board
OUT0003267,STU016730,2025-09-28,Placed,SME/Local Business,488829.0,Customer Success Associate,Platform Job Board
OUT0003268,STU016743,2025-09-08,Actively Searching,,,,
OUT0003269,STU016750,2025-04-08,Placed,Core Engineering,316385.0,Software Engineer,Direct Company Tie-up
OUT0003270,STU016756,2025-12-31,Placed,Product Company,592466.0,Trainee Engineer,Direct Company Tie-up
OUT0003271,STU016767,2024-04-11,Placed,Product Company,1202133.0,Data Analyst,Campus Drive
OUT0003272,STU016769,2025-01-28,Not Placed,,,,
OUT0003273,STU016773,2025-10-10,Not Placed,,,,
OUT0003274,STU016785,2025-08-06,Actively Searching,,,,
OUT0003275,STU016791,2025-12-31,Not Placed,,,,
OUT0003276,STU016799,2025-12-26,Actively Searching,,,,
OUT0003277,STU016800,2025-10-03,Actively Searching,,,,
OUT0003278,STU016809,2025-12-31,Not Placed,,,,
OUT0003279,STU016810,2025-08-03,Actively Searching,,,,
OUT0003280,STU016811,2025-01-19,Actively Searching,,,,
OUT0003281,STU016812,2025-11-09,Placed,Startup,604118.0,Software Engineer,Direct Company Tie-up
OUT0003282,STU016813,2025-12-31,Placed,SME/Local Business,211770.0,Data Analyst,Platform Job Board
OUT0003283,STU016814,2025-07-11,Placed,Product Company,819211.0,UI/UX Designer,Campus Drive
OUT0003284,STU016821,2024-12-18,Placed,BFSI,712953.0,Software Engineer,Direct Company Tie-up
OUT0003285,STU016823,2025-10-26,Placed,MNC/IT Services,397061.0,Sales Executive,Direct Company Tie-up
OUT0003286,STU016824,2025-05-28,Not Placed,,,,
OUT0003287,STU016835,2025-06-15,Not Placed,,,,
OUT0003288,STU016850,2024-09-09,Placed,MNC/IT Services,493320.0,Business Analyst,Direct Company Tie-up
OUT0003289,STU016854,2025-12-25,Not Placed,,,,
OUT0003290,STU016857,2025-04-25,Not Placed,,,,
OUT0003291,STU016862,2024-09-20,Placed,SME/Local Business,225216.0,Sales Executive,Direct Company Tie-up
OUT0003292,STU016873,2025-09-11,Actively Searching,,,,
OUT0003293,STU016874,2025-11-23,Placed,MNC/IT Services,619456.0,Data Analyst,Referral
OUT0003294,STU016879,2025-01-20,Not Placed,,,,
OUT0003295,STU016885,2024-11-25,Placed,MNC/IT Services,696165.0,UI/UX Designer,Platform Job Board
OUT0003296,STU016888,2025-09-25,Placed,Startup,502112.0,UI/UX Designer,Direct Company Tie-up
OUT0003297,STU016889,2025-08-12,Actively Searching,,,,
OUT0003298,STU016892,2025-12-21,Placed,BFSI,609686.0,Trainee Engineer,Campus Drive
OUT0003299,STU016895,2025-04-21,Actively Searching,,,,
OUT0003300,STU016903,2024-04-01,Not Placed,,,,
OUT0003301,STU016914,2024-10-04,Not Placed,,,,
OUT0003302,STU016915,2025-03-21,Not Placed,,,,
OUT0003303,STU016919,2024-11-06,Not Placed,,,,
OUT0003304,STU016923,2024-12-28,Placed,MNC/IT Services,607066.0,Software Engineer,Direct Company Tie-up
OUT0003305,STU016926,2025-10-03,Placed,MNC/IT Services,598478.0,Digital Marketing Executive,Platform Job Board
OUT0003306,STU016932,2025-05-11,Placed,BFSI,538983.0,Operations Executive,Platform Job Board
OUT0003307,STU016936,2025-03-28,Actively Searching,,,,
OUT0003308,STU016938,2024-09-03,Placed,Startup,732380.0,Digital Marketing Executive,Campus Drive
OUT0003309,STU016940,2024-09-02,Actively Searching,,,,
OUT0003310,STU016943,2025-09-07,Not Placed,,,,
OUT0003311,STU016945,2025-09-05,Not Placed,,,,
OUT0003312,STU016946,2025-08-20,Placed,Startup,289180.0,Software Engineer,Direct Company Tie-up
OUT0003313,STU016951,2024-04-30,Placed,SME/Local Business,254184.0,Business Analyst,Referral
OUT0003314,STU016960,2025-09-23,Actively Searching,,,,
OUT0003315,STU016961,2024-03-11,Placed,SME/Local Business,371549.0,Data Analyst,Direct Company Tie-up
OUT0003316,STU016968,2025-03-29,Actively Searching,,,,
OUT0003317,STU016971,2025-01-26,Actively Searching,,,,
OUT0003318,STU016977,2024-12-27,Placed,Startup,541861.0,Digital Marketing Executive,Campus Drive
OUT0003319,STU016978,2024-10-21,Placed,SME/Local Business,206627.0,UI/UX Designer,Direct Company Tie-up
OUT0003320,STU016981,2024-08-09,Placed,BFSI,352992.0,Business Analyst,Platform Job Board
OUT0003321,STU016988,2025-05-02,Not Placed,,,,
OUT0003322,STU016990,2025-05-31,Not Placed,,,,
OUT0003323,STU016991,2024-05-21,Actively Searching,,,,
OUT0003324,STU016994,2025-03-05,Actively Searching,,,,
OUT0003325,STU017000,2025-07-26,Placed,BFSI,661248.0,Support Engineer,Campus Drive
OUT0003326,STU017006,2025-11-14,Placed,MNC/IT Services,496714.0,Trainee Engineer,Campus Drive
OUT0003327,STU017008,2025-12-31,Placed,MNC/IT Services,606840.0,Digital Marketing Executive,Platform Job Board
OUT0003328,STU017014,2025-11-05,Not Placed,,,,
OUT0003329,STU017015,2024-03-19,Not Placed,,,,
OUT0003330,STU017018,2025-09-26,Actively Searching,,,,
OUT0003331,STU017020,2025-01-16,Placed,SME/Local Business,375348.0,Operations Executive,Campus Drive
OUT0003332,STU017022,2025-12-22,Placed,MNC/IT Services,466864.0,Support Engineer,Platform Job Board
OUT0003333,STU017026,2025-06-13,Placed,Startup,681117.0,Business Analyst,Platform Job Board
OUT0003334,STU017034,2025-07-03,Placed,Startup,660611.0,Customer Success Associate,Platform Job Board
OUT0003335,STU017046,2025-04-19,Actively Searching,,,,
OUT0003336,STU017050,2025-11-14,Actively Searching,,,,
OUT0003337,STU017061,2025-07-01,Actively Searching,,,,
OUT0003338,STU017063,2024-06-12,Not Placed,,,,
OUT0003339,STU017077,2025-08-14,Placed,MNC/IT Services,803670.0,UI/UX Designer,Campus Drive
OUT0003340,STU017080,2024-07-05,Placed,Product Company,426372.0,UI/UX Designer,Platform Job Board
OUT0003341,STU017087,2025-11-07,Not Placed,,,,
OUT0003342,STU017092,2025-03-14,Placed,BFSI,446185.0,Support Engineer,Platform Job Board
OUT0003343,STU017095,2025-08-17,Placed,BFSI,321009.0,Trainee Engineer,Platform Job Board
OUT0003344,STU017103,2024-10-26,Actively Searching,,,,
OUT0003345,STU017105,2025-05-08,Not Placed,,,,
OUT0003346,STU017107,2024-08-01,Actively Searching,,,,
OUT0003347,STU017125,2024-12-15,Placed,BFSI,459074.0,Trainee Engineer,Platform Job Board
OUT0003348,STU017140,2024-11-15,Placed,MNC/IT Services,520616.0,Associate Consultant,Campus Drive
OUT0003349,STU017141,2024-09-26,Placed,SME/Local Business,271567.0,Associate Consultant,Direct Company Tie-up
OUT0003350,STU017142,2025-07-11,Actively Searching,,,,
OUT0003351,STU017143,2025-06-18,Not Placed,,,,
OUT0003352,STU017146,2025-03-03,Not Placed,,,,
OUT0003353,STU017163,2025-05-05,Placed,Product Company,989190.0,Trainee Engineer,Campus Drive
OUT0003354,STU017166,2024-04-17,Placed,MNC/IT Services,825812.0,Associate Consultant,Platform Job Board
OUT0003355,STU017167,2025-10-20,Actively Searching,,,,
OUT0003356,STU017168,2024-08-24,Placed,Product Company,725109.0,Digital Marketing Executive,Campus Drive
OUT0003357,STU017173,2025-04-11,Not Placed,,,,
OUT0003358,STU017180,2024-08-22,Not Placed,,,,
OUT0003359,STU017183,2025-05-05,Placed,Startup,514439.0,Operations Executive,Referral
OUT0003360,STU017194,2025-11-23,Actively Searching,,,,
OUT0003361,STU017213,2024-10-05,Not Placed,,,,
OUT0003362,STU017216,2024-05-04,Placed,Product Company,895937.0,Support Engineer,Referral
OUT0003363,STU017236,2024-11-21,Not Placed,,,,
OUT0003364,STU017240,2025-02-07,Not Placed,,,,
OUT0003365,STU017241,2025-10-10,Placed,BFSI,460493.0,Software Engineer,Referral
OUT0003366,STU017256,2024-11-04,Placed,BFSI,748681.0,Support Engineer,Platform Job Board
OUT0003367,STU017257,2024-11-08,Not Placed,,,,
OUT0003368,STU017263,2024-09-08,Actively Searching,,,,
OUT0003369,STU017264,2024-06-16,Placed,MNC/IT Services,674111.0,Customer Success Associate,Referral
OUT0003370,STU017265,2025-03-18,Placed,Product Company,870719.0,Software Engineer,Platform Job Board
OUT0003371,STU017266,2024-11-04,Placed,Startup,513398.0,Sales Executive,Referral
OUT0003372,STU017282,2024-04-16,Actively Searching,,,,
OUT0003373,STU017285,2025-05-12,Not Placed,,,,
OUT0003374,STU017286,2024-05-13,Actively Searching,,,,
OUT0003375,STU017302,2024-07-03,Actively Searching,,,,
OUT0003376,STU017323,2025-12-26,Not Placed,,,,
OUT0003377,STU017333,2025-03-01,Placed,Product Company,1064950.0,Data Analyst,Referral
OUT0003378,STU017336,2025-07-28,Placed,BFSI,783829.0,Operations Executive,Platform Job Board
OUT0003379,STU017338,2025-04-18,Placed,SME/Local Business,275582.0,Sales Executive,Direct Company Tie-up
OUT0003380,STU017343,2024-04-25,Placed,Product Company,1148500.0,Software Engineer,Platform Job Board
OUT0003381,STU017347,2025-02-23,Placed,SME/Local Business,363332.0,Software Engineer,Campus Drive
OUT0003382,STU017351,2024-07-05,Actively Searching,,,,
OUT0003383,STU017352,2025-11-16,Placed,MNC/IT Services,729211.0,Software Engineer,Campus Drive
OUT0003384,STU017356,2025-03-20,Placed,Startup,684696.0,Support Engineer,Campus Drive
OUT0003385,STU017362,2024-06-21,Placed,BFSI,596615.0,Operations Executive,Direct Company Tie-up
OUT0003386,STU017363,2024-08-11,Placed,Startup,466195.0,Digital Marketing Executive,Referral
OUT0003387,STU017371,2024-10-01,Actively Searching,,,,
OUT0003388,STU017374,2024-10-08,Placed,MNC/IT Services,283951.0,UI/UX Designer,Campus Drive
OUT0003389,STU017375,2025-08-26,Placed,MNC/IT Services,491379.0,Sales Executive,Campus Drive
OUT0003390,STU017376,2025-03-13,Actively Searching,,,,
OUT0003391,STU017377,2025-04-28,Placed,MNC/IT Services,414202.0,Digital Marketing Executive,Referral
OUT0003392,STU017381,2025-05-30,Placed,Startup,387519.0,Sales Executive,Referral
OUT0003393,STU017388,2025-09-20,Placed,BFSI,499473.0,Business Analyst,Referral
OUT0003394,STU017391,2024-11-01,Placed,SME/Local Business,376031.0,Trainee Engineer,Campus Drive
OUT0003395,STU017410,2025-08-19,Placed,Startup,500702.0,Associate Consultant,Campus Drive
OUT0003396,STU017412,2024-08-29,Placed,Product Company,1238679.0,Operations Executive,Platform Job Board
OUT0003397,STU017414,2025-08-20,Actively Searching,,,,
OUT0003398,STU017415,2025-11-30,Placed,BFSI,367326.0,Data Analyst,Platform Job Board
OUT0003399,STU017424,2025-08-31,Not Placed,,,,
OUT0003400,STU017436,2024-06-27,Actively Searching,,,,
OUT0003401,STU017447,2024-03-27,Actively Searching,,,,
OUT0003402,STU017448,2024-08-27,Placed,Startup,488690.0,Customer Success Associate,Platform Job Board
OUT0003403,STU017454,2024-11-01,Placed,BFSI,805910.0,Trainee Engineer,Campus Drive
OUT0003404,STU017456,2025-01-17,Placed,MNC/IT Services,773189.0,Software Engineer,Campus Drive
OUT0003405,STU017459,2025-08-22,Not Placed,,,,
OUT0003406,STU017472,2024-11-20,Actively Searching,,,,
OUT0003407,STU017484,2025-07-11,Actively Searching,,,,
OUT0003408,STU017487,2025-12-09,Actively Searching,,,,
OUT0003409,STU017492,2024-09-23,Placed,BFSI,655431.0,Sales Executive,Campus Drive
OUT0003410,STU017497,2024-07-24,Placed,SME/Local Business,317208.0,Sales Executive,Referral
OUT0003411,STU017498,2024-09-02,Not Placed,,,,
OUT0003412,STU017500,2025-09-21,Actively Searching,,,,
OUT0003413,STU017510,2024-09-13,Placed,BFSI,514803.0,Data Analyst,Campus Drive
OUT0003414,STU017512,2025-01-12,Actively Searching,,,,
OUT0003415,STU017518,2024-09-15,Placed,MNC/IT Services,352239.0,Sales Executive,Direct Company Tie-up
OUT0003416,STU017522,2024-11-19,Placed,SME/Local Business,416233.0,Business Analyst,Platform Job Board
OUT0003417,STU017529,2025-05-25,Actively Searching,,,,
OUT0003418,STU017535,2025-12-31,Not Placed,,,,
OUT0003419,STU017537,2025-02-15,Not Placed,,,,
OUT0003420,STU017544,2024-04-01,Actively Searching,,,,
OUT0003421,STU017546,2025-07-26,Not Placed,,,,
OUT0003422,STU017552,2025-02-04,Placed,MNC/IT Services,628798.0,Digital Marketing Executive,Campus Drive
OUT0003423,STU017553,2025-04-25,Actively Searching,,,,
OUT0003424,STU017554,2025-06-09,Not Placed,,,,
OUT0003425,STU017556,2025-10-14,Placed,MNC/IT Services,591246.0,Customer Success Associate,Direct Company Tie-up
OUT0003426,STU017557,2024-10-11,Placed,BFSI,398879.0,Operations Executive,Campus Drive
OUT0003427,STU017563,2024-06-18,Placed,Startup,635260.0,Data Analyst,Direct Company Tie-up
OUT0003428,STU017570,2024-12-17,Actively Searching,,,,
OUT0003429,STU017576,2024-06-10,Actively Searching,,,,
OUT0003430,STU017580,2024-10-08,Placed,Startup,576834.0,Associate Consultant,Platform Job Board
OUT0003431,STU017583,2025-03-23,Not Placed,,,,
OUT0003432,STU017587,2024-11-24,Actively Searching,,,,
OUT0003433,STU017591,2025-12-31,Actively Searching,,,,
OUT0003434,STU017599,2025-07-24,Not Placed,,,,
OUT0003435,STU017600,2024-10-16,Placed,Startup,535076.0,UI/UX Designer,Referral
OUT0003436,STU017605,2024-10-18,Placed,Product Company,690215.0,Trainee Engineer,Referral
OUT0003437,STU017614,2025-11-28,Not Placed,,,,
OUT0003438,STU017628,2025-04-19,Placed,MNC/IT Services,488886.0,Trainee Engineer,Campus Drive
OUT0003439,STU017633,2025-12-31,Actively Searching,,,,
OUT0003440,STU017635,2025-12-30,Not Placed,,,,
OUT0003441,STU017649,2025-01-11,Placed,BFSI,604119.0,Business Analyst,Campus Drive
OUT0003442,STU017650,2024-05-06,Placed,BFSI,576653.0,Trainee Engineer,Platform Job Board
OUT0003443,STU017656,2025-04-24,Placed,SME/Local Business,330737.0,Trainee Engineer,Platform Job Board
OUT0003444,STU017661,2024-10-20,Not Placed,,,,
OUT0003445,STU017665,2025-05-29,Actively Searching,,,,
OUT0003446,STU017667,2025-03-26,Not Placed,,,,
OUT0003447,STU017668,2025-07-21,Placed,Startup,479054.0,Digital Marketing Executive,Direct Company Tie-up
OUT0003448,STU017669,2025-04-04,Actively Searching,,,,
OUT0003449,STU017675,2025-02-21,Actively Searching,,,,
OUT0003450,STU017677,2025-09-15,Placed,BFSI,355069.0,UI/UX Designer,Campus Drive
OUT0003451,STU017690,2025-08-03,Placed,BFSI,674695.0,Business Analyst,Direct Company Tie-up
OUT0003452,STU017695,2024-08-23,Actively Searching,,,,
OUT0003453,STU017697,2025-05-21,Actively Searching,,,,
OUT0003454,STU017706,2025-11-03,Placed,Core Engineering,539583.0,Associate Consultant,Direct Company Tie-up
OUT0003455,STU017710,2025-12-29,Placed,SME/Local Business,485232.0,Associate Consultant,Platform Job Board
OUT0003456,STU017715,2025-10-20,Not Placed,,,,
OUT0003457,STU017716,2024-11-17,Placed,Product Company,1448652.0,Data Analyst,Platform Job Board
OUT0003458,STU017724,2025-07-22,Actively Searching,,,,
OUT0003459,STU017725,2025-05-12,Placed,MNC/IT Services,590599.0,Software Engineer,Campus Drive
OUT0003460,STU017728,2025-11-02,Actively Searching,,,,
OUT0003461,STU017744,2025-01-31,Placed,MNC/IT Services,478033.0,UI/UX Designer,Referral
OUT0003462,STU017747,2025-04-25,Placed,BFSI,354244.0,Sales Executive,Campus Drive
OUT0003463,STU017748,2025-11-03,Actively Searching,,,,
OUT0003464,STU017750,2025-01-26,Placed,Startup,419523.0,Customer Success Associate,Direct Company Tie-up
OUT0003465,STU017751,2024-10-10,Actively Searching,,,,
OUT0003466,STU017781,2025-03-07,Placed,MNC/IT Services,801875.0,Operations Executive,Direct Company Tie-up
OUT0003467,STU017782,2025-05-20,Placed,Product Company,782736.0,Data Analyst,Platform Job Board
OUT0003468,STU017783,2025-04-08,Placed,Product Company,1452512.0,Digital Marketing Executive,Direct Company Tie-up
OUT0003469,STU017788,2024-11-15,Placed,SME/Local Business,415896.0,Digital Marketing Executive,Campus Drive
OUT0003470,STU017800,2025-06-24,Placed,Startup,345180.0,Sales Executive,Platform Job Board
OUT0003471,STU017810,2025-08-07,Not Placed,,,,
OUT0003472,STU017812,2024-11-09,Actively Searching,,,,
OUT0003473,STU017815,2025-12-31,Placed,Product Company,441759.0,Customer Success Associate,Platform Job Board
OUT0003474,STU017816,2025-07-13,Placed,MNC/IT Services,465173.0,Data Analyst,Campus Drive
OUT0003475,STU017818,2025-07-12,Placed,MNC/IT Services,518627.0,Support Engineer,Platform Job Board
OUT0003476,STU017829,2024-07-12,Placed,BFSI,496680.0,Support Engineer,Referral
OUT0003477,STU017832,2024-03-10,Actively Searching,,,,
OUT0003478,STU017836,2025-02-28,Not Placed,,,,
OUT0003479,STU017846,2024-06-12,Placed,SME/Local Business,338717.0,Operations Executive,Referral
OUT0003480,STU017847,2024-04-19,Actively Searching,,,,
OUT0003481,STU017855,2025-09-26,Placed,Startup,477103.0,Sales Executive,Referral
OUT0003482,STU017857,2025-02-18,Actively Searching,,,,
OUT0003483,STU017859,2025-07-20,Placed,Startup,633503.0,UI/UX Designer,Referral
OUT0003484,STU017861,2024-11-26,Not Placed,,,,
OUT0003485,STU017880,2025-12-31,Not Placed,,,,
OUT0003486,STU017881,2024-05-18,Placed,Startup,646905.0,Digital Marketing Executive,Platform Job Board
OUT0003487,STU017885,2025-02-17,Not Placed,,,,
OUT0003488,STU017887,2024-12-29,Not Placed,,,,
OUT0003489,STU017897,2025-12-15,Actively Searching,,,,
OUT0003490,STU017903,2024-09-19,Placed,SME/Local Business,284560.0,Digital Marketing Executive,Campus Drive
OUT0003491,STU017918,2025-06-29,Not Placed,,,,
OUT0003492,STU017928,2024-11-27,Not Placed,,,,
OUT0003493,STU017930,2024-09-02,Not Placed,,,,
OUT0003494,STU017938,2025-08-22,Actively Searching,,,,
OUT0003495,STU017941,2025-09-25,Placed,MNC/IT Services,424533.0,Digital Marketing Executive,Direct Company Tie-up
OUT0003496,STU017947,2024-08-12,Placed,MNC/IT Services,605967.0,Support Engineer,Campus Drive
OUT0003497,STU017949,2024-08-24,Actively Searching,,,,
OUT0003498,STU017950,2024-10-30,Placed,MNC/IT Services,384126.0,Software Engineer,Platform Job Board
OUT0003499,STU017955,2025-12-26,Placed,Startup,434110.0,Digital Marketing Executive,Referral
OUT0003500,STU017958,2024-09-16,Not Placed,,,,
OUT0003501,STU017961,2025-11-05,Placed,Product Company,845603.0,Data Analyst,Referral
OUT0003502,STU017969,2024-10-14,Actively Searching,,,,
OUT0003503,STU017976,2024-05-19,Not Placed,,,,
OUT0003504,STU017981,2025-07-02,Placed,Startup,433495.0,Sales Executive,Campus Drive
OUT0003505,STU017986,2025-12-14,Placed,SME/Local Business,374465.0,Software Engineer,Direct Company Tie-up
OUT0003506,STU017989,2024-09-28,Actively Searching,,,,
OUT0003507,STU017991,2024-12-10,Actively Searching,,,,
OUT0003508,STU018000,2024-11-17,Placed,MNC/IT Services,626310.0,Business Analyst,Campus Drive
OUT0003509,STU018002,2025-01-12,Placed,Product Company,613693.0,Associate Consultant,Platform Job Board
OUT0003510,STU018015,2025-07-27,Placed,BFSI,709865.0,Associate Consultant,Platform Job Board
OUT0003511,STU018020,2025-06-08,Not Placed,,,,
OUT0003512,STU018022,2025-04-08,Placed,MNC/IT Services,386265.0,Customer Success Associate,Campus Drive
OUT0003513,STU018036,2024-11-27,Actively Searching,,,,
OUT0003514,STU018038,2025-09-08,Actively Searching,,,,
OUT0003515,STU018041,2025-08-13,Placed,Startup,405589.0,Digital Marketing Executive,Platform Job Board
OUT0003516,STU018043,2024-08-09,Placed,BFSI,565088.0,Support Engineer,Platform Job Board
OUT0003517,STU018045,2024-10-16,Placed,MNC/IT Services,508151.0,Digital Marketing Executive,Platform Job Board
OUT0003518,STU018047,2025-04-10,Not Placed,,,,
OUT0003519,STU018049,2025-06-08,Placed,BFSI,493532.0,Data Analyst,Campus Drive
OUT0003520,STU018054,2024-08-10,Actively Searching,,,,
OUT0003521,STU018058,2025-01-07,Placed,MNC/IT Services,443555.0,Business Analyst,Campus Drive
OUT0003522,STU018059,2024-04-24,Actively Searching,,,,
OUT0003523,STU018060,2024-06-20,Placed,Core Engineering,450818.0,Associate Consultant,Campus Drive
OUT0003524,STU018069,2024-05-30,Actively Searching,,,,
OUT0003525,STU018080,2025-08-26,Actively Searching,,,,
OUT0003526,STU018084,2024-11-09,Placed,SME/Local Business,289175.0,Software Engineer,Platform Job Board
OUT0003527,STU018085,2025-02-28,Placed,BFSI,399673.0,Software Engineer,Campus Drive
OUT0003528,STU018098,2025-11-16,Placed,MNC/IT Services,506770.0,Trainee Engineer,Platform Job Board
OUT0003529,STU018100,2025-04-07,Placed,MNC/IT Services,564592.0,Trainee Engineer,Campus Drive
OUT0003530,STU018106,2025-04-06,Actively Searching,,,,
OUT0003531,STU018113,2025-11-04,Placed,SME/Local Business,274917.0,UI/UX Designer,Campus Drive
OUT0003532,STU018114,2024-12-03,Placed,BFSI,419647.0,UI/UX Designer,Campus Drive
OUT0003533,STU018123,2025-12-26,Placed,Startup,561353.0,Support Engineer,Platform Job Board
OUT0003534,STU018132,2024-07-06,Placed,Startup,522625.0,UI/UX Designer,Referral
OUT0003535,STU018139,2024-10-16,Placed,SME/Local Business,282119.0,Operations Executive,Campus Drive
OUT0003536,STU018140,2025-11-16,Actively Searching,,,,
OUT0003537,STU018142,2024-07-23,Placed,Product Company,1071967.0,Trainee Engineer,Direct Company Tie-up
OUT0003538,STU018149,2025-08-16,Placed,BFSI,569632.0,Trainee Engineer,Platform Job Board
OUT0003539,STU018152,2025-12-26,Actively Searching,,,,
OUT0003540,STU018156,2025-09-09,Placed,MNC/IT Services,464346.0,Operations Executive,Campus Drive
OUT0003541,STU018160,2025-09-23,Actively Searching,,,,
OUT0003542,STU018168,2024-12-27,Placed,MNC/IT Services,875386.0,Associate Consultant,Platform Job Board
OUT0003543,STU018174,2024-07-15,Actively Searching,,,,
OUT0003544,STU018176,2025-12-23,Placed,Startup,531352.0,Digital Marketing Executive,Referral
OUT0003545,STU018178,2024-06-19,Actively Searching,,,,
OUT0003546,STU018181,2025-08-29,Placed,Product Company,753915.0,Operations Executive,Campus Drive
OUT0003547,STU018197,2025-03-13,Placed,Core Engineering,510223.0,Data Analyst,Platform Job Board
OUT0003548,STU018199,2025-08-14,Placed,MNC/IT Services,547715.0,UI/UX Designer,Direct Company Tie-up
OUT0003549,STU018202,2024-11-08,Placed,Startup,419148.0,Business Analyst,Campus Drive
OUT0003550,STU018207,2024-10-12,Placed,SME/Local Business,273133.0,Support Engineer,Platform Job Board
OUT0003551,STU018210,2025-06-24,Not Placed,,,,
OUT0003552,STU018216,2024-06-13,Placed,BFSI,428082.0,Business Analyst,Campus Drive
OUT0003553,STU018224,2025-07-06,Not Placed,,,,
OUT0003554,STU018230,2025-07-28,Placed,Startup,493889.0,Support Engineer,Platform Job Board
OUT0003555,STU018237,2025-02-19,Actively Searching,,,,
OUT0003556,STU018243,2025-12-07,Placed,BFSI,575680.0,Business Analyst,Referral
OUT0003557,STU018248,2024-10-06,Placed,Startup,358509.0,UI/UX Designer,Campus Drive
OUT0003558,STU018255,2025-03-30,Placed,SME/Local Business,241229.0,Associate Consultant,Direct Company Tie-up
OUT0003559,STU018262,2024-11-21,Placed,BFSI,657264.0,UI/UX Designer,Platform Job Board
OUT0003560,STU018264,2024-10-14,Placed,Startup,402117.0,UI/UX Designer,Platform Job Board
OUT0003561,STU018265,2025-03-22,Not Placed,,,,
OUT0003562,STU018267,2025-10-25,Actively Searching,,,,
OUT0003563,STU018277,2025-03-08,Actively Searching,,,,
OUT0003564,STU018280,2024-04-01,Not Placed,,,,
OUT0003565,STU018302,2024-06-22,Placed,Core Engineering,321009.0,Trainee Engineer,Referral
OUT0003566,STU018313,2025-09-17,Not Placed,,,,
OUT0003567,STU018314,2025-10-10,Placed,Startup,496956.0,Associate Consultant,Campus Drive
OUT0003568,STU018329,2024-12-14,Actively Searching,,,,
OUT0003569,STU018330,2024-07-22,Placed,Startup,409619.0,Associate Consultant,Direct Company Tie-up
OUT0003570,STU018337,2025-11-20,Placed,SME/Local Business,222006.0,Digital Marketing Executive,Referral
OUT0003571,STU018364,2025-04-15,Placed,Startup,560337.0,Business Analyst,Direct Company Tie-up
OUT0003572,STU018369,2025-08-28,Placed,BFSI,418817.0,Trainee Engineer,Campus Drive
OUT0003573,STU018379,2025-10-07,Placed,MNC/IT Services,278716.0,Operations Executive,Direct Company Tie-up
OUT0003574,STU018380,2024-04-10,Placed,BFSI,524694.0,Digital Marketing Executive,Platform Job Board
OUT0003575,STU018381,2024-12-22,Placed,Product Company,685305.0,UI/UX Designer,Direct Company Tie-up
OUT0003576,STU018385,2025-05-16,Actively Searching,,,,
OUT0003577,STU018390,2024-04-20,Actively Searching,,,,
OUT0003578,STU018395,2025-07-30,Placed,SME/Local Business,482871.0,Sales Executive,Campus Drive
OUT0003579,STU018397,2025-03-12,Placed,MNC/IT Services,507240.0,Support Engineer,Campus Drive
OUT0003580,STU018398,2025-08-02,Not Placed,,,,
OUT0003581,STU018424,2024-08-18,Placed,Core Engineering,559738.0,Support Engineer,Platform Job Board
OUT0003582,STU018430,2024-09-06,Placed,Startup,518957.0,Operations Executive,Direct Company Tie-up
OUT0003583,STU018433,2024-09-08,Placed,BFSI,739189.0,Associate Consultant,Platform Job Board
OUT0003584,STU018436,2024-05-14,Placed,MNC/IT Services,618334.0,Associate Consultant,Platform Job Board
OUT0003585,STU018439,2025-06-29,Actively Searching,,,,
OUT0003586,STU018446,2024-12-13,Placed,Startup,508035.0,Sales Executive,Direct Company Tie-up
OUT0003587,STU018450,2025-12-07,Placed,Product Company,637804.0,UI/UX Designer,Campus Drive
OUT0003588,STU018455,2025-07-21,Actively Searching,,,,
OUT0003589,STU018474,2024-06-25,Not Placed,,,,
OUT0003590,STU018476,2025-01-13,Not Placed,,,,
OUT0003591,STU018484,2025-08-20,Placed,Product Company,697301.0,Digital Marketing Executive,Campus Drive
OUT0003592,STU018487,2025-08-07,Placed,MNC/IT Services,637755.0,Digital Marketing Executive,Referral
OUT0003593,STU018494,2024-10-30,Placed,MNC/IT Services,602675.0,Software Engineer,Campus Drive
OUT0003594,STU018502,2024-11-25,Placed,BFSI,484977.0,Data Analyst,Direct Company Tie-up
OUT0003595,STU018503,2024-11-29,Placed,BFSI,755187.0,Data Analyst,Campus Drive
OUT0003596,STU018506,2024-12-14,Not Placed,,,,
OUT0003597,STU018508,2025-01-23,Actively Searching,,,,
OUT0003598,STU018519,2025-11-11,Placed,MNC/IT Services,358818.0,Customer Success Associate,Campus Drive
OUT0003599,STU018533,2024-04-22,Placed,MNC/IT Services,530531.0,UI/UX Designer,Platform Job Board
OUT0003600,STU018534,2025-02-15,Placed,SME/Local Business,482707.0,Software Engineer,Platform Job Board
OUT0003601,STU018536,2025-04-25,Not Placed,,,,
OUT0003602,STU018538,2025-07-02,Placed,Product Company,611450.0,Business Analyst,Campus Drive
OUT0003603,STU018540,2025-11-19,Actively Searching,,,,
OUT0003604,STU018542,2024-04-02,Actively Searching,,,,
OUT0003605,STU018544,2024-08-20,Actively Searching,,,,
OUT0003606,STU018553,2024-11-22,Actively Searching,,,,
OUT0003607,STU018555,2024-07-02,Placed,BFSI,473187.0,Operations Executive,Campus Drive
OUT0003608,STU018556,2025-08-07,Placed,MNC/IT Services,584511.0,Business Analyst,Direct Company Tie-up
OUT0003609,STU018557,2024-07-02,Placed,MNC/IT Services,406447.0,Trainee Engineer,Campus Drive
OUT0003610,STU018560,2025-03-02,Placed,SME/Local Business,273103.0,Customer Success Associate,Direct Company Tie-up
OUT0003611,STU018562,2024-09-03,Placed,BFSI,457511.0,Software Engineer,Platform Job Board
OUT0003612,STU018564,2025-01-25,Actively Searching,,,,
OUT0003613,STU018565,2025-11-30,Placed,Product Company,1211226.0,Digital Marketing Executive,Platform Job Board
OUT0003614,STU018567,2024-05-12,Placed,Product Company,913029.0,Business Analyst,Direct Company Tie-up
OUT0003615,STU018572,2025-11-03,Placed,Product Company,864740.0,Data Analyst,Direct Company Tie-up
OUT0003616,STU018573,2024-03-11,Placed,SME/Local Business,424607.0,Operations Executive,Referral
OUT0003617,STU018576,2024-11-30,Placed,Product Company,733526.0,Customer Success Associate,Campus Drive
OUT0003618,STU018577,2024-08-18,Not Placed,,,,
OUT0003619,STU018594,2025-02-23,Not Placed,,,,
OUT0003620,STU018595,2024-07-24,Placed,SME/Local Business,335685.0,UI/UX Designer,Direct Company Tie-up
OUT0003621,STU018613,2024-12-31,Not Placed,,,,
OUT0003622,STU018627,2025-12-31,Placed,Startup,497454.0,Customer Success Associate,Platform Job Board
OUT0003623,STU018634,2025-06-19,Placed,Product Company,504354.0,Business Analyst,Campus Drive
OUT0003624,STU018640,2024-12-24,Actively Searching,,,,
OUT0003625,STU018644,2024-08-14,Placed,MNC/IT Services,650365.0,Customer Success Associate,Direct Company Tie-up
OUT0003626,STU018650,2025-12-25,Actively Searching,,,,
OUT0003627,STU018651,2025-12-31,Placed,Startup,524173.0,Data Analyst,Campus Drive
OUT0003628,STU018656,2024-11-30,Actively Searching,,,,
OUT0003629,STU018657,2024-12-19,Actively Searching,,,,
OUT0003630,STU018663,2024-09-02,Placed,MNC/IT Services,799074.0,UI/UX Designer,Campus Drive
OUT0003631,STU018667,2025-03-15,Placed,Product Company,603018.0,Associate Consultant,Direct Company Tie-up
OUT0003632,STU018671,2025-10-04,Actively Searching,,,,
OUT0003633,STU018687,2025-04-09,Placed,Startup,476611.0,Business Analyst,Campus Drive
OUT0003634,STU018706,2025-02-12,Placed,MNC/IT Services,848639.0,Associate Consultant,Platform Job Board
OUT0003635,STU018715,2025-10-18,Placed,BFSI,696763.0,Trainee Engineer,Campus Drive
OUT0003636,STU018718,2025-12-21,Not Placed,,,,
OUT0003637,STU018724,2025-06-28,Not Placed,,,,
OUT0003638,STU018741,2024-11-19,Actively Searching,,,,
OUT0003639,STU018745,2024-12-12,Placed,Startup,510133.0,Digital Marketing Executive,Direct Company Tie-up
OUT0003640,STU018746,2024-11-25,Actively Searching,,,,
OUT0003641,STU018759,2025-04-25,Placed,Product Company,1201759.0,UI/UX Designer,Referral
OUT0003642,STU018760,2025-07-27,Placed,MNC/IT Services,370897.0,Associate Consultant,Campus Drive
OUT0003643,STU018770,2024-12-27,Placed,MNC/IT Services,630798.0,Support Engineer,Campus Drive
OUT0003644,STU018772,2025-10-30,Placed,Startup,520124.0,Trainee Engineer,Referral
OUT0003645,STU018774,2025-12-31,Not Placed,,,,
OUT0003646,STU018775,2025-09-04,Placed,BFSI,453066.0,Sales Executive,Campus Drive
OUT0003647,STU018778,2025-04-05,Placed,Startup,315622.0,Customer Success Associate,Campus Drive
OUT0003648,STU018791,2025-07-15,Placed,MNC/IT Services,555664.0,Associate Consultant,Direct Company Tie-up
OUT0003649,STU018793,2025-12-31,Not Placed,,,,
OUT0003650,STU018799,2025-06-01,Placed,Startup,372770.0,Digital Marketing Executive,Platform Job Board
OUT0003651,STU018800,2024-11-30,Placed,MNC/IT Services,498473.0,Digital Marketing Executive,Platform Job Board
OUT0003652,STU018820,2025-07-22,Actively Searching,,,,
OUT0003653,STU018821,2025-07-19,Placed,Startup,337443.0,Support Engineer,Referral
OUT0003654,STU018824,2024-11-09,Placed,Core Engineering,345471.0,Software Engineer,Direct Company Tie-up
OUT0003655,STU018830,2024-11-21,Not Placed,,,,
OUT0003656,STU018834,2024-11-27,Not Placed,,,,
OUT0003657,STU018835,2025-10-07,Not Placed,,,,
OUT0003658,STU018839,2024-07-09,Placed,Product Company,852849.0,Software Engineer,Direct Company Tie-up
OUT0003659,STU018849,2025-11-06,Placed,MNC/IT Services,784592.0,Trainee Engineer,Direct Company Tie-up
OUT0003660,STU018851,2024-12-09,Placed,MNC/IT Services,457558.0,Data Analyst,Platform Job Board
OUT0003661,STU018857,2024-09-08,Actively Searching,,,,
OUT0003662,STU018859,2025-12-16,Placed,SME/Local Business,209850.0,Digital Marketing Executive,Platform Job Board
OUT0003663,STU018861,2025-10-31,Placed,Core Engineering,402936.0,Operations Executive,Direct Company Tie-up
OUT0003664,STU018862,2025-04-16,Not Placed,,,,
OUT0003665,STU018874,2024-08-10,Not Placed,,,,
OUT0003666,STU018876,2025-08-15,Placed,BFSI,456888.0,Software Engineer,Platform Job Board
OUT0003667,STU018891,2025-11-12,Placed,SME/Local Business,298023.0,Operations Executive,Direct Company Tie-up
OUT0003668,STU018896,2025-12-29,Placed,MNC/IT Services,331651.0,Sales Executive,Platform Job Board
OUT0003669,STU018905,2025-12-31,Actively Searching,,,,
OUT0003670,STU018908,2025-09-24,Not Placed,,,,
OUT0003671,STU018912,2025-11-14,Actively Searching,,,,
OUT0003672,STU018914,2025-08-22,Placed,MNC/IT Services,387008.0,Operations Executive,Platform Job Board
OUT0003673,STU018915,2025-01-15,Actively Searching,,,,
OUT0003674,STU018931,2024-12-23,Placed,MNC/IT Services,693210.0,UI/UX Designer,Referral
OUT0003675,STU018932,2025-08-14,Placed,Product Company,1415651.0,Business Analyst,Direct Company Tie-up
OUT0003676,STU018933,2025-11-17,Placed,MNC/IT Services,484721.0,Customer Success Associate,Platform Job Board
OUT0003677,STU018936,2025-05-31,Not Placed,,,,
OUT0003678,STU018940,2024-10-06,Not Placed,,,,
OUT0003679,STU018941,2025-05-08,Placed,MNC/IT Services,365090.0,Associate Consultant,Direct Company Tie-up
OUT0003680,STU018942,2025-12-31,Placed,MNC/IT Services,523633.0,Digital Marketing Executive,Referral
OUT0003681,STU018945,2025-07-12,Actively Searching,,,,
OUT0003682,STU018948,2024-05-15,Placed,Startup,310499.0,Data Analyst,Platform Job Board
OUT0003683,STU018949,2025-12-31,Not Placed,,,,
OUT0003684,STU018956,2024-03-23,Placed,MNC/IT Services,658928.0,Business Analyst,Campus Drive
OUT0003685,STU018971,2024-08-21,Placed,Startup,494049.0,Sales Executive,Referral
OUT0003686,STU018977,2025-09-18,Actively Searching,,,,
OUT0003687,STU018978,2025-09-10,Actively Searching,,,,
OUT0003688,STU018979,2025-05-20,Placed,Startup,494527.0,Software Engineer,Campus Drive
OUT0003689,STU018989,2025-11-13,Actively Searching,,,,
OUT0003690,STU018994,2025-12-12,Placed,MNC/IT Services,492886.0,Sales Executive,Platform Job Board
OUT0003691,STU018998,2024-07-22,Not Placed,,,,
OUT0003692,STU018999,2024-08-09,Not Placed,,,,
OUT0003693,STU019001,2024-09-06,Actively Searching,,,,
OUT0003694,STU019002,2025-10-02,Actively Searching,,,,
OUT0003695,STU019005,2025-06-23,Actively Searching,,,,
OUT0003696,STU019010,2024-10-10,Placed,Product Company,795224.0,Digital Marketing Executive,Direct Company Tie-up
OUT0003697,STU019014,2024-12-16,Not Placed,,,,
OUT0003698,STU019018,2024-12-16,Not Placed,,,,
OUT0003699,STU019030,2025-05-30,Placed,Product Company,877053.0,Support Engineer,Campus Drive
OUT0003700,STU019031,2025-02-17,Placed,BFSI,556444.0,Operations Executive,Direct Company Tie-up
OUT0003701,STU019041,2025-08-15,Not Placed,,,,
OUT0003702,STU019043,2024-07-23,Placed,SME/Local Business,459468.0,Trainee Engineer,Direct Company Tie-up
OUT0003703,STU019044,2025-01-13,Placed,BFSI,345821.0,Business Analyst,Referral
OUT0003704,STU019045,2025-08-11,Actively Searching,,,,
OUT0003705,STU019049,2025-07-20,Actively Searching,,,,
OUT0003706,STU019052,2025-03-18,Actively Searching,,,,
OUT0003707,STU019057,2025-11-08,Placed,Core Engineering,351241.0,Support Engineer,Platform Job Board
OUT0003708,STU019058,2024-10-23,Actively Searching,,,,
OUT0003709,STU019074,2025-04-09,Actively Searching,,,,
OUT0003710,STU019083,2025-06-11,Placed,BFSI,745462.0,UI/UX Designer,Referral
OUT0003711,STU019088,2025-12-31,Placed,MNC/IT Services,778241.0,Customer Success Associate,Campus Drive
OUT0003712,STU019103,2025-09-23,Actively Searching,,,,
OUT0003713,STU019107,2024-07-07,Actively Searching,,,,
OUT0003714,STU019108,2025-01-24,Placed,Startup,444072.0,Data Analyst,Platform Job Board
OUT0003715,STU019109,2024-10-09,Placed,MNC/IT Services,486429.0,UI/UX Designer,Campus Drive
OUT0003716,STU019118,2024-07-17,Actively Searching,,,,
OUT0003717,STU019127,2025-01-29,Actively Searching,,,,
OUT0003718,STU019132,2025-11-01,Not Placed,,,,
OUT0003719,STU019137,2025-09-10,Not Placed,,,,
OUT0003720,STU019139,2025-07-26,Not Placed,,,,
OUT0003721,STU019144,2024-05-12,Actively Searching,,,,
OUT0003722,STU019145,2025-02-04,Actively Searching,,,,
OUT0003723,STU019147,2024-05-12,Placed,Startup,478428.0,UI/UX Designer,Direct Company Tie-up
OUT0003724,STU019165,2025-07-28,Not Placed,,,,
OUT0003725,STU019167,2024-07-20,Actively Searching,,,,
OUT0003726,STU019169,2025-09-21,Not Placed,,,,
OUT0003727,STU019175,2025-12-31,Actively Searching,,,,
OUT0003728,STU019177,2025-09-21,Not Placed,,,,
OUT0003729,STU019181,2025-07-25,Not Placed,,,,
OUT0003730,STU019182,2025-09-29,Placed,BFSI,407558.0,Associate Consultant,Platform Job Board
OUT0003731,STU019190,2025-12-01,Not Placed,,,,
OUT0003732,STU019194,2025-12-31,Placed,BFSI,362981.0,Sales Executive,Campus Drive
OUT0003733,STU019216,2025-09-29,Not Placed,,,,
OUT0003734,STU019221,2025-12-31,Not Placed,,,,
OUT0003735,STU019227,2025-06-19,Placed,BFSI,655619.0,Data Analyst,Campus Drive
OUT0003736,STU019229,2025-02-10,Actively Searching,,,,
OUT0003737,STU019250,2024-08-28,Placed,Core Engineering,517930.0,UI/UX Designer,Campus Drive
OUT0003738,STU019263,2024-12-06,Not Placed,,,,
OUT0003739,STU019275,2025-09-06,Actively Searching,,,,
OUT0003740,STU019282,2024-08-05,Placed,SME/Local Business,350473.0,Associate Consultant,Platform Job Board
OUT0003741,STU019285,2025-05-07,Actively Searching,,,,
OUT0003742,STU019290,2025-10-13,Actively Searching,,,,
OUT0003743,STU019293,2025-03-26,Actively Searching,,,,
OUT0003744,STU019294,2024-10-14,Placed,Startup,364513.0,Business Analyst,Direct Company Tie-up
OUT0003745,STU019296,2025-01-31,Placed,Product Company,698807.0,Support Engineer,Campus Drive
OUT0003746,STU019309,2024-06-04,Placed,MNC/IT Services,858573.0,Trainee Engineer,Direct Company Tie-up
OUT0003747,STU019311,2025-11-28,Not Placed,,,,
OUT0003748,STU019313,2024-12-17,Actively Searching,,,,
OUT0003749,STU019316,2025-05-22,Placed,Startup,509271.0,Operations Executive,Direct Company Tie-up
OUT0003750,STU019319,2025-10-02,Placed,MNC/IT Services,765019.0,Support Engineer,Direct Company Tie-up
OUT0003751,STU019322,2024-09-18,Placed,BFSI,448770.0,Associate Consultant,Campus Drive
OUT0003752,STU019323,2025-06-21,Placed,Product Company,880295.0,Support Engineer,Direct Company Tie-up
OUT0003753,STU019328,2025-06-23,Placed,MNC/IT Services,370276.0,UI/UX Designer,Direct Company Tie-up
OUT0003754,STU019329,2024-05-10,Placed,Startup,435741.0,Support Engineer,Campus Drive
OUT0003755,STU019335,2025-05-15,Placed,BFSI,472530.0,Software Engineer,Referral
OUT0003756,STU019352,2024-09-06,Actively Searching,,,,
OUT0003757,STU019363,2025-11-23,Not Placed,,,,
OUT0003758,STU019370,2025-06-05,Placed,Product Company,1341696.0,Digital Marketing Executive,Campus Drive
OUT0003759,STU019371,2025-12-02,Actively Searching,,,,
OUT0003760,STU019374,2024-04-15,Placed,SME/Local Business,370972.0,Trainee Engineer,Platform Job Board
OUT0003761,STU019376,2024-10-03,Placed,MNC/IT Services,764072.0,Support Engineer,Platform Job Board
OUT0003762,STU019383,2025-06-20,Actively Searching,,,,
OUT0003763,STU019386,2025-06-05,Actively Searching,,,,
OUT0003764,STU019387,2025-11-13,Placed,SME/Local Business,260918.0,Digital Marketing Executive,Platform Job Board
OUT0003765,STU019390,2025-05-30,Actively Searching,,,,
OUT0003766,STU019392,2025-09-07,Placed,Product Company,997357.0,Operations Executive,Platform Job Board
OUT0003767,STU019396,2025-02-21,Placed,MNC/IT Services,635475.0,Associate Consultant,Platform Job Board
OUT0003768,STU019408,2025-12-31,Actively Searching,,,,
OUT0003769,STU019409,2025-12-15,Placed,MNC/IT Services,525774.0,Support Engineer,Campus Drive
OUT0003770,STU019412,2025-04-27,Not Placed,,,,
OUT0003771,STU019416,2025-07-11,Placed,SME/Local Business,323697.0,UI/UX Designer,Platform Job Board
OUT0003772,STU019420,2025-07-19,Placed,Core Engineering,411322.0,Data Analyst,Campus Drive
OUT0003773,STU019422,2024-11-02,Placed,SME/Local Business,259204.0,Business Analyst,Campus Drive
OUT0003774,STU019424,2025-03-12,Actively Searching,,,,
OUT0003775,STU019430,2024-04-02,Placed,BFSI,534883.0,Digital Marketing Executive,Direct Company Tie-up
OUT0003776,STU019436,2024-09-02,Placed,SME/Local Business,345068.0,Customer Success Associate,Referral
OUT0003777,STU019444,2025-02-25,Placed,MNC/IT Services,786399.0,Sales Executive,Platform Job Board
OUT0003778,STU019445,2025-09-22,Placed,Startup,490649.0,Sales Executive,Platform Job Board
OUT0003779,STU019458,2024-07-15,Placed,Core Engineering,490548.0,Business Analyst,Campus Drive
OUT0003780,STU019459,2025-07-01,Actively Searching,,,,
OUT0003781,STU019463,2025-08-11,Placed,MNC/IT Services,587514.0,Operations Executive,Referral
OUT0003782,STU019470,2025-01-01,Not Placed,,,,
OUT0003783,STU019471,2025-07-27,Actively Searching,,,,
OUT0003784,STU019472,2025-01-10,Not Placed,,,,
OUT0003785,STU019476,2025-04-22,Not Placed,,,,
OUT0003786,STU019480,2025-11-13,Actively Searching,,,,
OUT0003787,STU019482,2025-10-16,Actively Searching,,,,
OUT0003788,STU019490,2025-05-18,Placed,Product Company,685837.0,Sales Executive,Referral
OUT0003789,STU019496,2024-04-21,Not Placed,,,,
OUT0003790,STU019509,2025-01-02,Placed,SME/Local Business,358674.0,Digital Marketing Executive,Referral
OUT0003791,STU019521,2024-06-26,Placed,MNC/IT Services,805963.0,Digital Marketing Executive,Campus Drive
OUT0003792,STU019523,2024-08-13,Actively Searching,,,,
OUT0003793,STU019530,2025-10-24,Placed,Core Engineering,497653.0,Associate Consultant,Campus Drive
OUT0003794,STU019536,2024-05-25,Placed,MNC/IT Services,588061.0,Trainee Engineer,Referral
OUT0003795,STU019545,2024-08-29,Not Placed,,,,
OUT0003796,STU019547,2024-11-30,Placed,Startup,400395.0,Operations Executive,Campus Drive
OUT0003797,STU019550,2024-09-28,Placed,MNC/IT Services,609405.0,Digital Marketing Executive,Referral
OUT0003798,STU019561,2025-05-08,Placed,BFSI,546781.0,Business Analyst,Direct Company Tie-up
OUT0003799,STU019562,2024-11-23,Actively Searching,,,,
OUT0003800,STU019563,2025-07-07,Not Placed,,,,
OUT0003801,STU019567,2025-03-17,Placed,MNC/IT Services,564005.0,Associate Consultant,Platform Job Board
OUT0003802,STU019572,2024-04-10,Placed,Product Company,722104.0,Support Engineer,Platform Job Board
OUT0003803,STU019573,2025-03-04,Placed,Product Company,976128.0,Software Engineer,Campus Drive
OUT0003804,STU019583,2024-04-23,Placed,MNC/IT Services,800299.0,Trainee Engineer,Direct Company Tie-up
OUT0003805,STU019584,2025-12-31,Actively Searching,,,,
OUT0003806,STU019590,2024-08-29,Actively Searching,,,,
OUT0003807,STU019591,2025-04-07,Actively Searching,,,,
OUT0003808,STU019593,2025-08-22,Not Placed,,,,
OUT0003809,STU019602,2024-12-29,Not Placed,,,,
OUT0003810,STU019603,2024-11-10,Placed,SME/Local Business,227343.0,Operations Executive,Campus Drive
OUT0003811,STU019611,2024-07-09,Placed,MNC/IT Services,654132.0,Support Engineer,Campus Drive
OUT0003812,STU019616,2024-05-09,Not Placed,,,,
OUT0003813,STU019630,2024-06-10,Placed,MNC/IT Services,452420.0,Business Analyst,Referral
OUT0003814,STU019636,2025-12-31,Placed,Startup,307220.0,Data Analyst,Referral
OUT0003815,STU019637,2024-09-25,Placed,BFSI,805809.0,Sales Executive,Direct Company Tie-up
OUT0003816,STU019639,2025-04-20,Placed,SME/Local Business,276888.0,Customer Success Associate,Platform Job Board
OUT0003817,STU019650,2025-11-01,Actively Searching,,,,
OUT0003818,STU019653,2025-10-10,Actively Searching,,,,
OUT0003819,STU019654,2025-10-14,Actively Searching,,,,
OUT0003820,STU019656,2025-03-17,Placed,Startup,476715.0,Business Analyst,Campus Drive
OUT0003821,STU019664,2025-03-21,Not Placed,,,,
OUT0003822,STU019667,2024-08-21,Placed,BFSI,520770.0,Support Engineer,Campus Drive
OUT0003823,STU019671,2025-05-11,Placed,MNC/IT Services,308649.0,Operations Executive,Campus Drive
OUT0003824,STU019677,2025-10-07,Placed,MNC/IT Services,542141.0,UI/UX Designer,Campus Drive
OUT0003825,STU019682,2025-11-21,Placed,MNC/IT Services,454839.0,UI/UX Designer,Platform Job Board
OUT0003826,STU019684,2025-11-18,Placed,MNC/IT Services,548119.0,Associate Consultant,Platform Job Board
OUT0003827,STU019692,2025-07-17,Not Placed,,,,
OUT0003828,STU019701,2025-09-27,Not Placed,,,,
OUT0003829,STU019704,2025-11-14,Actively Searching,,,,
OUT0003830,STU019705,2024-11-16,Actively Searching,,,,
OUT0003831,STU019706,2025-10-15,Actively Searching,,,,
OUT0003832,STU019709,2024-06-05,Placed,Startup,607794.0,Sales Executive,Campus Drive
OUT0003833,STU019721,2025-07-28,Not Placed,,,,
OUT0003834,STU019725,2025-12-09,Placed,MNC/IT Services,410614.0,Data Analyst,Direct Company Tie-up
OUT0003835,STU019729,2025-11-04,Placed,Core Engineering,357093.0,Business Analyst,Platform Job Board
OUT0003836,STU019732,2025-02-03,Actively Searching,,,,
OUT0003837,STU019733,2025-11-27,Placed,Startup,378114.0,Business Analyst,Platform Job Board
OUT0003838,STU019734,2025-04-12,Placed,Product Company,808384.0,Sales Executive,Platform Job Board
OUT0003839,STU019744,2024-11-27,Placed,MNC/IT Services,732787.0,Operations Executive,Referral
OUT0003840,STU019747,2024-04-12,Placed,Startup,413006.0,Operations Executive,Campus Drive
OUT0003841,STU019748,2025-09-25,Not Placed,,,,
OUT0003842,STU019750,2025-05-10,Placed,Core Engineering,301165.0,Software Engineer,Campus Drive
OUT0003843,STU019757,2024-11-05,Actively Searching,,,,
OUT0003844,STU019761,2025-12-18,Placed,MNC/IT Services,711031.0,Support Engineer,Campus Drive
OUT0003845,STU019763,2024-11-15,Placed,Startup,373862.0,Digital Marketing Executive,Platform Job Board
OUT0003846,STU019766,2025-04-22,Not Placed,,,,
OUT0003847,STU019778,2024-11-11,Actively Searching,,,,
OUT0003848,STU019791,2024-11-23,Placed,MNC/IT Services,872962.0,Digital Marketing Executive,Direct Company Tie-up
OUT0003849,STU019794,2025-11-14,Placed,MNC/IT Services,549173.0,Digital Marketing Executive,Campus Drive
OUT0003850,STU019824,2025-01-27,Placed,BFSI,382493.0,Digital Marketing Executive,Platform Job Board
OUT0003851,STU019834,2025-09-19,Actively Searching,,,,
OUT0003852,STU019841,2025-03-08,Placed,SME/Local Business,333803.0,Data Analyst,Direct Company Tie-up
OUT0003853,STU019842,2024-12-17,Placed,SME/Local Business,483170.0,Trainee Engineer,Direct Company Tie-up
OUT0003854,STU019844,2024-08-03,Placed,Startup,604538.0,Software Engineer,Referral
OUT0003855,STU019846,2025-06-19,Placed,MNC/IT Services,516066.0,Support Engineer,Direct Company Tie-up
OUT0003856,STU019851,2024-08-22,Placed,MNC/IT Services,461735.0,UI/UX Designer,Campus Drive
OUT0003857,STU019853,2025-04-20,Placed,Startup,343812.0,Sales Executive,Platform Job Board
OUT0003858,STU019857,2025-01-10,Placed,Startup,516954.0,Trainee Engineer,Campus Drive
OUT0003859,STU019867,2025-12-03,Placed,MNC/IT Services,624204.0,Operations Executive,Platform Job Board
OUT0003860,STU019868,2024-06-15,Placed,MNC/IT Services,712144.0,UI/UX Designer,Platform Job Board
OUT0003861,STU019869,2024-07-12,Not Placed,,,,
OUT0003862,STU019870,2025-09-12,Actively Searching,,,,
OUT0003863,STU019881,2024-09-12,Actively Searching,,,,
OUT0003864,STU019887,2025-04-20,Placed,Startup,517523.0,Business Analyst,Direct Company Tie-up
OUT0003865,STU019889,2025-08-10,Actively Searching,,,,
OUT0003866,STU019892,2025-10-28,Actively Searching,,,,
OUT0003867,STU019895,2024-08-09,Actively Searching,,,,
OUT0003868,STU019901,2025-11-23,Not Placed,,,,
OUT0003869,STU019902,2025-12-31,Placed,BFSI,507779.0,Trainee Engineer,Platform Job Board
OUT0003870,STU019905,2024-12-22,Placed,Product Company,1250531.0,Business Analyst,Referral
OUT0003871,STU019915,2025-05-25,Actively Searching,,,,
OUT0003872,STU019932,2025-11-08,Not Placed,,,,
OUT0003873,STU019940,2025-03-13,Placed,Core Engineering,581128.0,Associate Consultant,Referral
OUT0003874,STU019941,2024-06-04,Actively Searching,,,,
OUT0003875,STU019942,2025-10-26,Actively Searching,,,,
OUT0003876,STU019943,2025-07-20,Placed,MNC/IT Services,615039.0,Data Analyst,Direct Company Tie-up
OUT0003877,STU019950,2025-10-20,Actively Searching,,,,
OUT0003878,STU019968,2025-02-26,Placed,MNC/IT Services,453346.0,Trainee Engineer,Campus Drive
OUT0003879,STU019970,2024-06-22,Actively Searching,,,,
OUT0003880,STU019976,2025-04-22,Actively Searching,,,,
OUT0003881,STU019979,2025-06-22,Placed,MNC/IT Services,712278.0,Operations Executive,Platform Job Board
OUT0003882,STU019992,2024-08-17,Placed,BFSI,561965.0,Associate Consultant,Platform Job Board
OUT0003883,STU019994,2025-07-14,Not Placed,,,,
OUT0003884,STU019998,2025-04-20,Placed,MNC/IT Services,818483.0,Customer Success Associate,Campus Drive
OUT0003885,STU020002,2024-11-20,Placed,Core Engineering,413044.0,Support Engineer,Platform Job Board
OUT0003886,STU020016,2025-11-07,Actively Searching,,,,
OUT0003887,STU020024,2024-10-27,Actively Searching,,,,
OUT0003888,STU020030,2024-11-14,Actively Searching,,,,
OUT0003889,STU020033,2025-03-31,Not Placed,,,,
OUT0003890,STU020034,2025-08-16,Placed,BFSI,507592.0,UI/UX Designer,Campus Drive
OUT0003891,STU020043,2025-05-28,Placed,SME/Local Business,251916.0,Data Analyst,Referral
OUT0003892,STU020044,2025-10-21,Not Placed,,,,
OUT0003893,STU020046,2024-08-19,Placed,Startup,448879.0,Support Engineer,Direct Company Tie-up
OUT0003894,STU020052,2025-11-03,Placed,MNC/IT Services,572188.0,Associate Consultant,Campus Drive
OUT0003895,STU020061,2025-07-09,Actively Searching,,,,
OUT0003896,STU020068,2025-08-30,Placed,Core Engineering,465908.0,Operations Executive,Platform Job Board
OUT0003897,STU020076,2024-04-25,Actively Searching,,,,
OUT0003898,STU020082,2025-06-24,Actively Searching,,,,
OUT0003899,STU020092,2025-03-06,Actively Searching,,,,
OUT0003900,STU020095,2024-12-12,Placed,Startup,492164.0,Sales Executive,Platform Job Board
OUT0003901,STU020097,2024-06-28,Placed,Startup,555830.0,Operations Executive,Direct Company Tie-up
OUT0003902,STU020098,2024-04-13,Not Placed,,,,
OUT0003903,STU020108,2025-08-04,Actively Searching,,,,
OUT0003904,STU020113,2024-09-25,Not Placed,,,,
OUT0003905,STU020117,2024-10-05,Placed,BFSI,737613.0,Software Engineer,Direct Company Tie-up
OUT0003906,STU020119,2025-04-02,Actively Searching,,,,
OUT0003907,STU020120,2025-11-06,Placed,Startup,530395.0,Sales Executive,Campus Drive
OUT0003908,STU020125,2025-12-31,Not Placed,,,,
OUT0003909,STU020134,2025-02-03,Placed,Startup,527303.0,Data Analyst,Direct Company Tie-up
OUT0003910,STU020139,2025-03-22,Placed,Product Company,997778.0,Operations Executive,Platform Job Board
OUT0003911,STU020144,2024-10-24,Actively Searching,,,,
OUT0003912,STU020159,2025-12-31,Placed,BFSI,380404.0,Support Engineer,Direct Company Tie-up
OUT0003913,STU020160,2024-04-12,Actively Searching,,,,
OUT0003914,STU020165,2025-08-05,Placed,Startup,359779.0,Business Analyst,Campus Drive
OUT0003915,STU020166,2025-07-11,Actively Searching,,,,
OUT0003916,STU020169,2024-10-18,Actively Searching,,,,
OUT0003917,STU020172,2025-05-24,Placed,BFSI,519431.0,Sales Executive,Campus Drive
OUT0003918,STU020178,2025-10-19,Actively Searching,,,,
OUT0003919,STU020192,2025-03-20,Placed,Core Engineering,425373.0,Software Engineer,Campus Drive
OUT0003920,STU020194,2025-04-18,Placed,Core Engineering,408323.0,Operations Executive,Platform Job Board
OUT0003921,STU020203,2024-12-24,Not Placed,,,,
OUT0003922,STU020206,2025-05-03,Not Placed,,,,
OUT0003923,STU020217,2024-03-22,Placed,MNC/IT Services,598932.0,Support Engineer,Platform Job Board
OUT0003924,STU020223,2025-08-03,Placed,Core Engineering,546788.0,Associate Consultant,Campus Drive
OUT0003925,STU020225,2025-06-18,Actively Searching,,,,
OUT0003926,STU020226,2025-03-21,Actively Searching,,,,
OUT0003927,STU020230,2024-12-13,Not Placed,,,,
OUT0003928,STU020238,2025-05-22,Placed,Startup,428752.0,Data Analyst,Referral
OUT0003929,STU020241,2025-06-08,Actively Searching,,,,
OUT0003930,STU020244,2025-12-31,Not Placed,,,,
OUT0003931,STU020246,2024-09-17,Placed,MNC/IT Services,506663.0,Associate Consultant,Campus Drive
OUT0003932,STU020260,2024-06-29,Placed,Startup,620045.0,Software Engineer,Platform Job Board
OUT0003933,STU020261,2025-02-07,Placed,SME/Local Business,270091.0,Business Analyst,Direct Company Tie-up
OUT0003934,STU020279,2025-11-10,Placed,Startup,322706.0,Software Engineer,Referral
OUT0003935,STU020300,2025-07-26,Not Placed,,,,
OUT0003936,STU020305,2024-12-09,Placed,SME/Local Business,302391.0,Data Analyst,Campus Drive
OUT0003937,STU020313,2025-09-25,Actively Searching,,,,
OUT0003938,STU020316,2025-12-31,Actively Searching,,,,
OUT0003939,STU020330,2025-01-23,Placed,MNC/IT Services,820877.0,Operations Executive,Platform Job Board
OUT0003940,STU020331,2025-01-28,Actively Searching,,,,
OUT0003941,STU020333,2024-12-05,Not Placed,,,,
OUT0003942,STU020337,2025-03-17,Not Placed,,,,
OUT0003943,STU020348,2025-04-26,Placed,MNC/IT Services,500888.0,Support Engineer,Platform Job Board
OUT0003944,STU020349,2025-02-05,Placed,Core Engineering,515403.0,Associate Consultant,Direct Company Tie-up
OUT0003945,STU020350,2024-05-10,Placed,MNC/IT Services,464898.0,Business Analyst,Direct Company Tie-up
OUT0003946,STU020352,2025-12-13,Actively Searching,,,,
OUT0003947,STU020353,2024-12-17,Not Placed,,,,
OUT0003948,STU020370,2025-06-25,Placed,Startup,522796.0,Sales Executive,Direct Company Tie-up
OUT0003949,STU020373,2024-03-31,Placed,MNC/IT Services,423671.0,Sales Executive,Platform Job Board
OUT0003950,STU020385,2024-05-22,Placed,MNC/IT Services,475626.0,Digital Marketing Executive,Platform Job Board
OUT0003951,STU020391,2025-11-21,Placed,MNC/IT Services,443470.0,Sales Executive,Direct Company Tie-up
OUT0003952,STU020411,2025-10-18,Placed,Core Engineering,460317.0,Support Engineer,Referral
OUT0003953,STU020412,2025-09-22,Actively Searching,,,,
OUT0003954,STU020416,2024-12-21,Placed,Startup,431413.0,UI/UX Designer,Platform Job Board
OUT0003955,STU020419,2025-12-28,Actively Searching,,,,
OUT0003956,STU020420,2025-07-31,Placed,Core Engineering,471772.0,Trainee Engineer,Campus Drive
OUT0003957,STU020421,2024-05-23,Placed,SME/Local Business,501077.0,Business Analyst,Platform Job Board
OUT0003958,STU020428,2025-07-26,Placed,MNC/IT Services,737277.0,Trainee Engineer,Direct Company Tie-up
OUT0003959,STU020429,2025-09-08,Placed,MNC/IT Services,496178.0,Customer Success Associate,Platform Job Board
OUT0003960,STU020432,2025-08-30,Not Placed,,,,
OUT0003961,STU020435,2024-06-21,Placed,Startup,365998.0,Support Engineer,Platform Job Board
OUT0003962,STU020437,2024-05-01,Not Placed,,,,
OUT0003963,STU020438,2025-04-12,Placed,Startup,379326.0,Support Engineer,Platform Job Board
OUT0003964,STU020459,2025-11-09,Placed,MNC/IT Services,516301.0,Support Engineer,Campus Drive
OUT0003965,STU020463,2025-10-11,Placed,MNC/IT Services,434233.0,Customer Success Associate,Referral
OUT0003966,STU020470,2025-08-07,Actively Searching,,,,
OUT0003967,STU020486,2025-09-23,Placed,MNC/IT Services,416282.0,Software Engineer,Campus Drive
OUT0003968,STU020489,2025-09-03,Actively Searching,,,,
OUT0003969,STU020490,2024-09-01,Placed,Startup,485951.0,Trainee Engineer,Referral
OUT0003970,STU020497,2024-06-13,Actively Searching,,,,
OUT0003971,STU020498,2025-05-02,Placed,Startup,253786.0,Operations Executive,Platform Job Board
OUT0003972,STU020501,2024-09-26,Placed,Product Company,1404291.0,Business Analyst,Campus Drive
OUT0003973,STU020503,2024-08-10,Actively Searching,,,,
OUT0003974,STU020504,2025-10-20,Placed,MNC/IT Services,625078.0,Data Analyst,Direct Company Tie-up
OUT0003975,STU020510,2025-08-31,Not Placed,,,,
OUT0003976,STU020511,2025-03-06,Not Placed,,,,
OUT0003977,STU020514,2025-07-30,Placed,BFSI,352686.0,Business Analyst,Referral
OUT0003978,STU020519,2024-11-05,Placed,BFSI,403793.0,Operations Executive,Platform Job Board
OUT0003979,STU020522,2025-11-19,Actively Searching,,,,
OUT0003980,STU020527,2025-10-01,Placed,MNC/IT Services,440899.0,Data Analyst,Direct Company Tie-up
OUT0003981,STU020535,2025-11-23,Placed,SME/Local Business,242859.0,Digital Marketing Executive,Campus Drive
OUT0003982,STU020537,2024-07-13,Placed,BFSI,422938.0,Customer Success Associate,Referral
OUT0003983,STU020539,2025-01-12,Placed,MNC/IT Services,536775.0,Data Analyst,Platform Job Board
OUT0003984,STU020542,2025-12-06,Placed,MNC/IT Services,831745.0,UI/UX Designer,Referral
OUT0003985,STU020544,2025-12-31,Placed,Startup,460310.0,UI/UX Designer,Campus Drive
OUT0003986,STU020550,2024-11-16,Placed,Core Engineering,365721.0,Data Analyst,Campus Drive
OUT0003987,STU020554,2024-11-28,Placed,SME/Local Business,406773.0,Business Analyst,Referral
OUT0003988,STU020556,2025-10-25,Placed,Core Engineering,436798.0,UI/UX Designer,Campus Drive
OUT0003989,STU020557,2024-03-23,Placed,Startup,547455.0,Digital Marketing Executive,Campus Drive
OUT0003990,STU020561,2025-11-12,Not Placed,,,,
OUT0003991,STU020565,2024-05-09,Actively Searching,,,,
OUT0003992,STU020570,2024-08-26,Placed,Core Engineering,427382.0,Digital Marketing Executive,Direct Company Tie-up
OUT0003993,STU020574,2024-12-05,Not Placed,,,,
OUT0003994,STU020575,2025-12-05,Placed,Core Engineering,476070.0,Sales Executive,Campus Drive
OUT0003995,STU020577,2024-08-27,Placed,Product Company,1092983.0,Sales Executive,Platform Job Board
OUT0003996,STU020581,2025-10-28,Actively Searching,,,,
OUT0003997,STU020588,2025-09-07,Actively Searching,,,,
OUT0003998,STU020593,2024-08-17,Placed,BFSI,433805.0,Support Engineer,Campus Drive
OUT0003999,STU020597,2024-11-03,Actively Searching,,,,
OUT0004000,STU020600,2024-09-02,Placed,MNC/IT Services,563465.0,Operations Executive,Platform Job Board
OUT0004001,STU020601,2025-10-30,Actively Searching,,,,
OUT0004002,STU020603,2025-11-03,Placed,SME/Local Business,406520.0,Software Engineer,Campus Drive
OUT0004003,STU020609,2025-07-11,Not Placed,,,,
OUT0004004,STU020614,2025-05-31,Not Placed,,,,
OUT0004005,STU020616,2025-12-31,Placed,Product Company,711649.0,Trainee Engineer,Platform Job Board
OUT0004006,STU020618,2025-10-18,Not Placed,,,,
OUT0004007,STU020622,2024-06-09,Not Placed,,,,
OUT0004008,STU020628,2025-01-31,Actively Searching,,,,
OUT0004009,STU020630,2025-11-04,Placed,Product Company,767238.0,Trainee Engineer,Direct Company Tie-up
OUT0004010,STU020632,2024-10-02,Placed,Core Engineering,396202.0,Business Analyst,Direct Company Tie-up
OUT0004011,STU020637,2025-04-06,Placed,Startup,504385.0,Data Analyst,Campus Drive
OUT0004012,STU020639,2024-08-25,Not Placed,,,,
OUT0004013,STU020642,2025-05-25,Placed,Product Company,765740.0,Trainee Engineer,Campus Drive
OUT0004014,STU020649,2025-09-10,Actively Searching,,,,
OUT0004015,STU020652,2025-01-25,Not Placed,,,,
OUT0004016,STU020653,2025-11-02,Placed,Product Company,811342.0,Customer Success Associate,Campus Drive
OUT0004017,STU020658,2024-10-02,Not Placed,,,,
OUT0004018,STU020664,2025-02-07,Placed,SME/Local Business,270999.0,Associate Consultant,Direct Company Tie-up
OUT0004019,STU020674,2024-07-10,Placed,BFSI,481145.0,UI/UX Designer,Campus Drive
OUT0004020,STU020684,2025-08-23,Not Placed,,,,
OUT0004021,STU020687,2025-10-21,Actively Searching,,,,
OUT0004022,STU020690,2025-01-14,Placed,MNC/IT Services,352027.0,Software Engineer,Platform Job Board
OUT0004023,STU020700,2025-07-14,Placed,Startup,535459.0,Operations Executive,Referral
OUT0004024,STU020706,2024-10-13,Placed,Core Engineering,363810.0,Software Engineer,Referral
OUT0004025,STU020720,2025-05-29,Placed,SME/Local Business,199445.0,Operations Executive,Platform Job Board
OUT0004026,STU020726,2025-04-11,Placed,MNC/IT Services,575165.0,Trainee Engineer,Campus Drive
OUT0004027,STU020738,2024-08-29,Not Placed,,,,
OUT0004028,STU020739,2025-04-02,Placed,Startup,310856.0,UI/UX Designer,Direct Company Tie-up
OUT0004029,STU020743,2024-11-14,Placed,MNC/IT Services,528315.0,Operations Executive,Campus Drive
OUT0004030,STU020744,2024-12-10,Not Placed,,,,
OUT0004031,STU020745,2024-06-25,Placed,Product Company,968345.0,Associate Consultant,Platform Job Board
OUT0004032,STU020751,2025-12-31,Actively Searching,,,,
OUT0004033,STU020757,2024-09-11,Placed,MNC/IT Services,487296.0,UI/UX Designer,Campus Drive
OUT0004034,STU020758,2025-12-14,Not Placed,,,,
OUT0004035,STU020760,2025-06-05,Actively Searching,,,,
OUT0004036,STU020770,2025-06-14,Placed,Startup,433667.0,Trainee Engineer,Campus Drive
OUT0004037,STU020771,2025-12-31,Not Placed,,,,
OUT0004038,STU020779,2025-01-10,Actively Searching,,,,
OUT0004039,STU020783,2024-03-16,Actively Searching,,,,
OUT0004040,STU020790,2025-01-01,Actively Searching,,,,
OUT0004041,STU020792,2024-12-27,Placed,Startup,607025.0,Support Engineer,Direct Company Tie-up
OUT0004042,STU020807,2025-09-03,Actively Searching,,,,
OUT0004043,STU020809,2024-11-08,Actively Searching,,,,
OUT0004044,STU020811,2025-10-08,Not Placed,,,,
OUT0004045,STU020814,2025-05-16,Placed,BFSI,697939.0,Business Analyst,Platform Job Board
OUT0004046,STU020826,2025-08-01,Placed,Product Company,1047969.0,Associate Consultant,Campus Drive
OUT0004047,STU020830,2024-10-27,Not Placed,,,,
OUT0004048,STU020831,2024-08-23,Placed,MNC/IT Services,467663.0,Software Engineer,Campus Drive
OUT0004049,STU020838,2025-10-02,Not Placed,,,,
OUT0004050,STU020855,2025-07-08,Placed,SME/Local Business,281795.0,Support Engineer,Direct Company Tie-up
OUT0004051,STU020861,2025-12-04,Not Placed,,,,
OUT0004052,STU020864,2024-12-18,Placed,Product Company,470934.0,Trainee Engineer,Referral
OUT0004053,STU020866,2025-07-19,Actively Searching,,,,
OUT0004054,STU020889,2025-08-11,Actively Searching,,,,
OUT0004055,STU020892,2024-08-16,Actively Searching,,,,
OUT0004056,STU020895,2025-04-05,Not Placed,,,,
OUT0004057,STU020897,2025-01-06,Placed,Product Company,1076516.0,Business Analyst,Platform Job Board
OUT0004058,STU020899,2024-07-29,Placed,Startup,362680.0,Software Engineer,Direct Company Tie-up
OUT0004059,STU020900,2025-03-26,Not Placed,,,,
OUT0004060,STU020917,2025-03-10,Not Placed,,,,
OUT0004061,STU020930,2024-04-22,Not Placed,,,,
OUT0004062,STU020936,2024-05-06,Actively Searching,,,,
OUT0004063,STU020937,2025-12-04,Actively Searching,,,,
OUT0004064,STU020940,2025-10-12,Placed,Product Company,683102.0,Associate Consultant,Referral
OUT0004065,STU020948,2025-10-20,Actively Searching,,,,
OUT0004066,STU020953,2025-10-17,Not Placed,,,,
OUT0004067,STU020956,2024-06-10,Actively Searching,,,,
OUT0004068,STU020959,2025-10-06,Placed,Product Company,584010.0,Data Analyst,Referral
OUT0004069,STU020960,2024-08-02,Placed,Product Company,945989.0,Customer Success Associate,Platform Job Board
OUT0004070,STU020961,2025-08-07,Actively Searching,,,,
OUT0004071,STU020964,2024-10-07,Placed,BFSI,441948.0,Support Engineer,Platform Job Board
OUT0004072,STU020977,2024-07-01,Placed,SME/Local Business,282269.0,Digital Marketing Executive,Campus Drive
OUT0004073,STU020980,2025-04-10,Placed,BFSI,732666.0,Customer Success Associate,Campus Drive
OUT0004074,STU020982,2024-06-26,Placed,Core Engineering,445262.0,Digital Marketing Executive,Referral
OUT0004075,STU020992,2025-05-26,Placed,SME/Local Business,296272.0,Operations Executive,Referral
OUT0004076,STU021015,2025-09-22,Not Placed,,,,
OUT0004077,STU021021,2025-09-23,Actively Searching,,,,
OUT0004078,STU021022,2025-12-25,Not Placed,,,,
OUT0004079,STU021025,2024-08-06,Not Placed,,,,
OUT0004080,STU021026,2024-05-29,Actively Searching,,,,
OUT0004081,STU021029,2025-12-30,Not Placed,,,,
OUT0004082,STU021033,2024-10-28,Placed,Startup,379234.0,Data Analyst,Direct Company Tie-up
OUT0004083,STU021034,2024-03-31,Not Placed,,,,
OUT0004084,STU021035,2024-09-27,Placed,Startup,644003.0,UI/UX Designer,Direct Company Tie-up
OUT0004085,STU021040,2025-11-25,Placed,Startup,360191.0,Support Engineer,Direct Company Tie-up
OUT0004086,STU021052,2024-11-25,Actively Searching,,,,
OUT0004087,STU021058,2024-08-31,Placed,Core Engineering,518407.0,Digital Marketing Executive,Campus Drive
OUT0004088,STU021060,2025-07-15,Placed,BFSI,470918.0,Data Analyst,Platform Job Board
OUT0004089,STU021061,2024-05-14,Placed,MNC/IT Services,410493.0,Software Engineer,Referral
OUT0004090,STU021064,2025-04-27,Actively Searching,,,,
OUT0004091,STU021065,2024-11-30,Placed,BFSI,384397.0,Business Analyst,Campus Drive
OUT0004092,STU021075,2025-03-08,Placed,Product Company,601204.0,Trainee Engineer,Platform Job Board
OUT0004093,STU021078,2025-12-31,Actively Searching,,,,
OUT0004094,STU021083,2025-05-14,Placed,BFSI,378856.0,Operations Executive,Platform Job Board
OUT0004095,STU021089,2024-05-16,Placed,MNC/IT Services,370952.0,Associate Consultant,Referral
OUT0004096,STU021095,2025-11-29,Not Placed,,,,
OUT0004097,STU021098,2025-12-31,Actively Searching,,,,
OUT0004098,STU021099,2024-06-06,Actively Searching,,,,
OUT0004099,STU021100,2025-11-09,Placed,BFSI,510922.0,Customer Success Associate,Platform Job Board
OUT0004100,STU021106,2025-10-06,Placed,BFSI,697238.0,Associate Consultant,Referral
OUT0004101,STU021113,2024-06-14,Actively Searching,,,,
OUT0004102,STU021114,2024-11-10,Placed,BFSI,471308.0,Support Engineer,Campus Drive
OUT0004103,STU021120,2024-09-19,Placed,SME/Local Business,283268.0,Trainee Engineer,Platform Job Board
OUT0004104,STU021126,2025-08-30,Actively Searching,,,,
OUT0004105,STU021132,2024-10-31,Actively Searching,,,,
OUT0004106,STU021140,2025-12-08,Not Placed,,,,
OUT0004107,STU021147,2024-10-17,Not Placed,,,,
OUT0004108,STU021150,2025-05-11,Placed,Startup,432080.0,Associate Consultant,Referral
OUT0004109,STU021156,2024-12-09,Placed,Core Engineering,451546.0,Data Analyst,Direct Company Tie-up
OUT0004110,STU021160,2025-11-23,Not Placed,,,,
OUT0004111,STU021164,2025-04-24,Not Placed,,,,
OUT0004112,STU021165,2024-06-07,Placed,BFSI,464371.0,UI/UX Designer,Platform Job Board
OUT0004113,STU021168,2025-10-28,Actively Searching,,,,
OUT0004114,STU021176,2024-07-23,Placed,Startup,291864.0,UI/UX Designer,Platform Job Board
OUT0004115,STU021184,2024-09-20,Placed,Product Company,710338.0,Software Engineer,Campus Drive
OUT0004116,STU021185,2024-09-19,Placed,MNC/IT Services,635805.0,Sales Executive,Referral
OUT0004117,STU021188,2025-12-31,Placed,Product Company,847813.0,Sales Executive,Referral
OUT0004118,STU021192,2025-09-29,Placed,BFSI,326082.0,Sales Executive,Platform Job Board
OUT0004119,STU021198,2025-09-13,Not Placed,,,,
OUT0004120,STU021200,2025-06-28,Not Placed,,,,
OUT0004121,STU021207,2024-12-29,Placed,BFSI,515851.0,Business Analyst,Platform Job Board
OUT0004122,STU021215,2025-10-30,Placed,MNC/IT Services,576847.0,Trainee Engineer,Platform Job Board
OUT0004123,STU021217,2025-05-23,Actively Searching,,,,
OUT0004124,STU021218,2025-01-14,Placed,Startup,297794.0,Trainee Engineer,Platform Job Board
OUT0004125,STU021224,2024-10-23,Actively Searching,,,,
OUT0004126,STU021226,2025-09-13,Actively Searching,,,,
OUT0004127,STU021231,2025-02-19,Placed,MNC/IT Services,437147.0,Digital Marketing Executive,Platform Job Board
OUT0004128,STU021236,2025-08-10,Actively Searching,,,,
OUT0004129,STU021251,2025-08-14,Actively Searching,,,,
OUT0004130,STU021257,2025-01-12,Actively Searching,,,,
OUT0004131,STU021259,2024-11-20,Actively Searching,,,,
OUT0004132,STU021261,2024-04-29,Actively Searching,,,,
OUT0004133,STU021262,2024-04-06,Actively Searching,,,,
OUT0004134,STU021264,2025-09-26,Placed,Startup,466443.0,Associate Consultant,Campus Drive
OUT0004135,STU021267,2025-12-16,Placed,MNC/IT Services,501665.0,Software Engineer,Referral
OUT0004136,STU021273,2024-04-06,Not Placed,,,,
OUT0004137,STU021276,2025-11-11,Placed,MNC/IT Services,547123.0,Operations Executive,Direct Company Tie-up
OUT0004138,STU021281,2024-09-03,Actively Searching,,,,
OUT0004139,STU021291,2025-08-07,Placed,SME/Local Business,271984.0,Support Engineer,Campus Drive
OUT0004140,STU021299,2024-11-12,Placed,Product Company,771885.0,Sales Executive,Direct Company Tie-up
OUT0004141,STU021300,2025-07-13,Actively Searching,,,,
OUT0004142,STU021302,2025-11-10,Placed,BFSI,360924.0,Associate Consultant,Direct Company Tie-up
OUT0004143,STU021305,2025-07-31,Placed,MNC/IT Services,339520.0,Associate Consultant,Campus Drive
OUT0004144,STU021311,2025-08-27,Placed,MNC/IT Services,380416.0,Associate Consultant,Platform Job Board
OUT0004145,STU021312,2024-08-15,Placed,MNC/IT Services,545981.0,UI/UX Designer,Platform Job Board
OUT0004146,STU021313,2024-05-06,Placed,BFSI,743338.0,Sales Executive,Campus Drive
OUT0004147,STU021314,2025-04-16,Placed,SME/Local Business,252974.0,Support Engineer,Referral
OUT0004148,STU021326,2024-12-12,Placed,Product Company,820910.0,Digital Marketing Executive,Platform Job Board
OUT0004149,STU021330,2024-08-31,Placed,SME/Local Business,368727.0,Operations Executive,Campus Drive
OUT0004150,STU021334,2025-01-02,Placed,MNC/IT Services,629962.0,Digital Marketing Executive,Platform Job Board
OUT0004151,STU021340,2025-11-20,Placed,Product Company,647422.0,Customer Success Associate,Platform Job Board
OUT0004152,STU021345,2025-09-14,Placed,MNC/IT Services,496178.0,Software Engineer,Platform Job Board
OUT0004153,STU021352,2024-07-06,Actively Searching,,,,
OUT0004154,STU021353,2024-10-03,Placed,MNC/IT Services,631578.0,Sales Executive,Direct Company Tie-up
OUT0004155,STU021356,2024-03-04,Placed,MNC/IT Services,725250.0,UI/UX Designer,Campus Drive
OUT0004156,STU021359,2024-09-19,Actively Searching,,,,
OUT0004157,STU021362,2024-11-07,Placed,Startup,454926.0,Customer Success Associate,Campus Drive
OUT0004158,STU021380,2024-12-24,Actively Searching,,,,
OUT0004159,STU021381,2025-11-14,Placed,MNC/IT Services,460859.0,Operations Executive,Campus Drive
OUT0004160,STU021387,2025-06-08,Placed,BFSI,355274.0,Data Analyst,Campus Drive
OUT0004161,STU021394,2024-08-11,Actively Searching,,,,
OUT0004162,STU021400,2024-10-26,Placed,Startup,485860.0,Business Analyst,Direct Company Tie-up
OUT0004163,STU021409,2024-10-14,Placed,Startup,527643.0,Operations Executive,Referral
OUT0004164,STU021414,2025-06-08,Not Placed,,,,
OUT0004165,STU021423,2025-03-04,Placed,MNC/IT Services,522376.0,UI/UX Designer,Direct Company Tie-up
OUT0004166,STU021430,2025-02-23,Not Placed,,,,
OUT0004167,STU021458,2025-08-16,Placed,MNC/IT Services,385010.0,Customer Success Associate,Campus Drive
OUT0004168,STU021462,2024-09-13,Placed,BFSI,568094.0,Associate Consultant,Referral
OUT0004169,STU021468,2025-11-24,Placed,SME/Local Business,295891.0,Data Analyst,Campus Drive
OUT0004170,STU021473,2024-10-04,Placed,Product Company,672762.0,Sales Executive,Platform Job Board
OUT0004171,STU021482,2024-05-11,Not Placed,,,,
OUT0004172,STU021488,2025-09-18,Actively Searching,,,,
OUT0004173,STU021491,2024-12-30,Placed,MNC/IT Services,408365.0,Customer Success Associate,Direct Company Tie-up
OUT0004174,STU021492,2025-07-02,Actively Searching,,,,
OUT0004175,STU021497,2025-11-16,Placed,BFSI,785578.0,Software Engineer,Platform Job Board
OUT0004176,STU021501,2024-09-13,Actively Searching,,,,
OUT0004177,STU021504,2024-08-06,Placed,SME/Local Business,410765.0,Support Engineer,Platform Job Board
OUT0004178,STU021506,2025-12-31,Not Placed,,,,
OUT0004179,STU021513,2024-09-01,Placed,MNC/IT Services,627338.0,Associate Consultant,Campus Drive
OUT0004180,STU021514,2024-04-28,Placed,Startup,348631.0,Digital Marketing Executive,Platform Job Board
OUT0004181,STU021519,2024-06-02,Not Placed,,,,
OUT0004182,STU021528,2025-11-13,Placed,BFSI,520689.0,Associate Consultant,Direct Company Tie-up
OUT0004183,STU021529,2025-04-04,Not Placed,,,,
OUT0004184,STU021531,2025-08-23,Actively Searching,,,,
OUT0004185,STU021533,2025-12-12,Placed,MNC/IT Services,435549.0,Customer Success Associate,Platform Job Board
OUT0004186,STU021538,2024-08-20,Placed,SME/Local Business,265697.0,Associate Consultant,Campus Drive
OUT0004187,STU021554,2024-10-09,Placed,BFSI,413567.0,Trainee Engineer,Platform Job Board
OUT0004188,STU021571,2025-11-12,Placed,MNC/IT Services,435615.0,Software Engineer,Campus Drive
OUT0004189,STU021573,2025-06-13,Placed,MNC/IT Services,567009.0,UI/UX Designer,Campus Drive
OUT0004190,STU021584,2025-07-26,Placed,Product Company,891989.0,Business Analyst,Referral
OUT0004191,STU021587,2024-11-04,Actively Searching,,,,
OUT0004192,STU021591,2025-06-24,Not Placed,,,,
OUT0004193,STU021598,2024-07-10,Actively Searching,,,,
OUT0004194,STU021599,2025-09-01,Placed,Startup,528670.0,Sales Executive,Direct Company Tie-up
OUT0004195,STU021600,2025-04-03,Actively Searching,,,,
OUT0004196,STU021606,2024-09-04,Not Placed,,,,
OUT0004197,STU021612,2025-06-01,Placed,Startup,412021.0,Customer Success Associate,Referral
OUT0004198,STU021624,2024-10-19,Actively Searching,,,,
OUT0004199,STU021632,2025-02-27,Placed,Startup,366790.0,Support Engineer,Referral
OUT0004200,STU021638,2025-02-10,Not Placed,,,,
OUT0004201,STU021640,2025-10-19,Actively Searching,,,,
OUT0004202,STU021645,2024-11-08,Actively Searching,,,,
OUT0004203,STU021649,2025-10-11,Actively Searching,,,,
OUT0004204,STU021650,2025-03-30,Not Placed,,,,
OUT0004205,STU021651,2024-07-29,Placed,Startup,586621.0,Sales Executive,Platform Job Board
OUT0004206,STU021660,2024-12-01,Actively Searching,,,,
OUT0004207,STU021661,2025-10-26,Placed,MNC/IT Services,602360.0,Customer Success Associate,Platform Job Board
OUT0004208,STU021662,2024-08-21,Actively Searching,,,,
OUT0004209,STU021668,2024-12-07,Actively Searching,,,,
OUT0004210,STU021672,2025-09-23,Placed,Startup,526290.0,Digital Marketing Executive,Referral
OUT0004211,STU021679,2024-10-22,Placed,MNC/IT Services,514075.0,Software Engineer,Direct Company Tie-up
OUT0004212,STU021682,2024-07-26,Placed,SME/Local Business,271809.0,Business Analyst,Referral
OUT0004213,STU021684,2025-02-10,Placed,SME/Local Business,282248.0,Trainee Engineer,Referral
OUT0004214,STU021686,2025-12-31,Actively Searching,,,,
OUT0004215,STU021687,2024-05-07,Not Placed,,,,
OUT0004216,STU021689,2024-12-30,Placed,Core Engineering,321874.0,Software Engineer,Campus Drive
OUT0004217,STU021690,2025-10-21,Actively Searching,,,,
OUT0004218,STU021694,2024-12-18,Placed,BFSI,500042.0,Operations Executive,Platform Job Board
OUT0004219,STU021697,2025-03-16,Placed,Core Engineering,476825.0,Business Analyst,Platform Job Board
OUT0004220,STU021698,2025-11-26,Placed,SME/Local Business,209726.0,Sales Executive,Platform Job Board
OUT0004221,STU021701,2024-05-26,Placed,Startup,734727.0,Digital Marketing Executive,Platform Job Board
OUT0004222,STU021702,2025-02-12,Placed,Core Engineering,430433.0,Trainee Engineer,Direct Company Tie-up
OUT0004223,STU021705,2024-07-11,Placed,MNC/IT Services,704522.0,Trainee Engineer,Campus Drive
OUT0004224,STU021723,2025-02-07,Placed,BFSI,565129.0,Trainee Engineer,Campus Drive
OUT0004225,STU021737,2024-12-31,Not Placed,,,,
OUT0004226,STU021739,2024-12-29,Not Placed,,,,
OUT0004227,STU021742,2024-11-09,Actively Searching,,,,
OUT0004228,STU021749,2025-09-09,Placed,BFSI,581615.0,Support Engineer,Campus Drive
OUT0004229,STU021754,2024-07-26,Actively Searching,,,,
OUT0004230,STU021777,2025-03-13,Placed,SME/Local Business,504437.0,Business Analyst,Campus Drive
OUT0004231,STU021778,2025-10-10,Placed,SME/Local Business,188271.0,Software Engineer,Referral
OUT0004232,STU021780,2025-09-23,Placed,Product Company,585818.0,Operations Executive,Referral
OUT0004233,STU021784,2025-07-22,Not Placed,,,,
OUT0004234,STU021793,2025-12-27,Placed,MNC/IT Services,369705.0,Software Engineer,Direct Company Tie-up
OUT0004235,STU021798,2024-12-07,Actively Searching,,,,
OUT0004236,STU021801,2025-11-27,Placed,Core Engineering,342726.0,Sales Executive,Campus Drive
OUT0004237,STU021806,2025-10-21,Placed,MNC/IT Services,470216.0,Business Analyst,Platform Job Board
OUT0004238,STU021809,2025-10-12,Placed,Startup,520640.0,Software Engineer,Direct Company Tie-up
OUT0004239,STU021813,2024-06-10,Not Placed,,,,
OUT0004240,STU021817,2025-02-25,Actively Searching,,,,
OUT0004241,STU021819,2024-08-01,Actively Searching,,,,
OUT0004242,STU021824,2024-10-29,Placed,BFSI,535200.0,Software Engineer,Direct Company Tie-up
OUT0004243,STU021826,2024-12-09,Placed,SME/Local Business,267478.0,Business Analyst,Campus Drive
OUT0004244,STU021828,2025-03-06,Actively Searching,,,,
OUT0004245,STU021830,2024-03-20,Placed,Core Engineering,443952.0,Operations Executive,Platform Job Board
OUT0004246,STU021831,2025-04-24,Actively Searching,,,,
OUT0004247,STU021860,2025-06-26,Actively Searching,,,,
OUT0004248,STU021863,2025-06-06,Not Placed,,,,
OUT0004249,STU021876,2024-04-01,Actively Searching,,,,
OUT0004250,STU021881,2025-12-31,Placed,SME/Local Business,262360.0,Operations Executive,Referral
OUT0004251,STU021884,2024-11-07,Placed,Startup,520644.0,Business Analyst,Platform Job Board
OUT0004252,STU021887,2025-05-15,Actively Searching,,,,
OUT0004253,STU021891,2025-01-21,Actively Searching,,,,
OUT0004254,STU021899,2025-12-31,Placed,Startup,601467.0,Data Analyst,Direct Company Tie-up
OUT0004255,STU021909,2024-11-24,Placed,SME/Local Business,287259.0,Data Analyst,Referral
OUT0004256,STU021910,2024-06-09,Actively Searching,,,,
OUT0004257,STU021920,2025-11-26,Placed,MNC/IT Services,663113.0,Associate Consultant,Campus Drive
OUT0004258,STU021926,2025-08-16,Not Placed,,,,
OUT0004259,STU021934,2024-10-07,Placed,MNC/IT Services,749855.0,Associate Consultant,Campus Drive
OUT0004260,STU021952,2025-05-19,Actively Searching,,,,
OUT0004261,STU021957,2025-01-16,Actively Searching,,,,
OUT0004262,STU021965,2024-06-10,Actively Searching,,,,
OUT0004263,STU021968,2024-11-01,Not Placed,,,,
OUT0004264,STU021979,2024-07-09,Actively Searching,,,,
OUT0004265,STU021985,2024-10-24,Actively Searching,,,,
OUT0004266,STU021986,2025-04-23,Placed,Core Engineering,407797.0,Data Analyst,Direct Company Tie-up
OUT0004267,STU021993,2024-06-06,Placed,MNC/IT Services,591157.0,Business Analyst,Direct Company Tie-up
OUT0004268,STU021996,2025-10-02,Not Placed,,,,
